class,value,target,value_num,target_num,residual_pct,note
P,e*mu,mustar^2,53.9913,3.54606e+06,-99.998477,
P,e*mu,P_2me^2,53.9913,1.04448,+5069.207068,
P,e*mu,G^2,53.9913,5.31909e+06,-99.998985,
P,e*mu,tau^2,53.9913,3.15748e+06,-99.998290,
P,e*mu,mustar_plus_tau^2,53.9913,1.33958e+07,-99.999597,
P,e*mu,two_tau^2,53.9913,1.26299e+07,-99.999573,
P,e*mu,mustar_over_2^2,53.9913,886516,-99.993910,
P,e*mu,two_mustar^2,53.9913,1.41843e+07,-99.999619,
P,e*mu,one_point_five_mustar^2,53.9913,7.97864e+06,-99.999323,
P,e*tau,mustar^2,908.009,3.54606e+06,-99.974394,
P,e*tau,P_2me^2,908.009,1.04448,+86834.131548,
P,e*tau,G^2,908.009,5.31909e+06,-99.982929,
P,e*tau,tau^2,908.009,3.15748e+06,-99.971243,
P,e*tau,mustar_plus_tau^2,908.009,1.33958e+07,-99.993222,
P,e*tau,two_tau^2,908.009,1.26299e+07,-99.992811,
P,e*tau,mustar_over_2^2,908.009,886516,-99.897576,
P,e*tau,two_mustar^2,908.009,1.41843e+07,-99.993598,
P,e*tau,one_point_five_mustar^2,908.009,7.97864e+06,-99.988620,
P,e*u,mustar^2,1.12307,3.54606e+06,-99.999968,
P,e*u,P_2me^2,1.12307,1.04448,+7.524683,
P,e*u,G^2,1.12307,5.31909e+06,-99.999979,
P,e*u,tau^2,1.12307,3.15748e+06,-99.999964,
P,e*u,mustar_plus_tau^2,1.12307,1.33958e+07,-99.999992,
P,e*u,two_tau^2,1.12307,1.26299e+07,-99.999991,
P,e*u,mustar_over_2^2,1.12307,886516,-99.999873,
P,e*u,two_mustar^2,1.12307,1.41843e+07,-99.999992,
P,e*u,one_point_five_mustar^2,1.12307,7.97864e+06,-99.999986,
P,e*d,mustar^2,2.44372,3.54606e+06,-99.999931,
P,e*d,P_2me^2,2.44372,1.04448,+133.965745,
P,e*d,G^2,2.44372,5.31909e+06,-99.999954,
P,e*d,tau^2,2.44372,3.15748e+06,-99.999923,
P,e*d,mustar_plus_tau^2,2.44372,1.33958e+07,-99.999982,
P,e*d,two_tau^2,2.44372,1.26299e+07,-99.999981,
P,e*d,mustar_over_2^2,2.44372,886516,-99.999724,
P,e*d,two_mustar^2,2.44372,1.41843e+07,-99.999983,
P,e*d,one_point_five_mustar^2,2.44372,7.97864e+06,-99.999969,
P,e*s,mustar^2,48.3026,3.54606e+06,-99.998638,
P,e*s,P_2me^2,48.3026,1.04448,+4524.556952,
P,e*s,G^2,48.3026,5.31909e+06,-99.999092,
P,e*s,tau^2,48.3026,3.15748e+06,-99.998470,
P,e*s,mustar_plus_tau^2,48.3026,1.33958e+07,-99.999639,
P,e*s,two_tau^2,48.3026,1.26299e+07,-99.999618,
P,e*s,mustar_over_2^2,48.3026,886516,-99.994551,
P,e*s,two_mustar^2,48.3026,1.41843e+07,-99.999659,
P,e*s,one_point_five_mustar^2,48.3026,7.97864e+06,-99.999395,
P,e*c,mustar^2,650.451,3.54606e+06,-99.981657,
P,e*c,P_2me^2,650.451,1.04448,+62175.078955,
P,e*c,G^2,650.451,5.31909e+06,-99.987771,
P,e*c,tau^2,650.451,3.15748e+06,-99.979400,
P,e*c,mustar_plus_tau^2,650.451,1.33958e+07,-99.995144,
P,e*c,two_tau^2,650.451,1.26299e+07,-99.994850,
P,e*c,mustar_over_2^2,650.451,886516,-99.926628,
P,e*c,two_mustar^2,650.451,1.41843e+07,-99.995414,
P,e*c,one_point_five_mustar^2,650.451,7.97864e+06,-99.991848,
P,e*b,mustar^2,2139.04,3.54606e+06,-99.939678,
P,e*b,P_2me^2,2139.04,1.04448,+204694.941083,
P,e*b,G^2,2139.04,5.31909e+06,-99.959786,
P,e*b,tau^2,2139.04,3.15748e+06,-99.932255,
P,e*b,mustar_plus_tau^2,2139.04,1.33958e+07,-99.984032,
P,e*b,two_tau^2,2139.04,1.26299e+07,-99.983064,
P,e*b,mustar_over_2^2,2139.04,886516,-99.758714,
P,e*b,two_mustar^2,2139.04,1.41843e+07,-99.984920,
P,e*b,one_point_five_mustar^2,2139.04,7.97864e+06,-99.973190,
P,e*t,mustar^2,88198.4,3.54606e+06,-97.512779,
P,e*t,P_2me^2,88198.4,1.04448,+8444144.345656,
P,e*t,G^2,88198.4,5.31909e+06,-98.341853,
P,e*t,tau^2,88198.4,3.15748e+06,-97.206683,
P,e*t,mustar_plus_tau^2,88198.4,1.33958e+07,-99.341597,
P,e*t,two_tau^2,88198.4,1.26299e+07,-99.301671,
P,e*t,mustar_over_2^2,88198.4,886516,-90.051117,
P,e*t,two_mustar^2,88198.4,1.41843e+07,-99.378195,
P,e*t,one_point_five_mustar^2,88198.4,7.97864e+06,-98.894569,
P,mu*tau,mustar^2,187748,3.54606e+06,-94.705466,
P,mu*tau,P_2me^2,187748,1.04448,+17975121.088861,
P,mu*tau,G^2,187748,5.31909e+06,-96.470310,
P,mu*tau,tau^2,187748,3.15748e+06,-94.053881,
P,mu*tau,mustar_plus_tau^2,187748,1.33958e+07,-98.598461,
P,mu*tau,two_tau^2,187748,1.26299e+07,-98.513470,
P,mu*tau,mustar_over_2^2,187748,886516,-78.821863,
P,mu*tau,two_mustar^2,187748,1.41843e+07,-98.676366,
P,mu*tau,one_point_five_mustar^2,187748,7.97864e+06,-97.646874,
P,mu*u,mustar^2,232.216,3.54606e+06,-99.993451,
P,mu*u,P_2me^2,232.216,1.04448,+22132.693977,
P,mu*u,G^2,232.216,5.31909e+06,-99.995634,
P,mu*u,tau^2,232.216,3.15748e+06,-99.992646,
P,mu*u,mustar_plus_tau^2,232.216,1.33958e+07,-99.998267,
P,mu*u,two_tau^2,232.216,1.26299e+07,-99.998161,
P,mu*u,mustar_over_2^2,232.216,886516,-99.973806,
P,mu*u,two_mustar^2,232.216,1.41843e+07,-99.998363,
P,mu*u,one_point_five_mustar^2,232.216,7.97864e+06,-99.997090,
P,mu*d,mustar^2,505.285,3.54606e+06,-99.985751,
P,mu*d,P_2me^2,505.285,1.04448,+48276.695228,
P,mu*d,G^2,505.285,5.31909e+06,-99.990501,
P,mu*d,tau^2,505.285,3.15748e+06,-99.983997,
P,mu*d,mustar_plus_tau^2,505.285,1.33958e+07,-99.996228,
P,mu*d,two_tau^2,505.285,1.26299e+07,-99.995999,
P,mu*d,mustar_over_2^2,505.285,886516,-99.943003,
P,mu*d,two_mustar^2,505.285,1.41843e+07,-99.996438,
P,mu*d,one_point_five_mustar^2,505.285,7.97864e+06,-99.993667,
P,mu*s,mustar^2,9987.44,3.54606e+06,-99.718351,
P,mu*s,P_2me^2,9987.44,1.04448,+956111.699302,
P,mu*s,G^2,9987.44,5.31909e+06,-99.812234,
P,mu*s,tau^2,9987.44,3.15748e+06,-99.683690,
P,mu*s,mustar_plus_tau^2,9987.44,1.33958e+07,-99.925444,
P,mu*s,two_tau^2,9987.44,1.26299e+07,-99.920922,
P,mu*s,mustar_over_2^2,9987.44,886516,-98.873406,
P,mu*s,two_mustar^2,9987.44,1.41843e+07,-99.929588,
P,mu*s,one_point_five_mustar^2,9987.44,7.97864e+06,-99.874823,
P,mu*c,mustar^2,134493,3.54606e+06,-96.207272,
P,mu*c,P_2me^2,134493,1.04448,+12876411.131002,
P,mu*c,G^2,134493,5.31909e+06,-97.471514,
P,mu*c,tau^2,134493,3.15748e+06,-95.740510,
P,mu*c,mustar_plus_tau^2,134493,1.33958e+07,-98.996011,
P,mu*c,two_tau^2,134493,1.26299e+07,-98.935128,
P,mu*c,mustar_over_2^2,134493,886516,-84.829087,
P,mu*c,two_mustar^2,134493,1.41843e+07,-99.051818,
P,mu*c,one_point_five_mustar^2,134493,7.97864e+06,-98.314343,
P,mu*b,mustar^2,442286,3.54606e+06,-87.527409,
P,mu*b,P_2me^2,442286,1.04448,+42344998.275100,
P,mu*b,G^2,442286,5.31909e+06,-91.684939,
P,mu*b,tau^2,442286,3.15748e+06,-85.992439,
P,mu*b,mustar_plus_tau^2,442286,1.33958e+07,-96.698327,
P,mu*b,two_tau^2,442286,1.26299e+07,-96.498110,
P,mu*b,mustar_over_2^2,442286,886516,-50.109637,
P,mu*b,two_mustar^2,442286,1.41843e+07,-96.881852,
P,mu*b,one_point_five_mustar^2,442286,7.97864e+06,-94.456626,
P,mu*t,mustar^2,1.82366e+07,3.54606e+06,+414.278351,
P,mu*t,P_2me^2,1.82366e+07,1.04448,+1746001802.121902,
P,mu*t,G^2,1.82366e+07,5.31909e+06,+242.852234,
P,mu*t,tau^2,1.82366e+07,3.15748e+06,+477.569274,
P,mu*t,mustar_plus_tau^2,1.82366e+07,1.33958e+07,+36.136813,
P,mu*t,two_tau^2,1.82366e+07,1.26299e+07,+44.392318,
P,mu*t,mustar_over_2^2,1.82366e+07,886516,+1957.113402,
P,mu*t,two_mustar^2,1.82366e+07,1.41843e+07,+28.569588,
P,mu*t,one_point_five_mustar^2,1.82366e+07,7.97864e+06,+128.568156,
P,tau*u,mustar^2,3905.34,3.54606e+06,-99.889868,
P,tau*u,P_2me^2,3905.34,1.04448,+373802.596194,
P,tau*u,G^2,3905.34,5.31909e+06,-99.926579,
P,tau*u,tau^2,3905.34,3.15748e+06,-99.876315,
P,tau*u,mustar_plus_tau^2,3905.34,1.33958e+07,-99.970847,
P,tau*u,two_tau^2,3905.34,1.26299e+07,-99.969079,
P,tau*u,mustar_over_2^2,3905.34,886516,-99.559474,
P,tau*u,two_mustar^2,3905.34,1.41843e+07,-99.972467,
P,tau*u,one_point_five_mustar^2,3905.34,7.97864e+06,-99.951053,
P,tau*d,mustar^2,8497.72,3.54606e+06,-99.760362,
P,tau*d,P_2me^2,8497.72,1.04448,+813484.352830,
P,tau*d,G^2,8497.72,5.31909e+06,-99.840241,
P,tau*d,tau^2,8497.72,3.15748e+06,-99.730870,
P,tau*d,mustar_plus_tau^2,8497.72,1.33958e+07,-99.936564,
P,tau*d,two_tau^2,8497.72,1.26299e+07,-99.932718,
P,tau*d,mustar_over_2^2,8497.72,886516,-99.041447,
P,tau*d,two_mustar^2,8497.72,1.41843e+07,-99.940090,
P,tau*d,one_point_five_mustar^2,8497.72,7.97864e+06,-99.893494,
P,tau*s,mustar^2,167966,3.54606e+06,-95.263321,
P,tau*s,P_2me^2,167966,1.04448,+16081173.697422,
P,tau*s,G^2,167966,5.31909e+06,-96.842214,
P,tau*s,tau^2,167966,3.15748e+06,-94.680390,
P,tau*s,mustar_plus_tau^2,167966,1.33958e+07,-98.746133,
P,tau*s,two_tau^2,167966,1.26299e+07,-98.670097,
P,tau*s,mustar_over_2^2,167966,886516,-81.053283,
P,tau*s,two_mustar^2,167966,1.41843e+07,-98.815830,
P,tau*s,one_point_five_mustar^2,167966,7.97864e+06,-97.894809,
P,tau*c,mustar^2,2.26185e+06,3.54606e+06,-36.215063,
P,tau*c,P_2me^2,2.26185e+06,1.04448,+216553096.239626,
P,tau*c,G^2,2.26185e+06,5.31909e+06,-57.476709,
P,tau*c,tau^2,2.26185e+06,3.15748e+06,-28.365214,
P,tau*c,mustar_plus_tau^2,2.26185e+06,1.33958e+07,-83.115218,
P,tau*c,two_tau^2,2.26185e+06,1.26299e+07,-82.091304,
P,tau*c,mustar_over_2^2,2.26185e+06,886516,+155.139746,
P,tau*c,two_mustar^2,2.26185e+06,1.41843e+07,-84.053766,
P,tau*c,one_point_five_mustar^2,2.26185e+06,7.97864e+06,-71.651139,
P,tau*b,mustar^2,7.43823e+06,3.54606e+06,+109.760189,
P,tau*b,P_2me^2,7.43823e+06,1.04448,+712146713.935954,
P,tau*b,G^2,7.43823e+06,5.31909e+06,+39.840126,
P,tau*b,tau^2,7.43823e+06,3.15748e+06,+135.574840,
P,tau*b,mustar_plus_tau^2,7.43823e+06,1.33958e+07,-44.473487,
P,tau*b,two_tau^2,7.43823e+06,1.26299e+07,-41.106290,
P,tau*b,mustar_over_2^2,7.43823e+06,886516,+739.040756,
P,tau*b,two_mustar^2,7.43823e+06,1.41843e+07,-47.559953,
P,tau*b,one_point_five_mustar^2,7.43823e+06,7.97864e+06,-6.773249,
P,tau*t,mustar^2,3.06698e+08,3.54606e+06,+8548.974822,
P,tau*t,P_2me^2,3.06698e+08,1.04448,+29363721850.632023,
P,tau*t,G^2,3.06698e+08,5.31909e+06,+5665.983214,
P,tau*t,tau^2,3.06698e+08,3.15748e+06,+9613.382069,
P,tau*t,mustar_plus_tau^2,3.06698e+08,1.33958e+07,+2189.506965,
P,tau*t,two_tau^2,3.06698e+08,1.26299e+07,+2328.345517,
P,tau*t,mustar_over_2^2,3.06698e+08,886516,+34495.899286,
P,tau*t,two_mustar^2,3.06698e+08,1.41843e+07,+2062.243705,
P,tau*t,one_point_five_mustar^2,3.06698e+08,7.97864e+06,+3743.988810,
P,u*d,mustar^2,10.5104,3.54606e+06,-99.999704,
P,u*d,P_2me^2,10.5104,1.04448,+906.283698,
P,u*d,G^2,10.5104,5.31909e+06,-99.999802,
P,u*d,tau^2,10.5104,3.15748e+06,-99.999667,
P,u*d,mustar_plus_tau^2,10.5104,1.33958e+07,-99.999922,
P,u*d,two_tau^2,10.5104,1.26299e+07,-99.999917,
P,u*d,mustar_over_2^2,10.5104,886516,-99.998814,
P,u*d,two_mustar^2,10.5104,1.41843e+07,-99.999926,
P,u*d,one_point_five_mustar^2,10.5104,7.97864e+06,-99.999868,
P,u*s,mustar^2,207.749,3.54606e+06,-99.994141,
P,u*s,P_2me^2,207.749,1.04448,+19790.160745,
P,u*s,G^2,207.749,5.31909e+06,-99.996094,
P,u*s,tau^2,207.749,3.15748e+06,-99.993420,
P,u*s,mustar_plus_tau^2,207.749,1.33958e+07,-99.998449,
P,u*s,two_tau^2,207.749,1.26299e+07,-99.998355,
P,u*s,mustar_over_2^2,207.749,886516,-99.976566,
P,u*s,two_mustar^2,207.749,1.41843e+07,-99.998535,
P,u*s,one_point_five_mustar^2,207.749,7.97864e+06,-99.997396,
P,u*c,mustar^2,2797.58,3.54606e+06,-99.921107,
P,u*c,P_2me^2,2797.58,1.04448,+267744.324028,
P,u*c,G^2,2797.58,5.31909e+06,-99.947405,
P,u*c,tau^2,2797.58,3.15748e+06,-99.911398,
P,u*c,mustar_plus_tau^2,2797.58,1.33958e+07,-99.979116,
P,u*c,two_tau^2,2797.58,1.26299e+07,-99.977850,
P,u*c,mustar_over_2^2,2797.58,886516,-99.684430,
P,u*c,two_mustar^2,2797.58,1.41843e+07,-99.980277,
P,u*c,one_point_five_mustar^2,2797.58,7.97864e+06,-99.964937,
P,u*b,mustar^2,9199.99,3.54606e+06,-99.740558,
P,u*b,P_2me^2,9199.99,1.04448,+880720.441812,
P,u*b,G^2,9199.99,5.31909e+06,-99.827038,
P,u*b,tau^2,9199.99,3.15748e+06,-99.708629,
P,u*b,mustar_plus_tau^2,9199.99,1.33958e+07,-99.931322,
P,u*b,two_tau^2,9199.99,1.26299e+07,-99.927157,
P,u*b,mustar_over_2^2,9199.99,886516,-98.962230,
P,u*b,two_mustar^2,9199.99,1.41843e+07,-99.935139,
P,u*b,one_point_five_mustar^2,9199.99,7.97864e+06,-99.884692,
P,u*t,mustar^2,379340,3.54606e+06,-89.302495,
P,u*t,P_2me^2,379340,1.04448,+36318487.734519,
P,u*t,G^2,379340,5.31909e+06,-92.868330,
P,u*t,tau^2,379340,3.15748e+06,-87.985981,
P,u*t,mustar_plus_tau^2,379340,1.33958e+07,-97.168218,
P,u*t,two_tau^2,379340,1.26299e+07,-96.996495,
P,u*t,mustar_over_2^2,379340,886516,-57.209982,
P,u*t,two_mustar^2,379340,1.41843e+07,-97.325624,
P,u*t,one_point_five_mustar^2,379340,7.97864e+06,-95.245554,
P,d*s,mustar^2,452.046,3.54606e+06,-99.987252,
P,d*s,P_2me^2,452.046,1.04448,+43179.516435,
P,d*s,G^2,452.046,5.31909e+06,-99.991501,
P,d*s,tau^2,452.046,3.15748e+06,-99.985683,
P,d*s,mustar_plus_tau^2,452.046,1.33958e+07,-99.996625,
P,d*s,two_tau^2,452.046,1.26299e+07,-99.996421,
P,d*s,mustar_over_2^2,452.046,886516,-99.949009,
P,d*s,two_mustar^2,452.046,1.41843e+07,-99.996813,
P,d*s,one_point_five_mustar^2,452.046,7.97864e+06,-99.994334,
P,d*c,mustar^2,6087.33,3.54606e+06,-99.828336,
P,d*c,P_2me^2,6087.33,1.04448,+582709.408765,
P,d*c,G^2,6087.33,5.31909e+06,-99.885557,
P,d*c,tau^2,6087.33,3.15748e+06,-99.807209,
P,d*c,mustar_plus_tau^2,6087.33,1.33958e+07,-99.954558,
P,d*c,two_tau^2,6087.33,1.26299e+07,-99.951802,
P,d*c,mustar_over_2^2,6087.33,886516,-99.313343,
P,d*c,two_mustar^2,6087.33,1.41843e+07,-99.957084,
P,d*c,one_point_five_mustar^2,6087.33,7.97864e+06,-99.923705,
P,d*b,mustar^2,20018.5,3.54606e+06,-99.435473,
P,d*b,P_2me^2,20018.5,1.04448,+1916500.035424,
P,d*b,G^2,20018.5,5.31909e+06,-99.623648,
P,d*b,tau^2,20018.5,3.15748e+06,-99.365998,
P,d*b,mustar_plus_tau^2,20018.5,1.33958e+07,-99.850562,
P,d*b,two_tau^2,20018.5,1.26299e+07,-99.841499,
P,d*b,mustar_over_2^2,20018.5,886516,-97.741890,
P,d*b,two_mustar^2,20018.5,1.41843e+07,-99.858868,
P,d*b,one_point_five_mustar^2,20018.5,7.97864e+06,-99.749099,
P,d*t,mustar^2,825416,3.54606e+06,-76.723022,
P,d*t,P_2me^2,825416,1.04448,+79026456.644556,
P,d*t,G^2,825416,5.31909e+06,-84.482015,
P,d*t,tau^2,825416,3.15748e+06,-73.858384,
P,d*t,mustar_plus_tau^2,825416,1.33958e+07,-93.838252,
P,d*t,two_tau^2,825416,1.26299e+07,-93.464596,
P,d*t,mustar_over_2^2,825416,886516,-6.892090,
P,d*t,two_mustar^2,825416,1.41843e+07,-94.180756,
P,d*t,one_point_five_mustar^2,825416,7.97864e+06,-89.654677,
P,s*c,mustar^2,120322,3.54606e+06,-96.606890,
P,s*c,P_2me^2,120322,1.04448,+11519685.973250,
P,s*c,G^2,120322,5.31909e+06,-97.737927,
P,s*c,tau^2,120322,3.15748e+06,-96.189309,
P,s*c,mustar_plus_tau^2,120322,1.33958e+07,-99.101795,
P,s*c,two_tau^2,120322,1.26299e+07,-99.047327,
P,s*c,mustar_over_2^2,120322,886516,-86.427560,
P,s*c,two_mustar^2,120322,1.41843e+07,-99.151722,
P,s*c,one_point_five_mustar^2,120322,7.97864e+06,-98.491951,
P,s*b,mustar^2,395685,3.54606e+06,-88.841576,
P,s*b,P_2me^2,395685,1.04448,+37883334.742734,
P,s*b,G^2,395685,5.31909e+06,-92.561050,
P,s*b,tau^2,395685,3.15748e+06,-87.468337,
P,s*b,mustar_plus_tau^2,395685,1.33958e+07,-97.046206,
P,s*b,two_tau^2,395685,1.26299e+07,-96.867084,
P,s*b,mustar_over_2^2,395685,886516,-55.366302,
P,s*b,two_mustar^2,395685,1.41843e+07,-97.210394,
P,s*b,one_point_five_mustar^2,395685,7.97864e+06,-95.040700,
P,s*t,mustar^2,1.63151e+07,3.54606e+06,+360.091749,
P,s*t,P_2me^2,1.63151e+07,1.04448,+1562035455.804086,
P,s*t,G^2,1.63151e+07,5.31909e+06,+206.727833,
P,s*t,tau^2,1.63151e+07,3.15748e+06,+416.714066,
P,s*t,mustar_plus_tau^2,1.63151e+07,1.33958e+07,+21.792847,
P,s*t,two_tau^2,1.63151e+07,1.26299e+07,+29.178516,
P,s*t,mustar_over_2^2,1.63151e+07,886516,+1740.366996,
P,s*t,two_mustar^2,1.63151e+07,1.41843e+07,+15.022937,
P,s*t,one_point_five_mustar^2,1.63151e+07,7.97864e+06,+104.485222,
P,c*b,mustar^2,5.32836e+06,3.54606e+06,+50.261262,
P,c*b,P_2me^2,5.32836e+06,1.04448,+510144745.018698,
P,c*b,G^2,5.32836e+06,5.31909e+06,+0.174175,declared relation
P,c*b,tau^2,5.32836e+06,3.15748e+06,+68.753532,
P,c*b,mustar_plus_tau^2,5.32836e+06,1.33958e+07,-60.223701,
P,c*b,two_tau^2,5.32836e+06,1.26299e+07,-57.811617,
P,c*b,mustar_over_2^2,5.32836e+06,886516,+501.045048,
P,c*b,two_mustar^2,5.32836e+06,1.41843e+07,-62.434684,
P,c*b,one_point_five_mustar^2,5.32836e+06,7.97864e+06,-33.217217,
P,c*t,mustar^2,2.19703e+08,3.54606e+06,+6095.674591,
P,c*t,P_2me^2,2.19703e+08,1.04448,+21034639233.546909,
P,c*t,G^2,2.19703e+08,5.31909e+06,+4030.449727,
P,c*t,tau^2,2.19703e+08,3.15748e+06,+6858.160443,
P,c*t,mustar_plus_tau^2,2.19703e+08,1.33958e+07,+1540.083411,
P,c*t,two_tau^2,2.19703e+08,1.26299e+07,+1639.540111,
P,c*t,mustar_over_2^2,2.19703e+08,886516,+24682.698363,
P,c*t,two_mustar^2,2.19703e+08,1.41843e+07,+1448.918648,
P,c*t,one_point_five_mustar^2,2.19703e+08,7.97864e+06,+2653.633151,
P,b*t,mustar^2,7.22504e+08,3.54606e+06,+20274.808576,
P,b*t,P_2me^2,7.22504e+08,1.04448,+69173540830.338089,
P,b*t,G^2,7.22504e+08,5.31909e+06,+13483.205717,
P,b*t,tau^2,7.22504e+08,3.15748e+06,+22782.284244,
P,b*t,mustar_plus_tau^2,7.22504e+08,1.33958e+07,+5293.502365,
P,b*t,two_tau^2,7.22504e+08,1.26299e+07,+5620.571061,
P,b*t,mustar_over_2^2,7.22504e+08,886516,+81399.234304,
P,b*t,two_mustar^2,7.22504e+08,1.41843e+07,+4993.702144,
P,b*t,one_point_five_mustar^2,7.22504e+08,7.97864e+06,+8955.470478,
T,tau^2,e*mu,3.15748e+06,53.9913,+5848025.740717,
T,u^2,e*mu,4.83032,53.9913,-91.053516,
T,d^2,e*mu,22.8699,53.9913,-57.641496,
T,s^2,e*mu,8935.12,53.9913,+16449.174157,
T,c^2,e*mu,1.62027e+06,53.9913,+3000890.603020,
T,b^2,e*mu,1.75226e+07,53.9913,+32454369.201002,
T,t^2,e*mu,2.97908e+10,53.9913,+55176944166.388580,
T,mu^2,e*tau,11163.7,908.009,+1129.468851,
T,u^2,e*tau,4.83032,908.009,-99.468031,
T,d^2,e*tau,22.8699,908.009,-97.481313,
T,s^2,e*tau,8935.12,908.009,+884.033618,
T,c^2,e*tau,1.62027e+06,908.009,+178342.477760,
T,b^2,e*tau,1.75226e+07,908.009,+1929681.417103,
T,t^2,e*tau,2.97908e+10,908.009,+3280886764.558906,
T,mu^2,e*u,11163.7,1.12307,+993930.432974,
T,tau^2,e*u,3.15748e+06,1.12307,+281146257.941544,
T,d^2,e*u,22.8699,1.12307,+1936.368518,
T,s^2,e*u,8935.12,1.12307,+795495.075672,
T,c^2,e*u,1.62027e+06,1.12307,+144271349.634118,
T,b^2,e*u,1.75226e+07,1.12307,+1560235814.775074,
T,t^2,e*u,2.97908e+10,1.12307,+2652610017299.516113,
T,mu^2,e*d,11163.7,2.44372,+456731.007494,
T,tau^2,e*d,3.15748e+06,2.44372,+129207587.905050,
T,u^2,e*d,4.83032,2.44372,+97.662395,
T,s^2,e*d,8935.12,2.44372,+365535.183713,
T,c^2,e*d,1.62027e+06,2.44372,+66303374.725467,
T,b^2,e*d,1.75226e+07,2.44372,+717044490.620034,
T,t^2,e*d,2.97908e+10,2.44372,+1219071837683.607422,
T,mu^2,e*s,11163.7,48.3026,+23012.010067,
T,tau^2,e*s,3.15748e+06,48.3026,+6536779.797134,
T,u^2,e*s,4.83032,48.3026,-89.999857,
T,d^2,e*s,22.8699,48.3026,-52.652788,
T,c^2,e*s,1.62027e+06,48.3026,+3354327.677176,
T,b^2,e*s,1.75226e+07,48.3026,+36276644.627709,
T,t^2,e*s,2.97908e+10,48.3026,+61675324308.858490,
T,mu^2,e*c,11163.7,650.451,+1616.301426,
T,tau^2,e*c,3.15748e+06,650.451,+485329.700278,
T,u^2,e*c,4.83032,650.451,-99.257388,
T,d^2,e*c,22.8699,650.451,-96.483989,
T,s^2,e*c,8935.12,650.451,+1273.681245,
T,b^2,e*c,1.75226e+07,650.451,+2693816.641914,
T,t^2,e*c,2.97908e+10,650.451,+4580018987.312952,
T,mu^2,e*b,11163.7,2139.04,+421.901597,
T,tau^2,e*b,3.15748e+06,2139.04,+147511.912442,
T,u^2,e*b,4.83032,2139.04,-99.774183,
T,d^2,e*b,22.8699,2139.04,-98.930834,
T,s^2,e*b,8935.12,2139.04,+317.715924,
T,c^2,e*b,1.62027e+06,2139.04,+75647.680842,
T,t^2,e*b,2.97908e+10,2139.04,+1392715212.049846,
T,mu^2,e*t,11163.7,88198.4,-87.342526,
T,tau^2,e*t,3.15748e+06,88198.4,+3479.973728,
T,u^2,e*t,4.83032,88198.4,-99.994523,
T,d^2,e*t,22.8699,88198.4,-99.974070,
T,s^2,e*t,8935.12,88198.4,-89.869300,
T,c^2,e*t,1.62027e+06,88198.4,+1737.078749,
T,b^2,e*t,1.75226e+07,88198.4,+19767.245038,
T,e^2,mu*tau,0.26112,187748,-99.999861,
T,u^2,mu*tau,4.83032,187748,-99.997427,
T,d^2,mu*tau,22.8699,187748,-99.987819,
T,s^2,mu*tau,8935.12,187748,-95.240887,
T,c^2,mu*tau,1.62027e+06,187748,+763.007012,
T,b^2,mu*tau,1.75226e+07,187748,+9233.063040,
T,t^2,mu*tau,2.97908e+10,187748,+15867357.143728,
T,e^2,mu*u,0.26112,232.216,-99.887553,
T,tau^2,mu*u,3.15748e+06,232.216,+1359617.042956,
T,d^2,mu*u,22.8699,232.216,-90.151446,
T,s^2,mu*u,8935.12,232.216,+3747.761684,
T,c^2,mu*u,1.62027e+06,232.216,+697644.585119,
T,b^2,mu*u,1.75226e+07,232.216,+7545718.412464,
T,t^2,mu*u,2.97908e+10,232.216,+12828901812.096266,
T,e^2,mu*d,0.26112,505.285,-99.948322,
T,tau^2,mu*d,3.15748e+06,505.285,+624791.236763,
T,u^2,mu*d,4.83032,505.285,-99.044039,
T,s^2,mu*d,8935.12,505.285,+1668.333029,
T,c^2,mu*d,1.62027e+06,505.285,+320565.596565,
T,b^2,mu*d,1.75226e+07,505.285,+3467765.483175,
T,t^2,mu*d,2.97908e+10,505.285,+5895835672.367646,
T,e^2,mu*s,0.26112,9987.44,-99.997386,
T,tau^2,mu*s,3.15748e+06,9987.44,+31514.518975,
T,u^2,mu*s,4.83032,9987.44,-99.951636,
T,d^2,mu*s,22.8699,9987.44,-99.771013,
T,c^2,mu*s,1.62027e+06,9987.44,+16123.124907,
T,b^2,mu*s,1.75226e+07,9987.44,+175346.369978,
T,t^2,mu*s,2.97908e+10,9987.44,+298282226.481463,
T,e^2,mu*c,0.26112,134493,-99.999806,
T,tau^2,mu*c,3.15748e+06,134493,+2247.699047,
T,u^2,mu*c,4.83032,134493,-99.996408,
T,d^2,mu*c,22.8699,134493,-99.982995,
T,s^2,mu*c,8935.12,134493,-93.356422,
T,b^2,mu*c,1.75226e+07,134493,+12928.674450,
T,t^2,mu*c,2.97908e+10,134493,+22150391.493758,
T,e^2,mu*b,0.26112,442286,-99.999941,
T,tau^2,mu*b,3.15748e+06,442286,+613.900171,
T,u^2,mu*b,4.83032,442286,-99.998908,
T,d^2,mu*b,22.8699,442286,-99.994829,
T,s^2,mu*b,8935.12,442286,-97.979787,
T,c^2,mu*b,1.62027e+06,442286,+266.340910,
T,t^2,mu*b,2.97908e+10,442286,+6735533.211277,
T,e^2,mu*t,0.26112,1.82366e+07,-99.999999,
T,tau^2,mu*t,3.15748e+06,1.82366e+07,-82.686060,
T,u^2,mu*t,4.83032,1.82366e+07,-99.999974,
T,d^2,mu*t,22.8699,1.82366e+07,-99.999875,
T,s^2,mu*t,8935.12,1.82366e+07,-99.951005,
T,c^2,mu*t,1.62027e+06,1.82366e+07,-91.115278,
T,b^2,mu*t,1.75226e+07,1.82366e+07,-3.915413,
T,e^2,tau*u,0.26112,3905.34,-99.993314,
T,mu^2,tau*u,11163.7,3905.34,+185.857354,
T,d^2,tau*u,22.8699,3905.34,-99.414393,
T,s^2,tau*u,8935.12,3905.34,+128.792495,
T,c^2,tau*u,1.62027e+06,3905.34,+41388.724585,
T,b^2,tau*u,1.75226e+07,3905.34,+448583.355720,
T,t^2,tau*u,2.97908e+10,3905.34,+762821696.852400,
T,e^2,tau*d,0.26112,8497.72,-99.996927,
T,mu^2,tau*d,11163.7,8497.72,+31.372741,
T,u^2,tau*d,4.83032,8497.72,-99.943157,
T,s^2,tau*d,8935.12,8497.72,+5.147189,
T,c^2,tau*d,1.62027e+06,8497.72,+18967.158533,
T,b^2,tau*d,1.75226e+07,8497.72,+206103.414543,
T,t^2,tau*d,2.97908e+10,8497.72,+350573321.532167,
T,e^2,tau*s,0.26112,167966,-99.999845,
T,mu^2,tau*s,11163.7,167966,-93.353586,
T,u^2,tau*s,4.83032,167966,-99.997124,
T,d^2,tau*s,22.8699,167966,-99.986384,
T,c^2,tau*s,1.62027e+06,167966,+864.646341,
T,b^2,tau*s,1.75226e+07,167966,+10332.250251,
T,t^2,tau*s,2.97908e+10,167966,+17736122.617881,
T,e^2,tau*c,0.26112,2.26185e+06,-99.999988,
T,mu^2,tau*c,11163.7,2.26185e+06,-99.506436,
T,u^2,tau*c,4.83032,2.26185e+06,-99.999786,
T,d^2,tau*c,22.8699,2.26185e+06,-99.998989,
T,s^2,tau*c,8935.12,2.26185e+06,-99.604965,
T,b^2,tau*c,1.75226e+07,2.26185e+06,+674.700510,
T,t^2,tau*c,2.97908e+10,2.26185e+06,+1316994.622612,
T,e^2,tau*b,0.26112,7.43823e+06,-99.999996,
T,mu^2,tau*b,11163.7,7.43823e+06,-99.849915,
T,u^2,tau*b,4.83032,7.43823e+06,-99.999935,
T,d^2,tau*b,22.8699,7.43823e+06,-99.999693,
T,s^2,tau*b,8935.12,7.43823e+06,-99.879876,
T,c^2,tau*b,1.62027e+06,7.43823e+06,-78.216933,
T,t^2,tau*b,2.97908e+10,7.43823e+06,+400408.778099,
T,e^2,tau*t,0.26112,3.06698e+08,-100.000000,
T,mu^2,tau*t,11163.7,3.06698e+08,-99.996360,
T,u^2,tau*t,4.83032,3.06698e+08,-99.999998,
T,d^2,tau*t,22.8699,3.06698e+08,-99.999993,
T,s^2,tau*t,8935.12,3.06698e+08,-99.997087,
T,c^2,tau*t,1.62027e+06,3.06698e+08,-99.471704,
T,b^2,tau*t,1.75226e+07,3.06698e+08,-94.286696,
T,e^2,u*d,0.26112,10.5104,-97.515611,
T,mu^2,u*d,11163.7,10.5104,+106115.381505,
T,tau^2,u*d,3.15748e+06,10.5104,+30041301.829357,
T,s^2,u*d,8935.12,10.5104,+84911.918834,
T,c^2,u*d,1.62027e+06,10.5104,+15415773.151249,
T,b^2,u*d,1.75226e+07,10.5104,+166716176.915451,
T,t^2,u*d,2.97908e+10,10.5104,+283439998955.033752,
T,e^2,u*s,0.26112,207.749,-99.874310,
T,mu^2,u*s,11163.7,207.749,+5273.652240,
T,tau^2,u*s,3.15748e+06,207.749,+1519755.636146,
T,d^2,u*s,22.8699,207.749,-88.991548,
T,c^2,u*s,1.62027e+06,207.749,+779820.385478,
T,b^2,u*s,1.75226e+07,207.749,+8434415.624355,
T,t^2,u*s,2.97908e+10,207.749,+14339806095.464569,
T,e^2,u*c,0.26112,2797.58,-99.990666,
T,mu^2,u*c,11163.7,2797.58,+299.048243,
T,tau^2,u*c,3.15748e+06,2797.58,+112764.713566,
T,d^2,u*c,22.8699,2797.58,-99.182511,
T,s^2,u*c,8935.12,2797.58,+219.387422,
T,b^2,u*c,1.75226e+07,2797.58,+626248.429004,
T,t^2,u*c,2.97908e+10,2797.58,+1064876116.105692,
T,e^2,u*b,0.26112,9199.99,-99.997162,
T,mu^2,u*b,11163.7,9199.99,+21.344603,
T,tau^2,u*b,3.15748e+06,9199.99,+34220.471548,
T,d^2,u*b,22.8699,9199.99,-99.751414,
T,s^2,u*b,8935.12,9199.99,-2.879061,
T,c^2,u*b,1.62027e+06,9199.99,+17511.695981,
T,t^2,u*b,2.97908e+10,9199.99,+323812832.508585,
T,e^2,u*t,0.26112,379340,-99.999931,
T,mu^2,u*t,11163.7,379340,-97.057077,
T,tau^2,u*t,3.15748e+06,379340,+732.360915,
T,d^2,u*t,22.8699,379340,-99.993971,
T,s^2,u*t,8935.12,379340,-97.644564,
T,c^2,u*t,1.62027e+06,379340,+327.129544,
T,b^2,u*t,1.75226e+07,379340,+4519.228941,
T,e^2,d*s,0.26112,452.046,-99.942236,
T,mu^2,d*s,11163.7,452.046,+2369.593370,
T,tau^2,d*s,3.15748e+06,452.046,+698386.845548,
T,u^2,d*s,4.83032,452.046,-98.931452,
T,c^2,d*s,1.62027e+06,452.046,+358331.496305,
T,b^2,d*s,1.75226e+07,452.046,+3876188.031619,
T,t^2,d*s,2.97908e+10,452.046,+6590208704.724143,
T,e^2,d*c,0.26112,6087.33,-99.995710,
T,mu^2,d*c,11163.7,6087.33,+83.392384,
T,tau^2,d*c,3.15748e+06,6087.33,+51769.740703,
T,u^2,d*c,4.83032,6087.33,-99.920649,
T,s^2,d*c,8935.12,6087.33,+46.782304,
T,b^2,d*c,1.75226e+07,6087.33,+287753.746095,
T,t^2,d*c,2.97908e+10,6087.33,+489389820.593254,
T,e^2,d*b,0.26112,20018.5,-99.998696,
T,mu^2,d*b,11163.7,20018.5,-44.233119,
T,tau^2,d*b,3.15748e+06,20018.5,+15672.812456,
T,u^2,d*b,4.83032,20018.5,-99.975871,
T,s^2,d*b,8935.12,20018.5,-55.365696,
T,c^2,d*b,1.62027e+06,20018.5,+7993.885813,
T,t^2,d*b,2.97908e+10,20018.5,+148816056.216711,
T,e^2,d*t,0.26112,825416,-99.999968,
T,mu^2,d*t,11163.7,825416,-98.647508,
T,tau^2,d*t,3.15748e+06,825416,+282.531825,
T,u^2,d*t,4.83032,825416,-99.999415,
T,s^2,d*t,8935.12,825416,-98.917502,
T,c^2,d*t,1.62027e+06,825416,+96.297833,
T,b^2,d*t,1.75226e+07,825416,+2022.879684,
T,e^2,s*c,0.26112,120322,-99.999783,
T,mu^2,s*c,11163.7,120322,-90.721806,
T,tau^2,s*c,3.15748e+06,120322,+2524.195708,
T,u^2,s*c,4.83032,120322,-99.995985,
T,d^2,s*c,22.8699,120322,-99.980993,
T,b^2,s*c,1.75226e+07,120322,+14463.106638,
T,t^2,s*c,2.97908e+10,120322,+24759131.720003,
T,e^2,s*b,0.26112,395685,-99.999934,
T,mu^2,s*b,11163.7,395685,-97.178640,
T,tau^2,s*b,3.15748e+06,395685,+697.978671,
T,u^2,s*b,4.83032,395685,-99.998779,
T,d^2,s*b,22.8699,395685,-99.994220,
T,c^2,s*b,1.62027e+06,395685,+309.486150,
T,t^2,s*b,2.97908e+10,395685,+7528812.101384,
T,e^2,s*t,0.26112,1.63151e+07,-99.999998,
T,mu^2,s*t,11163.7,1.63151e+07,-99.931575,
T,tau^2,s*t,3.15748e+06,1.63151e+07,-80.646937,
T,u^2,s*t,4.83032,1.63151e+07,-99.999970,
T,d^2,s*t,22.8699,1.63151e+07,-99.999860,
T,c^2,s*t,1.62027e+06,1.63151e+07,-90.068893,
T,b^2,s*t,1.75226e+07,1.63151e+07,+7.400802,
T,e^2,c*b,0.26112,5.32836e+06,-99.999995,
T,mu^2,c*b,11163.7,5.32836e+06,-99.790485,
T,tau^2,c*b,3.15748e+06,5.32836e+06,-40.741981,
T,u^2,c*b,4.83032,5.32836e+06,-99.999909,
T,d^2,c*b,22.8699,5.32836e+06,-99.999571,
T,s^2,c*b,8935.12,5.32836e+06,-99.832310,
T,t^2,c*b,2.97908e+10,5.32836e+06,+558998.171944,
T,e^2,c*t,0.26112,2.19703e+08,-100.000000,
T,mu^2,c*t,11163.7,2.19703e+08,-99.994919,
T,tau^2,c*t,3.15748e+06,2.19703e+08,-98.562839,
T,u^2,c*t,4.83032,2.19703e+08,-99.999998,
T,d^2,c*t,22.8699,2.19703e+08,-99.999990,
T,s^2,c*t,8935.12,2.19703e+08,-99.995933,
T,b^2,c*t,1.75226e+07,2.19703e+08,-92.024400,
T,e^2,b*t,0.26112,7.22504e+08,-100.000000,
T,mu^2,b*t,11163.7,7.22504e+08,-99.998455,
T,tau^2,b*t,3.15748e+06,7.22504e+08,-99.562981,
T,u^2,b*t,4.83032,7.22504e+08,-99.999999,
T,d^2,b*t,22.8699,7.22504e+08,-99.999997,
T,s^2,b*t,8935.12,7.22504e+08,-99.998763,
T,c^2,b*t,1.62027e+06,7.22504e+08,-99.775742,
A,mustar*e,e^2,962.262,0.26112,+368413.354461,
A,mustar*e,mu^2,962.262,11163.7,-91.380434,
A,mustar*e,tau^2,962.262,3.15748e+06,-99.969524,
A,mustar*e,u^2,962.262,4.83032,+19821.264848,
A,mustar*e,d^2,962.262,22.8699,+4107.544286,
A,mustar*e,s^2,962.262,8935.12,-89.230563,
A,mustar*e,c^2,962.262,1.62027e+06,-99.940611,
A,mustar*e,b^2,962.262,1.75226e+07,-99.994508,
A,mustar*e,t^2,962.262,2.97908e+10,-99.999997,
A,mustar*mu,e^2,198965,0.26112,+76196773.457137,
A,mustar*mu,mu^2,198965,11163.7,+1682.252818,
A,mustar*mu,tau^2,198965,3.15748e+06,-93.698608,
A,mustar*mu,u^2,198965,4.83032,+4118985.721977,
A,mustar*mu,d^2,198965,22.8699,+869886.706404,
A,mustar*mu,s^2,198965,8935.12,+2126.777910,
A,mustar*mu,c^2,198965,1.62027e+06,-87.720276,
A,mustar*mu,b^2,198965,1.75226e+07,-98.864522,
A,mustar*mu,t^2,198965,2.97908e+10,-99.999332,
A,mustar*tau,e^2,3.34614e+06,0.26112,+1281455437.352935,
A,mustar*tau,mu^2,3.34614e+06,11163.7,+29873.378677,
A,mustar*tau,tau^2,3.34614e+06,3.15748e+06,+5.974877,
A,mustar*tau,u^2,3.34614e+06,4.83032,+69273414.355251,
A,mustar*tau,d^2,3.34614e+06,22.8699,+14631068.337522,
A,mustar*tau,s^2,3.34614e+06,8935.12,+37349.264702,
A,mustar*tau,c^2,3.34614e+06,1.62027e+06,+106.516609,
A,mustar*tau,b^2,3.34614e+06,1.75226e+07,-80.903881,
A,mustar*tau,t^2,3.34614e+06,2.97908e+10,-99.988768,
A,mustar*u,e^2,4138.68,0.26112,+1584871.259416,
A,mustar*u,mu^2,4138.68,11163.7,-62.927357,
A,mustar*u,tau^2,4138.68,3.15748e+06,-99.868925,
A,mustar*u,u^2,4138.68,4.83032,+85581.107219,
A,mustar*u,d^2,4138.68,22.8699,+17996.594560,
A,mustar*u,s^2,4138.68,8935.12,-53.680790,
A,mustar*u,c^2,4138.68,1.62027e+06,-99.744569,
A,mustar*u,b^2,4138.68,1.75226e+07,-99.976381,
A,mustar*u,t^2,4138.68,2.97908e+10,-99.999986,
A,mustar*d,e^2,9005.45,0.26112,+3448680.055211,
A,mustar*d,mu^2,9005.45,11163.7,-19.332675,
A,mustar*d,tau^2,9005.45,3.15748e+06,-99.714790,
A,mustar*d,u^2,9005.45,4.83032,+186335.742559,
A,mustar*d,d^2,9005.45,22.8699,+39276.849275,
A,mustar*d,s^2,9005.45,8935.12,+0.787170,declared relation
A,mustar*d,c^2,9005.45,1.62027e+06,-99.444202,
A,mustar*d,b^2,9005.45,1.75226e+07,-99.948607,
A,mustar*d,t^2,9005.45,2.97908e+10,-99.999970,
A,mustar*s,e^2,178001,0.26112,+68168339.814702,
A,mustar*s,mu^2,178001,11163.7,+1494.466917,
A,mustar*s,tau^2,178001,3.15748e+06,-94.362550,
A,mustar*s,u^2,178001,4.83032,+3684980.953986,
A,mustar*s,d^2,178001,22.8699,+778221.127158,
A,mustar*s,s^2,178001,8935.12,+1892.154915,
A,mustar*s,c^2,178001,1.62027e+06,-89.014121,
A,mustar*s,b^2,178001,1.75226e+07,-98.984161,
A,mustar*s,t^2,178001,2.97908e+10,-99.999402,
A,mustar*c,e^2,2.397e+06,0.26112,+917967829.798333,
A,mustar*c,mu^2,2.397e+06,11163.7,+21371.365624,
A,mustar*c,tau^2,2.397e+06,3.15748e+06,-24.085124,
A,mustar*c,u^2,2.397e+06,4.83032,+49623833.651184,
A,mustar*c,d^2,2.397e+06,22.8699,+10480906.104254,
A,mustar*c,s^2,2.397e+06,8935.12,+26726.700567,
A,mustar*c,c^2,2.397e+06,1.62027e+06,+47.937731,
A,mustar*c,b^2,2.397e+06,1.75226e+07,-86.320536,
A,mustar*c,t^2,2.397e+06,2.97908e+10,-99.991954,
A,mustar*b,e^2,7.88265e+06,0.26112,+3018786728.608548,
A,mustar*b,mu^2,7.88265e+06,11163.7,+70509.738787,
A,mustar*b,tau^2,7.88265e+06,3.15748e+06,+149.650146,
A,mustar*b,u^2,7.88265e+06,4.83032,+163190870.432758,
A,mustar*b,d^2,7.88265e+06,22.8699,+34467251.364920,
A,mustar*b,s^2,7.88265e+06,8935.12,+88121.045310,
A,mustar*b,c^2,7.88265e+06,1.62027e+06,+386.501171,
A,mustar*b,b^2,7.88265e+06,1.75226e+07,-55.014348,
A,mustar*b,t^2,7.88265e+06,2.97908e+10,-99.973540,
A,mustar*t,e^2,3.25023e+08,0.26112,+124472672288.398331,
A,mustar*t,mu^2,3.25023e+08,11163.7,+2911328.789944,
A,mustar*t,tau^2,3.25023e+08,3.15748e+06,+10193.744660,
A,mustar*t,u^2,3.25023e+08,4.83032,+6728801022.000502,
A,mustar*t,d^2,3.25023e+08,22.8699,+1421181181.792918,
A,mustar*t,s^2,3.25023e+08,8935.12,+3637490.162554,
A,mustar*t,c^2,3.25023e+08,1.62027e+06,+19959.747289,
A,mustar*t,b^2,3.25023e+08,1.75226e+07,+1754.878992,
A,mustar*t,t^2,3.25023e+08,2.97908e+10,-98.908981,
A,P_2me*e,e^2,0.52224,0.26112,+100.000000,
A,P_2me*e,mu^2,0.52224,11163.7,-99.995322,
A,P_2me*e,tau^2,0.52224,3.15748e+06,-99.999983,
A,P_2me*e,u^2,0.52224,4.83032,-89.188308,
A,P_2me*e,d^2,0.52224,22.8699,-97.716477,
A,P_2me*e,s^2,0.52224,8935.12,-99.994155,
A,P_2me*e,c^2,0.52224,1.62027e+06,-99.999968,
A,P_2me*e,b^2,0.52224,1.75226e+07,-99.999997,
A,P_2me*e,t^2,0.52224,2.97908e+10,-100.000000,
A,P_2me*mu,e^2,107.983,0.26112,+41253.656542,
A,P_2me*mu,mu^2,107.983,11163.7,-99.032734,
A,P_2me*mu,tau^2,107.983,3.15748e+06,-99.996580,
A,P_2me*mu,u^2,107.983,4.83032,+2135.515035,
A,P_2me*mu,d^2,107.983,22.8699,+372.160206,
A,P_2me*mu,s^2,107.983,8935.12,-98.791480,
A,P_2me*mu,c^2,107.983,1.62027e+06,-99.993336,
A,P_2me*mu,b^2,107.983,1.75226e+07,-99.999384,
A,P_2me*mu,t^2,107.983,2.97908e+10,-100.000000,
A,P_2me*tau,e^2,1816.02,0.26112,+695373.052381,
A,P_2me*tau,mu^2,1816.02,11163.7,-83.732813,
A,P_2me*tau,tau^2,1816.02,3.15748e+06,-99.942485,
A,P_2me*tau,u^2,1816.02,4.83032,+37496.202969,
A,P_2me*tau,d^2,1816.02,22.8699,+7840.644843,
A,P_2me*tau,s^2,1816.02,8935.12,-79.675491,
A,P_2me*tau,c^2,1816.02,1.62027e+06,-99.887919,
A,P_2me*tau,b^2,1816.02,1.75226e+07,-99.989636,
A,P_2me*tau,t^2,1816.02,2.97908e+10,-99.999994,
A,P_2me*u,e^2,2.24615,0.26112,+760.197461,
A,P_2me*u,mu^2,2.24615,11163.7,-99.979880,
A,P_2me*u,tau^2,2.24615,3.15748e+06,-99.999929,
A,P_2me*u,u^2,2.24615,4.83032,-53.499049,
A,P_2me*u,d^2,2.24615,22.8699,-90.178595,
A,P_2me*u,s^2,2.24615,8935.12,-99.974862,
A,P_2me*u,c^2,2.24615,1.62027e+06,-99.999861,
A,P_2me*u,b^2,2.24615,1.75226e+07,-99.999987,
A,P_2me*u,t^2,2.24615,2.97908e+10,-100.000000,
A,P_2me*d,e^2,4.88745,0.26112,+1771.725957,
A,P_2me*d,mu^2,4.88745,11163.7,-99.956220,
A,P_2me*d,tau^2,4.88745,3.15748e+06,-99.999845,
A,P_2me*d,u^2,4.88745,4.83032,+1.182625,declared relation
A,P_2me*d,d^2,4.88745,22.8699,-78.629350,
A,P_2me*d,s^2,4.88745,8935.12,-99.945301,
A,P_2me*d,c^2,4.88745,1.62027e+06,-99.999698,
A,P_2me*d,b^2,4.88745,1.75226e+07,-99.999972,
A,P_2me*d,t^2,4.88745,2.97908e+10,-100.000000,
A,P_2me*s,e^2,96.6051,0.26112,+36896.455618,
A,P_2me*s,mu^2,96.6051,11163.7,-99.134649,
A,P_2me*s,tau^2,96.6051,3.15748e+06,-99.996940,
A,P_2me*s,u^2,96.6051,4.83032,+1899.971458,
A,P_2me*s,d^2,96.6051,22.8699,+322.411355,
A,P_2me*s,s^2,96.6051,8935.12,-98.918815,
A,P_2me*s,c^2,96.6051,1.62027e+06,-99.994038,
A,P_2me*s,b^2,96.6051,1.75226e+07,-99.999449,
A,P_2me*s,t^2,96.6051,2.97908e+10,-100.000000,
A,P_2me*c,e^2,1300.9,0.26112,+498100.631638,
A,P_2me*c,mu^2,1300.9,11163.7,-88.347035,
A,P_2me*c,tau^2,1300.9,3.15748e+06,-99.958799,
A,P_2me*c,u^2,1300.9,4.83032,+26831.959480,
A,P_2me*c,d^2,1300.9,22.8699,+5588.263927,
A,P_2me*c,s^2,1300.9,8935.12,-85.440582,
A,P_2me*c,c^2,1300.9,1.62027e+06,-99.919711,
A,P_2me*c,b^2,1300.9,1.75226e+07,-99.992576,
A,P_2me*c,t^2,1300.9,2.97908e+10,-99.999996,
A,P_2me*b,e^2,4278.08,0.26112,+1638259.528663,
A,P_2me*b,mu^2,4278.08,11163.7,-61.678600,
A,P_2me*b,tau^2,4278.08,3.15748e+06,-99.864510,
A,P_2me*b,u^2,4278.08,4.83032,+88467.194896,
A,P_2me*b,d^2,4278.08,22.8699,+18606.161363,
A,P_2me*b,s^2,4278.08,8935.12,-52.120571,
A,P_2me*b,c^2,4278.08,1.62027e+06,-99.735966,
A,P_2me*b,b^2,4278.08,1.75226e+07,-99.975585,
A,P_2me*b,t^2,4278.08,2.97908e+10,-99.999986,
A,P_2me*t,e^2,176397,0.26112,+67553854.765245,
A,P_2me*t,mu^2,176397,11163.7,+1480.094048,
A,P_2me*t,tau^2,176397,3.15748e+06,-94.413367,
A,P_2me*t,u^2,176397,4.83032,+3651762.837825,
A,P_2me*t,d^2,176397,22.8699,+771205.172302,
A,P_2me*t,s^2,176397,8935.12,+1874.197200,
A,P_2me*t,c^2,176397,1.62027e+06,-89.113150,
A,P_2me*t,b^2,176397,1.75226e+07,-98.993318,
A,P_2me*t,t^2,176397,2.97908e+10,-99.999408,
A,G*e,e^2,1178.53,0.26112,+451234.840916,
A,G*e,mu^2,1178.53,11163.7,-89.443231,
A,G*e,tau^2,1178.53,3.15748e+06,-99.962675,
A,G*e,u^2,1178.53,4.83032,+24298.466954,
A,G*e,d^2,1178.53,22.8699,+5053.168285,
A,G*e,s^2,1178.53,8935.12,-86.810188,
A,G*e,c^2,1178.53,1.62027e+06,-99.927264,
A,G*e,b^2,1178.53,1.75226e+07,-99.993274,
A,G*e,t^2,1178.53,2.97908e+10,-99.999996,
A,G*mu,e^2,243682,0.26112,+93321629.982703,
A,G*mu,mu^2,243682,11163.7,+2082.804998,
A,G*mu,tau^2,243682,3.15748e+06,-92.282402,
A,G*mu,u^2,243682,4.83032,+5044729.112813,
A,G*mu,d^2,243682,22.8699,+1065411.756847,
A,G*mu,s^2,243682,8935.12,+2627.234825,
A,G*mu,c^2,243682,1.62027e+06,-84.960471,
A,G*mu,b^2,243682,1.75226e+07,-98.609329,
A,G*mu,t^2,243682,2.97908e+10,-99.999182,
A,G*tau,e^2,4.09816e+06,0.26112,+1569455997.289361,
A,G*tau,mu^2,4.09816e+06,11163.7,+36609.741813,
A,G*tau,tau^2,4.09816e+06,3.15748e+06,+29.792187,
A,G*tau,u^2,4.09816e+06,4.83032,+84842281.429866,
A,G*tau,d^2,4.09816e+06,22.8699,+17919348.383847,
A,G*tau,s^2,4.09816e+06,8935.12,+45765.794881,
A,G*tau,c^2,4.09816e+06,1.62027e+06,+152.930158,
A,G*tau,b^2,4.09816e+06,1.75226e+07,-76.612126,
A,G*tau,t^2,4.09816e+06,2.97908e+10,-99.986244,
A,G*u,e^2,5068.82,0.26112,+1941085.421273,
A,G*u,mu^2,5068.82,11163.7,-54.595471,
A,G*u,tau^2,5068.82,3.15748e+06,-99.839466,
A,G*u,u^2,5068.82,4.83032,+104837.496641,
A,G*u,d^2,5068.82,22.8699,+22063.711377,
A,G*u,s^2,5068.82,8935.12,-43.270785,
A,G*u,c^2,5068.82,1.62027e+06,-99.687163,
A,G*u,b^2,5068.82,1.75226e+07,-99.971073,
A,G*u,t^2,5068.82,2.97908e+10,-99.999983,
A,G*d,e^2,11029.4,0.26112,+4223775.685177,
A,G*d,mu^2,11029.4,11163.7,-1.203107,
A,G*d,tau^2,11029.4,3.15748e+06,-99.650690,
A,G*d,u^2,11029.4,4.83032,+228236.219543,
A,G*d,d^2,11029.4,22.8699,+48126.594201,
A,G*d,s^2,11029.4,8935.12,+23.438570,
A,G*d,c^2,11029.4,1.62027e+06,-99.319289,
A,G*d,b^2,11029.4,1.75226e+07,-99.937056,
A,G*d,t^2,11029.4,2.97908e+10,-99.999963,
A,G*s,e^2,218006,0.26112,+83488847.053823,
A,G*s,mu^2,218006,11163.7,+1852.815180,
A,G*s,tau^2,218006,3.15748e+06,-93.095562,
A,G*s,u^2,218006,4.83032,+4513183.999057,
A,G*s,d^2,218006,22.8699,+953144.808782,
A,G*s,s^2,218006,8935.12,+2339.881515,
A,G*s,c^2,218006,1.62027e+06,-86.545101,
A,G*s,b^2,218006,1.75226e+07,-98.755856,
A,G*s,t^2,218006,2.97908e+10,-99.999268,
A,G*c,e^2,2.93571e+06,0.26112,+1124276414.122462,
A,G*c,mu^2,2.93571e+06,11163.7,+26196.944930,
A,G*c,tau^2,2.93571e+06,3.15748e+06,-7.023645,
A,G*c,u^2,2.93571e+06,4.83032,+60776558.237565,
A,G*c,d^2,2.93571e+06,22.8699,+12836458.473209,
A,G*c,s^2,2.93571e+06,8935.12,+32755.863936,
A,G*c,c^2,2.93571e+06,1.62027e+06,+81.185977,
A,G*c,b^2,2.93571e+06,1.75226e+07,-83.246147,
A,G*c,t^2,2.93571e+06,2.97908e+10,-99.990146,
A,G*b,e^2,9.65424e+06,0.26112,+3697243586.162800,
A,G*b,mu^2,9.65424e+06,11163.7,+86378.915450,
A,G*b,tau^2,9.65424e+06,3.15748e+06,+205.757736,
A,G*b,u^2,9.65424e+06,4.83032,+199867204.094937,
A,G*b,d^2,9.65424e+06,22.8699,+42213611.814637,
A,G*b,s^2,9.65424e+06,8935.12,+107948.272792,
A,G*b,c^2,9.65424e+06,1.62027e+06,+495.839814,
A,G*b,b^2,9.65424e+06,1.75226e+07,-44.904054,
A,G*b,t^2,9.65424e+06,2.97908e+10,-99.967593,
A,G*t,e^2,3.9807e+08,0.26112,+152447267036.096313,
A,G*t,mu^2,3.9807e+08,11163.7,+3565657.478906,
A,G*t,tau^2,3.9807e+08,3.15748e+06,+12507.210979,
A,G*t,u^2,3.9807e+08,4.83032,+8241064564.784086,
A,G*t,d^2,3.9807e+08,22.8699,+1740584386.193601,
A,G*t,s^2,3.9807e+08,8935.12,+4455019.895812,
A,G*t,c^2,3.9807e+08,1.62027e+06,+24468.072613,
A,G*t,b^2,3.9807e+08,1.75226e+07,+2171.753532,
A,G*t,t^2,3.9807e+08,2.97908e+10,-98.663780,
A,tau*e,e^2,908.009,0.26112,+347636.526191,
A,tau*e,mu^2,908.009,11163.7,-91.866406,
A,tau*e,tau^2,908.009,3.15748e+06,-99.971243,
A,tau*e,u^2,908.009,4.83032,+18698.101484,
A,tau*e,d^2,908.009,22.8699,+3870.322421,
A,tau*e,s^2,908.009,8935.12,-89.837746,
A,tau*e,c^2,908.009,1.62027e+06,-99.943960,
A,tau*e,b^2,908.009,1.75226e+07,-99.994818,
A,tau*e,t^2,908.009,2.97908e+10,-99.999997,
A,tau*mu,e^2,187748,0.26112,+71900784.355445,
A,tau*mu,mu^2,187748,11163.7,+1581.769184,
A,tau*mu,tau^2,187748,3.15748e+06,-94.053881,
A,tau*mu,u^2,187748,4.83032,+3886751.162110,
A,tau*mu,d^2,187748,22.8699,+820836.748843,
A,tau*mu,s^2,187748,8935.12,+2001.231898,
A,tau*mu,c^2,187748,1.62027e+06,-88.412609,
A,tau*mu,b^2,187748,1.75226e+07,-98.928540,
A,tau*mu,t^2,187748,2.97908e+10,-99.999370,
A,tau*tau,e^2,3.15748e+06,0.26112,+1209206816.471299,
A,tau*tau,mu^2,3.15748e+06,11163.7,+28183.475899,
A,tau*tau,u^2,3.15748e+06,4.83032,+65367765.091657,
A,tau*tau,d^2,3.15748e+06,22.8699,+13806161.266258,
A,tau*tau,s^2,3.15748e+06,8935.12,+35237.870550,
A,tau*tau,c^2,3.15748e+06,1.62027e+06,+94.873177,
A,tau*tau,b^2,3.15748e+06,1.75226e+07,-81.980523,
A,tau*tau,t^2,3.15748e+06,2.97908e+10,-99.989401,
A,tau*u,e^2,3905.34,0.26112,+1495510.384776,
A,tau*u,mu^2,3905.34,11163.7,-65.017517,
A,tau*u,tau^2,3905.34,3.15748e+06,-99.876315,
A,tau*u,u^2,3905.34,4.83032,+80750.395850,
A,tau*u,d^2,3905.34,22.8699,+16976.306332,
A,tau*u,s^2,3905.34,8935.12,-56.292273,
A,tau*u,c^2,3905.34,1.62027e+06,-99.758971,
A,tau*u,b^2,3905.34,1.75226e+07,-99.977713,
A,tau*u,t^2,3905.34,2.97908e+10,-99.999987,
A,tau*d,e^2,8497.72,0.26112,+3254237.411319,
A,tau*d,mu^2,8497.72,11163.7,-23.880709,
A,tau*d,tau^2,8497.72,3.15748e+06,-99.730870,
A,tau*d,u^2,8497.72,4.83032,+175824.472452,
A,tau*d,d^2,8497.72,22.8699,+37056.777667,
A,tau*d,s^2,8497.72,8935.12,-4.895223,
A,tau*d,c^2,8497.72,1.62027e+06,-99.475538,
A,tau*d,b^2,8497.72,1.75226e+07,-99.951504,
A,tau*d,t^2,8497.72,2.97908e+10,-99.999971,
A,tau*s,e^2,167966,0.26112,+64324994.789686,
A,tau*s,mu^2,167966,11163.7,+1404.570676,
A,tau*s,tau^2,167966,3.15748e+06,-94.680390,
A,tau*s,u^2,167966,4.83032,+3477215.636343,
A,tau*s,d^2,167966,22.8699,+734339.286235,
A,tau*s,s^2,167966,8935.12,+1779.836976,
A,tau*s,c^2,167966,1.62027e+06,-89.633507,
A,tau*s,b^2,167966,1.75226e+07,-99.041434,
A,tau*s,t^2,167966,2.97908e+10,-99.999436,
A,tau*c,e^2,2.26185e+06,0.26112,+866212684.958505,
A,tau*c,mu^2,2.26185e+06,11163.7,+20160.807388,
A,tau*c,tau^2,2.26185e+06,3.15748e+06,-28.365214,
A,tau*c,u^2,2.26185e+06,4.83032,+46826030.165606,
A,tau*c,d^2,2.26185e+06,22.8699,+9889985.690387,
A,tau*c,s^2,2.26185e+06,8935.12,+25214.207888,
A,tau*c,c^2,2.26185e+06,1.62027e+06,+39.596983,
A,tau*c,b^2,2.26185e+06,1.75226e+07,-87.091786,
A,tau*c,t^2,2.26185e+06,2.97908e+10,-99.992408,
A,tau*b,e^2,7.43823e+06,0.26112,+2848587155.743816,
A,tau*b,mu^2,7.43823e+06,11163.7,+66528.753026,
A,tau*b,tau^2,7.43823e+06,3.15748e+06,+135.574840,
A,tau*b,u^2,7.43823e+06,4.83032,+153990143.438783,
A,tau*b,d^2,7.43823e+06,22.8699,+32523977.853689,
A,tau*b,s^2,7.43823e+06,8935.12,+83147.131919,
A,tau*b,c^2,7.43823e+06,1.62027e+06,+359.072175,
A,tau*b,b^2,7.43823e+06,1.75226e+07,-57.550645,
A,tau*b,t^2,7.43823e+06,2.97908e+10,-99.975032,
A,tau*t,e^2,3.06698e+08,0.26112,+117454887702.528091,
A,tau*t,mu^2,3.06698e+08,11163.7,+2747182.076510,
A,tau*t,tau^2,3.06698e+08,3.15748e+06,+9613.382069,
A,tau*t,u^2,3.06698e+08,4.83032,+6349430386.749621,
A,tau*t,d^2,3.06698e+08,22.8699,+1341054806.246222,
A,tau*t,s^2,3.06698e+08,8935.12,+3432402.381576,
A,tau*t,c^2,3.06698e+08,1.62027e+06,+18828.776268,
A,tau*t,b^2,3.06698e+08,1.75226e+07,+1650.300686,
A,tau*t,t^2,3.06698e+08,2.97908e+10,-98.970492,
A,mustar_plus_tau*e,e^2,1870.27,0.26112,+716149.880652,
A,mustar_plus_tau*e,mu^2,1870.27,11163.7,-83.246841,
A,mustar_plus_tau*e,tau^2,1870.27,3.15748e+06,-99.940767,
A,mustar_plus_tau*e,u^2,1870.27,4.83032,+38619.366332,
A,mustar_plus_tau*e,d^2,1870.27,22.8699,+8077.866707,
A,mustar_plus_tau*e,s^2,1870.27,8935.12,-79.068309,
A,mustar_plus_tau*e,c^2,1870.27,1.62027e+06,-99.884571,
A,mustar_plus_tau*e,b^2,1870.27,1.75226e+07,-99.989327,
A,mustar_plus_tau*e,t^2,1870.27,2.97908e+10,-99.999994,
A,mustar_plus_tau*mu,e^2,386713,0.26112,+148097657.812583,
A,mustar_plus_tau*mu,mu^2,386713,11163.7,+3364.022002,
A,mustar_plus_tau*mu,tau^2,386713,3.15748e+06,-87.752488,
A,mustar_plus_tau*mu,u^2,386713,4.83032,+8005836.884086,
A,mustar_plus_tau*mu,d^2,386713,22.8699,+1690823.455246,
A,mustar_plus_tau*mu,s^2,386713,8935.12,+4228.009808,
A,mustar_plus_tau*mu,c^2,386713,1.62027e+06,-76.132885,
A,mustar_plus_tau*mu,b^2,386713,1.75226e+07,-97.793062,
A,mustar_plus_tau*mu,t^2,386713,2.97908e+10,-99.998702,
A,mustar_plus_tau*tau,e^2,6.50362e+06,0.26112,+2490662353.824234,
A,mustar_plus_tau*tau,mu^2,6.50362e+06,11163.7,+58156.854577,
A,mustar_plus_tau*tau,tau^2,6.50362e+06,3.15748e+06,+105.974877,
A,mustar_plus_tau*tau,u^2,6.50362e+06,4.83032,+134641279.446908,
A,mustar_plus_tau*tau,d^2,6.50362e+06,22.8699,+28437329.603780,
A,mustar_plus_tau*tau,s^2,6.50362e+06,8935.12,+72687.135252,
A,mustar_plus_tau*tau,c^2,6.50362e+06,1.62027e+06,+301.389787,
A,mustar_plus_tau*tau,b^2,6.50362e+06,1.75226e+07,-62.884404,
A,mustar_plus_tau*tau,t^2,6.50362e+06,2.97908e+10,-99.978169,
A,mustar_plus_tau*u,e^2,8044.01,0.26112,+3080481.644192,
A,mustar_plus_tau*u,mu^2,8044.01,11163.7,-27.944874,
A,mustar_plus_tau*u,tau^2,8044.01,3.15748e+06,-99.745239,
A,mustar_plus_tau*u,u^2,8044.01,4.83032,+166431.503069,
A,mustar_plus_tau*u,d^2,8044.01,22.8699,+35072.900893,
A,mustar_plus_tau*u,s^2,8044.01,8935.12,-9.973063,
A,mustar_plus_tau*u,c^2,8044.01,1.62027e+06,-99.503540,
A,mustar_plus_tau*u,b^2,8044.01,1.75226e+07,-99.954093,
A,mustar_plus_tau*u,t^2,8044.01,2.97908e+10,-99.999973,
A,mustar_plus_tau*d,e^2,17503.2,0.26112,+6703017.466530,
A,mustar_plus_tau*d,mu^2,17503.2,11163.7,+56.786617,
A,mustar_plus_tau*d,tau^2,17503.2,3.15748e+06,-99.445660,
A,mustar_plus_tau*d,u^2,17503.2,4.83032,+362260.215011,
A,mustar_plus_tau*d,d^2,17503.2,22.8699,+76433.626942,
A,mustar_plus_tau*d,s^2,17503.2,8935.12,+95.891947,
A,mustar_plus_tau*d,c^2,17503.2,1.62027e+06,-98.919740,
A,mustar_plus_tau*d,b^2,17503.2,1.75226e+07,-99.900111,
A,mustar_plus_tau*d,t^2,17503.2,2.97908e+10,-99.999941,
A,mustar_plus_tau*s,e^2,345967,0.26112,+132493434.604389,
A,mustar_plus_tau*s,mu^2,345967,11163.7,+2999.037594,
A,mustar_plus_tau*s,tau^2,345967,3.15748e+06,-89.042939,
A,mustar_plus_tau*s,u^2,345967,4.83032,+7162296.590329,
A,mustar_plus_tau*s,d^2,345967,22.8699,+1512660.413392,
A,mustar_plus_tau*s,s^2,345967,8935.12,+3771.991891,
A,mustar_plus_tau*s,c^2,345967,1.62027e+06,-78.647628,
A,mustar_plus_tau*s,b^2,345967,1.75226e+07,-98.025595,
A,mustar_plus_tau*s,t^2,345967,2.97908e+10,-99.998839,
A,mustar_plus_tau*c,e^2,4.65885e+06,0.26112,+1784180614.756838,
A,mustar_plus_tau*c,mu^2,4.65885e+06,11163.7,+41632.173012,
A,mustar_plus_tau*c,tau^2,4.65885e+06,3.15748e+06,+47.549662,
A,mustar_plus_tau*c,u^2,4.65885e+06,4.83032,+96449963.816790,
A,mustar_plus_tau*c,d^2,4.65885e+06,22.8699,+20370991.794641,
A,mustar_plus_tau*c,s^2,4.65885e+06,8935.12,+52040.908456,
A,mustar_plus_tau*c,c^2,4.65885e+06,1.62027e+06,+187.534714,
A,mustar_plus_tau*c,b^2,4.65885e+06,1.75226e+07,-73.412322,
A,mustar_plus_tau*c,t^2,4.65885e+06,2.97908e+10,-99.984361,
A,mustar_plus_tau*b,e^2,1.53209e+07,0.26112,+5867373984.352364,
A,mustar_plus_tau*b,mu^2,1.53209e+07,11163.7,+137138.491813,
A,mustar_plus_tau*b,tau^2,1.53209e+07,3.15748e+06,+385.224985,
A,mustar_plus_tau*b,u^2,1.53209e+07,4.83032,+317181113.871541,
A,mustar_plus_tau*b,d^2,1.53209e+07,22.8699,+66991329.218609,
A,mustar_plus_tau*b,s^2,1.53209e+07,8935.12,+171368.177229,
A,mustar_plus_tau*b,c^2,1.53209e+07,1.62027e+06,+845.573347,
A,mustar_plus_tau*b,b^2,1.53209e+07,1.75226e+07,-12.564993,
A,mustar_plus_tau*b,t^2,1.53209e+07,2.97908e+10,-99.948572,
A,mustar_plus_tau*t,e^2,6.31721e+08,0.26112,+241927560090.926422,
A,mustar_plus_tau*t,mu^2,6.31721e+08,11163.7,+5658610.866454,
A,mustar_plus_tau*t,tau^2,6.31721e+08,3.15748e+06,+19907.126729,
A,mustar_plus_tau*t,u^2,6.31721e+08,4.83032,+13078231508.750122,
A,mustar_plus_tau*t,d^2,6.31721e+08,22.8699,+2762236088.039139,
A,mustar_plus_tau*t,s^2,6.31721e+08,8935.12,+7069992.544130,
A,mustar_plus_tau*t,c^2,6.31721e+08,1.62027e+06,+38888.523557,
A,mustar_plus_tau*t,b^2,6.31721e+08,1.75226e+07,+3505.179678,
A,mustar_plus_tau*t,t^2,6.31721e+08,2.97908e+10,-97.879473,
A,two_tau*e,e^2,1816.02,0.26112,+695373.052381,
A,two_tau*e,mu^2,1816.02,11163.7,-83.732813,
A,two_tau*e,tau^2,1816.02,3.15748e+06,-99.942485,
A,two_tau*e,u^2,1816.02,4.83032,+37496.202969,
A,two_tau*e,d^2,1816.02,22.8699,+7840.644843,
A,two_tau*e,s^2,1816.02,8935.12,-79.675491,
A,two_tau*e,c^2,1816.02,1.62027e+06,-99.887919,
A,two_tau*e,b^2,1816.02,1.75226e+07,-99.989636,
A,two_tau*e,t^2,1816.02,2.97908e+10,-99.999994,
A,two_tau*mu,e^2,375495,0.26112,+143801668.710891,
A,two_tau*mu,mu^2,375495,11163.7,+3263.538369,
A,two_tau*mu,tau^2,375495,3.15748e+06,-88.107762,
A,two_tau*mu,u^2,375495,4.83032,+7773602.324219,
A,two_tau*mu,d^2,375495,22.8699,+1641773.497686,
A,two_tau*mu,s^2,375495,8935.12,+4102.463795,
A,two_tau*mu,c^2,375495,1.62027e+06,-76.825217,
A,two_tau*mu,b^2,375495,1.75226e+07,-97.857081,
A,two_tau*mu,t^2,375495,2.97908e+10,-99.998740,
A,two_tau*tau,e^2,6.31496e+06,0.26112,+2418413732.942599,
A,two_tau*tau,mu^2,6.31496e+06,11163.7,+56466.951799,
A,two_tau*tau,tau^2,6.31496e+06,3.15748e+06,+100.000000,
A,two_tau*tau,u^2,6.31496e+06,4.83032,+130735630.183314,
A,two_tau*tau,d^2,6.31496e+06,22.8699,+27612422.532516,
A,two_tau*tau,s^2,6.31496e+06,8935.12,+70575.741100,
A,two_tau*tau,c^2,6.31496e+06,1.62027e+06,+289.746355,
A,two_tau*tau,b^2,6.31496e+06,1.75226e+07,-63.961045,
A,two_tau*tau,t^2,6.31496e+06,2.97908e+10,-99.978802,
A,two_tau*u,e^2,7810.67,0.26112,+2991120.769553,
A,two_tau*u,mu^2,7810.67,11163.7,-30.035034,
A,two_tau*u,tau^2,7810.67,3.15748e+06,-99.752630,
A,two_tau*u,u^2,7810.67,4.83032,+161600.791701,
A,two_tau*u,d^2,7810.67,22.8699,+34052.612665,
A,two_tau*u,s^2,7810.67,8935.12,-12.584545,
A,two_tau*u,c^2,7810.67,1.62027e+06,-99.517941,
A,two_tau*u,b^2,7810.67,1.75226e+07,-99.955425,
A,two_tau*u,t^2,7810.67,2.97908e+10,-99.999974,
A,two_tau*d,e^2,16995.4,0.26112,+6508574.822638,
A,two_tau*d,mu^2,16995.4,11163.7,+52.238583,
A,two_tau*d,tau^2,16995.4,3.15748e+06,-99.461740,
A,two_tau*d,u^2,16995.4,4.83032,+351748.944905,
A,two_tau*d,d^2,16995.4,22.8699,+74213.555335,
A,two_tau*d,s^2,16995.4,8935.12,+90.209554,
A,two_tau*d,c^2,16995.4,1.62027e+06,-98.951076,
A,two_tau*d,b^2,16995.4,1.75226e+07,-99.903008,
A,two_tau*d,t^2,16995.4,2.97908e+10,-99.999943,
A,two_tau*s,e^2,335931,0.26112,+128650089.579372,
A,two_tau*s,mu^2,335931,11163.7,+2909.141353,
A,two_tau*s,tau^2,335931,3.15748e+06,-89.360780,
A,two_tau*s,u^2,335931,4.83032,+6954531.272687,
A,two_tau*s,d^2,335931,22.8699,+1468778.572469,
A,two_tau*s,s^2,335931,8935.12,+3659.673951,
A,two_tau*s,c^2,335931,1.62027e+06,-79.267013,
A,two_tau*s,b^2,335931,1.75226e+07,-98.082868,
A,two_tau*s,t^2,335931,2.97908e+10,-99.998872,
A,two_tau*c,e^2,4.52371e+06,0.26112,+1732425469.917011,
A,two_tau*c,mu^2,4.52371e+06,11163.7,+40421.614776,
A,two_tau*c,tau^2,4.52371e+06,3.15748e+06,+43.269572,
A,two_tau*c,u^2,4.52371e+06,4.83032,+93652160.331212,
A,two_tau*c,d^2,4.52371e+06,22.8699,+19780071.380774,
A,two_tau*c,s^2,4.52371e+06,8935.12,+50528.415776,
A,two_tau*c,c^2,4.52371e+06,1.62027e+06,+179.193967,
A,two_tau*c,b^2,4.52371e+06,1.75226e+07,-74.183572,
A,two_tau*c,t^2,4.52371e+06,2.97908e+10,-99.984815,
A,two_tau*b,e^2,1.48765e+07,0.26112,+5697174411.487632,
A,two_tau*b,mu^2,1.48765e+07,11163.7,+133157.506052,
A,two_tau*b,tau^2,1.48765e+07,3.15748e+06,+371.149680,
A,two_tau*b,u^2,1.48765e+07,4.83032,+307980386.877566,
A,two_tau*b,d^2,1.48765e+07,22.8699,+65048055.707378,
A,two_tau*b,s^2,1.48765e+07,8935.12,+166394.263839,
A,two_tau*b,c^2,1.48765e+07,1.62027e+06,+818.144351,
A,two_tau*b,b^2,1.48765e+07,1.75226e+07,-15.101290,
A,two_tau*b,t^2,1.48765e+07,2.97908e+10,-99.950064,
A,two_tau*t,e^2,6.13396e+08,0.26112,+234909775505.056183,
A,two_tau*t,mu^2,6.13396e+08,11163.7,+5494464.153020,
A,two_tau*t,tau^2,6.13396e+08,3.15748e+06,+19326.764138,
A,two_tau*t,u^2,6.13396e+08,4.83032,+12698860873.499243,
A,two_tau*t,d^2,6.13396e+08,22.8699,+2682109712.492444,
A,two_tau*t,s^2,6.13396e+08,8935.12,+6864904.763152,
A,two_tau*t,c^2,6.13396e+08,1.62027e+06,+37757.552536,
A,two_tau*t,b^2,6.13396e+08,1.75226e+07,+3400.601372,
A,two_tau*t,t^2,6.13396e+08,2.97908e+10,-97.940985,
A,mustar_over_2*e,e^2,481.131,0.26112,+184156.677231,
A,mustar_over_2*e,mu^2,481.131,11163.7,-95.690217,
A,mustar_over_2*e,tau^2,481.131,3.15748e+06,-99.984762,
A,mustar_over_2*e,u^2,481.131,4.83032,+9860.632424,
A,mustar_over_2*e,d^2,481.131,22.8699,+2003.772143,
A,mustar_over_2*e,s^2,481.131,8935.12,-94.615282,
A,mustar_over_2*e,c^2,481.131,1.62027e+06,-99.970306,
A,mustar_over_2*e,b^2,481.131,1.75226e+07,-99.997254,
A,mustar_over_2*e,t^2,481.131,2.97908e+10,-99.999998,
A,mustar_over_2*mu,e^2,99482.6,0.26112,+38098336.728569,
A,mustar_over_2*mu,mu^2,99482.6,11163.7,+791.126409,
A,mustar_over_2*mu,tau^2,99482.6,3.15748e+06,-96.849304,
A,mustar_over_2*mu,u^2,99482.6,4.83032,+2059442.860988,
A,mustar_over_2*mu,d^2,99482.6,22.8699,+434893.353202,
A,mustar_over_2*mu,s^2,99482.6,8935.12,+1013.388955,
A,mustar_over_2*mu,c^2,99482.6,1.62027e+06,-93.860138,
A,mustar_over_2*mu,b^2,99482.6,1.75226e+07,-99.432261,
A,mustar_over_2*mu,t^2,99482.6,2.97908e+10,-99.999666,
A,mustar_over_2*tau,e^2,1.67307e+06,0.26112,+640727668.676468,
A,mustar_over_2*tau,mu^2,1.67307e+06,11163.7,+14886.689339,
A,mustar_over_2*tau,tau^2,1.67307e+06,3.15748e+06,-47.012562,
A,mustar_over_2*tau,u^2,1.67307e+06,4.83032,+34636657.177626,
A,mustar_over_2*tau,d^2,1.67307e+06,22.8699,+7315484.168761,
A,mustar_over_2*tau,s^2,1.67307e+06,8935.12,+18624.632351,
A,mustar_over_2*tau,c^2,1.67307e+06,1.62027e+06,+3.258305,
A,mustar_over_2*tau,b^2,1.67307e+06,1.75226e+07,-90.451941,
A,mustar_over_2*tau,t^2,1.67307e+06,2.97908e+10,-99.994384,
A,mustar_over_2*u,e^2,2069.34,0.26112,+792385.629708,
A,mustar_over_2*u,mu^2,2069.34,11163.7,-81.463678,
A,mustar_over_2*u,tau^2,2069.34,3.15748e+06,-99.934462,
A,mustar_over_2*u,u^2,2069.34,4.83032,+42740.553609,
A,mustar_over_2*u,d^2,2069.34,22.8699,+8948.297280,
A,mustar_over_2*u,s^2,2069.34,8935.12,-76.840395,
A,mustar_over_2*u,c^2,2069.34,1.62027e+06,-99.872285,
A,mustar_over_2*u,b^2,2069.34,1.75226e+07,-99.988190,
A,mustar_over_2*u,t^2,2069.34,2.97908e+10,-99.999993,
A,mustar_over_2*d,e^2,4502.73,0.26112,+1724290.027605,
A,mustar_over_2*d,mu^2,4502.73,11163.7,-59.666337,
A,mustar_over_2*d,tau^2,4502.73,3.15748e+06,-99.857395,
A,mustar_over_2*d,u^2,4502.73,4.83032,+93117.871280,
A,mustar_over_2*d,d^2,4502.73,22.8699,+19588.424637,
A,mustar_over_2*d,s^2,4502.73,8935.12,-49.606415,
A,mustar_over_2*d,c^2,4502.73,1.62027e+06,-99.722101,
A,mustar_over_2*d,b^2,4502.73,1.75226e+07,-99.974303,
A,mustar_over_2*d,t^2,4502.73,2.97908e+10,-99.999985,
A,mustar_over_2*s,e^2,89000.7,0.26112,+34084119.907351,
A,mustar_over_2*s,mu^2,89000.7,11163.7,+697.233459,
A,mustar_over_2*s,tau^2,89000.7,3.15748e+06,-97.181275,
A,mustar_over_2*s,u^2,89000.7,4.83032,+1842440.476993,
A,mustar_over_2*s,d^2,89000.7,22.8699,+389060.563579,
A,mustar_over_2*s,s^2,89000.7,8935.12,+896.077457,
A,mustar_over_2*s,c^2,89000.7,1.62027e+06,-94.507061,
A,mustar_over_2*s,b^2,89000.7,1.75226e+07,-99.492080,
A,mustar_over_2*s,t^2,89000.7,2.97908e+10,-99.999701,
A,mustar_over_2*c,e^2,1.1985e+06,0.26112,+458983864.899166,
A,mustar_over_2*c,mu^2,1.1985e+06,11163.7,+10635.682812,
A,mustar_over_2*c,tau^2,1.1985e+06,3.15748e+06,-62.042562,
A,mustar_over_2*c,u^2,1.1985e+06,4.83032,+24811866.825592,
A,mustar_over_2*c,d^2,1.1985e+06,22.8699,+5240403.052127,
A,mustar_over_2*c,s^2,1.1985e+06,8935.12,+13313.350284,
A,mustar_over_2*c,c^2,1.1985e+06,1.62027e+06,-26.031135,
A,mustar_over_2*c,b^2,1.1985e+06,1.75226e+07,-93.160268,
A,mustar_over_2*c,t^2,1.1985e+06,2.97908e+10,-99.995977,
A,mustar_over_2*b,e^2,3.94133e+06,0.26112,+1509393314.304274,
A,mustar_over_2*b,mu^2,3.94133e+06,11163.7,+35204.869394,
A,mustar_over_2*b,tau^2,3.94133e+06,3.15748e+06,+24.825073,
A,mustar_over_2*b,u^2,3.94133e+06,4.83032,+81595385.216379,
A,mustar_over_2*b,d^2,3.94133e+06,22.8699,+17233575.682460,
A,mustar_over_2*b,s^2,3.94133e+06,8935.12,+44010.522655,
A,mustar_over_2*b,c^2,3.94133e+06,1.62027e+06,+143.250586,
A,mustar_over_2*b,b^2,3.94133e+06,1.75226e+07,-77.507174,
A,mustar_over_2*b,t^2,3.94133e+06,2.97908e+10,-99.986770,
A,mustar_over_2*t,e^2,1.62511e+08,0.26112,+62236336094.199165,
A,mustar_over_2*t,mu^2,1.62511e+08,11163.7,+1455614.394972,
A,mustar_over_2*t,tau^2,1.62511e+08,3.15748e+06,+5046.872330,
A,mustar_over_2*t,u^2,1.62511e+08,4.83032,+3364400461.000251,
A,mustar_over_2*t,d^2,1.62511e+08,22.8699,+710590540.896459,
A,mustar_over_2*t,s^2,1.62511e+08,8935.12,+1818695.081277,
A,mustar_over_2*t,c^2,1.62511e+08,1.62027e+06,+9929.873644,
A,mustar_over_2*t,b^2,1.62511e+08,1.75226e+07,+827.439496,
A,mustar_over_2*t,t^2,1.62511e+08,2.97908e+10,-99.454490,
A,two_mustar*e,e^2,1924.52,0.26112,+736926.708923,
A,two_mustar*e,mu^2,1924.52,11163.7,-82.760868,
A,two_mustar*e,tau^2,1924.52,3.15748e+06,-99.939049,
A,two_mustar*e,u^2,1924.52,4.83032,+39742.529696,
A,two_mustar*e,d^2,1924.52,22.8699,+8315.088572,
A,two_mustar*e,s^2,1924.52,8935.12,-78.461127,
A,two_mustar*e,c^2,1924.52,1.62027e+06,-99.881222,
A,two_mustar*e,b^2,1924.52,1.75226e+07,-99.989017,
A,two_mustar*e,t^2,1924.52,2.97908e+10,-99.999994,
A,two_mustar*mu,e^2,397930,0.26112,+152393646.914274,
A,two_mustar*mu,mu^2,397930,11163.7,+3464.505635,
A,two_mustar*mu,tau^2,397930,3.15748e+06,-87.397215,
A,two_mustar*mu,u^2,397930,4.83032,+8238071.443953,
A,two_mustar*mu,d^2,397930,22.8699,+1739873.412807,
A,two_mustar*mu,s^2,397930,8935.12,+4353.555821,
A,two_mustar*mu,c^2,397930,1.62027e+06,-75.440553,
A,two_mustar*mu,b^2,397930,1.75226e+07,-97.729044,
A,two_mustar*mu,t^2,397930,2.97908e+10,-99.998664,
A,two_mustar*tau,e^2,6.69227e+06,0.26112,+2562910974.705871,
A,two_mustar*tau,mu^2,6.69227e+06,11163.7,+59846.757355,
A,two_mustar*tau,tau^2,6.69227e+06,3.15748e+06,+111.949753,
A,two_mustar*tau,u^2,6.69227e+06,4.83032,+138546928.710502,
A,two_mustar*tau,d^2,6.69227e+06,22.8699,+29262236.675044,
A,two_mustar*tau,s^2,6.69227e+06,8935.12,+74798.529404,
A,two_mustar*tau,c^2,6.69227e+06,1.62027e+06,+313.033218,
A,two_mustar*tau,b^2,6.69227e+06,1.75226e+07,-61.807762,
A,two_mustar*tau,t^2,6.69227e+06,2.97908e+10,-99.977536,
A,two_mustar*u,e^2,8277.35,0.26112,+3169842.518832,
A,two_mustar*u,mu^2,8277.35,11163.7,-25.854714,
A,two_mustar*u,tau^2,8277.35,3.15748e+06,-99.737849,
A,two_mustar*u,u^2,8277.35,4.83032,+171262.214437,
A,two_mustar*u,d^2,8277.35,22.8699,+36093.189121,
A,two_mustar*u,s^2,8277.35,8935.12,-7.361580,
A,two_mustar*u,c^2,8277.35,1.62027e+06,-99.489139,
A,two_mustar*u,b^2,8277.35,1.75226e+07,-99.952762,
A,two_mustar*u,t^2,8277.35,2.97908e+10,-99.999972,
A,two_mustar*d,e^2,18010.9,0.26112,+6897460.110422,
A,two_mustar*d,mu^2,18010.9,11163.7,+61.334650,
A,two_mustar*d,tau^2,18010.9,3.15748e+06,-99.429580,
A,two_mustar*d,u^2,18010.9,4.83032,+372771.485118,
A,two_mustar*d,d^2,18010.9,22.8699,+78653.698550,
A,two_mustar*d,s^2,18010.9,8935.12,+101.574340,
A,two_mustar*d,c^2,18010.9,1.62027e+06,-98.888404,
A,two_mustar*d,b^2,18010.9,1.75226e+07,-99.897213,
A,two_mustar*d,t^2,18010.9,2.97908e+10,-99.999940,
A,two_mustar*s,e^2,356003,0.26112,+136336779.629405,
A,two_mustar*s,mu^2,356003,11163.7,+3088.933835,
A,two_mustar*s,tau^2,356003,3.15748e+06,-88.725099,
A,two_mustar*s,u^2,356003,4.83032,+7370061.907971,
A,two_mustar*s,d^2,356003,22.8699,+1556542.254316,
A,two_mustar*s,s^2,356003,8935.12,+3884.309830,
A,two_mustar*s,c^2,356003,1.62027e+06,-78.028243,
A,two_mustar*s,b^2,356003,1.75226e+07,-97.968322,
A,two_mustar*s,t^2,356003,2.97908e+10,-99.998805,
A,two_mustar*c,e^2,4.79399e+06,0.26112,+1835935759.596666,
A,two_mustar*c,mu^2,4.79399e+06,11163.7,+42842.731248,
A,two_mustar*c,tau^2,4.79399e+06,3.15748e+06,+51.829752,
A,two_mustar*c,u^2,4.79399e+06,4.83032,+99247767.302369,
A,two_mustar*c,d^2,4.79399e+06,22.8699,+20961912.208508,
A,two_mustar*c,s^2,4.79399e+06,8935.12,+53553.401135,
A,two_mustar*c,c^2,4.79399e+06,1.62027e+06,+195.875461,
A,two_mustar*c,b^2,4.79399e+06,1.75226e+07,-72.641072,
A,two_mustar*c,t^2,4.79399e+06,2.97908e+10,-99.983908,
A,two_mustar*b,e^2,1.57653e+07,0.26112,+6037573557.217095,
A,two_mustar*b,mu^2,1.57653e+07,11163.7,+141119.477575,
A,two_mustar*b,tau^2,1.57653e+07,3.15748e+06,+399.300291,
A,two_mustar*b,u^2,1.57653e+07,4.83032,+326381840.865517,
A,two_mustar*b,d^2,1.57653e+07,22.8699,+68934602.729840,
A,two_mustar*b,s^2,1.57653e+07,8935.12,+176342.090619,
A,two_mustar*b,c^2,1.57653e+07,1.62027e+06,+873.002342,
A,two_mustar*b,b^2,1.57653e+07,1.75226e+07,-10.028697,
A,two_mustar*b,t^2,1.57653e+07,2.97908e+10,-99.947080,
A,two_mustar*t,e^2,6.50046e+08,0.26112,+248945344676.796661,
A,two_mustar*t,mu^2,6.50046e+08,11163.7,+5822757.579889,
A,two_mustar*t,tau^2,6.50046e+08,3.15748e+06,+20487.489319,
A,two_mustar*t,u^2,6.50046e+08,4.83032,+13457602144.001003,
A,two_mustar*t,d^2,6.50046e+08,22.8699,+2842362463.585835,
A,two_mustar*t,s^2,6.50046e+08,8935.12,+7275080.325108,
A,two_mustar*t,c^2,6.50046e+08,1.62027e+06,+40019.494577,
A,two_mustar*t,b^2,6.50046e+08,1.75226e+07,+3609.757984,
A,two_mustar*t,t^2,6.50046e+08,2.97908e+10,-97.817961,
A,one_point_five_mustar*e,e^2,1443.39,0.26112,+552670.031692,
A,one_point_five_mustar*e,mu^2,1443.39,11163.7,-87.070651,
A,one_point_five_mustar*e,tau^2,1443.39,3.15748e+06,-99.954287,
A,one_point_five_mustar*e,u^2,1443.39,4.83032,+29781.897272,
A,one_point_five_mustar*e,d^2,1443.39,22.8699,+6211.316429,
A,one_point_five_mustar*e,s^2,1443.39,8935.12,-83.845845,
A,one_point_five_mustar*e,c^2,1443.39,1.62027e+06,-99.910917,
A,one_point_five_mustar*e,b^2,1443.39,1.75226e+07,-99.991763,
A,one_point_five_mustar*e,t^2,1443.39,2.97908e+10,-99.999995,
A,one_point_five_mustar*mu,e^2,298448,0.26112,+114295210.185706,
A,one_point_five_mustar*mu,mu^2,298448,11163.7,+2573.379227,
A,one_point_five_mustar*mu,tau^2,298448,3.15748e+06,-90.547911,
A,one_point_five_mustar*mu,u^2,298448,4.83032,+6178528.582965,
A,one_point_five_mustar*mu,d^2,298448,22.8699,+1304880.059605,
A,one_point_five_mustar*mu,s^2,298448,8935.12,+3240.166865,
A,one_point_five_mustar*mu,c^2,298448,1.62027e+06,-81.580414,
A,one_point_five_mustar*mu,b^2,298448,1.75226e+07,-98.296783,
A,one_point_five_mustar*mu,t^2,298448,2.97908e+10,-99.998998,
A,one_point_five_mustar*tau,e^2,5.0192e+06,0.26112,+1922183206.029403,
A,one_point_five_mustar*tau,mu^2,5.0192e+06,11163.7,+44860.068016,
A,one_point_five_mustar*tau,tau^2,5.0192e+06,3.15748e+06,+58.962315,
A,one_point_five_mustar*tau,u^2,5.0192e+06,4.83032,+103910171.532877,
A,one_point_five_mustar*tau,d^2,5.0192e+06,22.8699,+21946652.506283,
A,one_point_five_mustar*tau,s^2,5.0192e+06,8935.12,+56073.897053,
A,one_point_five_mustar*tau,c^2,5.0192e+06,1.62027e+06,+209.774914,
A,one_point_five_mustar*tau,b^2,5.0192e+06,1.75226e+07,-71.355822,
A,one_point_five_mustar*tau,t^2,5.0192e+06,2.97908e+10,-99.983152,
A,one_point_five_mustar*u,e^2,6208.01,0.26112,+2377356.889124,
A,one_point_five_mustar*u,mu^2,6208.01,11163.7,-44.391035,
A,one_point_five_mustar*u,tau^2,6208.01,3.15748e+06,-99.803387,
A,one_point_five_mustar*u,u^2,6208.01,4.83032,+128421.660828,
A,one_point_five_mustar*u,d^2,6208.01,22.8699,+27044.891841,
A,one_point_five_mustar*u,s^2,6208.01,8935.12,-30.521185,
A,one_point_five_mustar*u,c^2,6208.01,1.62027e+06,-99.616854,
A,one_point_five_mustar*u,b^2,6208.01,1.75226e+07,-99.964571,
A,one_point_five_mustar*u,t^2,6208.01,2.97908e+10,-99.999979,
A,one_point_five_mustar*d,e^2,13508.2,0.26112,+5173070.082816,
A,one_point_five_mustar*d,mu^2,13508.2,11163.7,+21.000988,
A,one_point_five_mustar*d,tau^2,13508.2,3.15748e+06,-99.572185,
A,one_point_five_mustar*d,u^2,13508.2,4.83032,+279553.613839,
A,one_point_five_mustar*d,d^2,13508.2,22.8699,+58965.273912,
A,one_point_five_mustar*d,s^2,13508.2,8935.12,+51.180755,
A,one_point_five_mustar*d,c^2,13508.2,1.62027e+06,-99.166303,
A,one_point_five_mustar*d,b^2,13508.2,1.75226e+07,-99.922910,
A,one_point_five_mustar*d,t^2,13508.2,2.97908e+10,-99.999955,
A,one_point_five_mustar*s,e^2,267002,0.26112,+102252559.722054,
A,one_point_five_mustar*s,mu^2,267002,11163.7,+2291.700376,
A,one_point_five_mustar*s,tau^2,267002,3.15748e+06,-91.543824,
A,one_point_five_mustar*s,u^2,267002,4.83032,+5527521.430979,
A,one_point_five_mustar*s,d^2,267002,22.8699,+1167381.690737,
A,one_point_five_mustar*s,s^2,267002,8935.12,+2888.232372,
A,one_point_five_mustar*s,c^2,267002,1.62027e+06,-83.521182,
A,one_point_five_mustar*s,b^2,267002,1.75226e+07,-98.476241,
A,one_point_five_mustar*s,t^2,267002,2.97908e+10,-99.999104,
A,one_point_five_mustar*c,e^2,3.5955e+06,0.26112,+1376951794.697499,
A,one_point_five_mustar*c,mu^2,3.5955e+06,11163.7,+32107.048436,
A,one_point_five_mustar*c,tau^2,3.5955e+06,3.15748e+06,+13.872314,
A,one_point_five_mustar*c,u^2,3.5955e+06,4.83032,+74435800.476777,
A,one_point_five_mustar*c,d^2,3.5955e+06,22.8699,+15721409.156381,
A,one_point_five_mustar*c,s^2,3.5955e+06,8935.12,+40140.050851,
A,one_point_five_mustar*c,c^2,3.5955e+06,1.62027e+06,+121.906596,
A,one_point_five_mustar*c,b^2,3.5955e+06,1.75226e+07,-79.480804,
A,one_point_five_mustar*c,t^2,3.5955e+06,2.97908e+10,-99.987931,
A,one_point_five_mustar*b,e^2,1.1824e+07,0.26112,+4528180142.912822,
A,one_point_five_mustar*b,mu^2,1.1824e+07,11163.7,+105814.608181,
A,one_point_five_mustar*b,tau^2,1.1824e+07,3.15748e+06,+274.475219,
A,one_point_five_mustar*b,u^2,1.1824e+07,4.83032,+244786355.649138,
A,one_point_five_mustar*b,d^2,1.1824e+07,22.8699,+51700927.047380,
A,one_point_five_mustar*b,s^2,1.1824e+07,8935.12,+132231.567965,
A,one_point_five_mustar*b,c^2,1.1824e+07,1.62027e+06,+629.751757,
A,one_point_five_mustar*b,b^2,1.1824e+07,1.75226e+07,-32.521523,
A,one_point_five_mustar*b,t^2,1.1824e+07,2.97908e+10,-99.960310,
A,one_point_five_mustar*t,e^2,4.87534e+08,0.26112,+186709008482.597473,
A,one_point_five_mustar*t,mu^2,4.87534e+08,11163.7,+4367043.184916,
A,one_point_five_mustar*t,tau^2,4.87534e+08,3.15748e+06,+15340.616989,
A,one_point_five_mustar*t,u^2,4.87534e+08,4.83032,+10093201583.000751,
A,one_point_five_mustar*t,d^2,4.87534e+08,22.8699,+2131771822.689376,
A,one_point_five_mustar*t,s^2,4.87534e+08,8935.12,+5456285.243831,
A,one_point_five_mustar*t,c^2,4.87534e+08,1.62027e+06,+29989.620933,
A,one_point_five_mustar*t,b^2,4.87534e+08,1.75226e+07,+2682.318488,
A,one_point_five_mustar*t,t^2,4.87534e+08,2.97908e+10,-98.363471,
S,e+mu,tau,106.169,1776.93,-94.025123,
S,e+mu,u,106.169,2.1978,+4730.711368,
S,e+mu,d,106.169,4.78225,+2120.071608,
S,e+mu,s,106.169,94.5258,+12.317939,
S,e+mu,c,106.169,1272.9,-91.659253,
S,e+mu,b,106.169,4186,-97.463703,
S,e+mu,t,106.169,172600,-99.938488,
S,e+mu,A:tau,106.169,1776.93,-94.025123,
S,e+mu,A:two_tau,106.169,3553.86,-97.012562,
S,e+tau,mu,1777.44,105.658,+1582.252818,
S,e+tau,u,1777.44,2.1978,+80773.646326,
S,e+tau,d,1777.44,4.78225,+37067.462992,
S,e+tau,s,1777.44,94.5258,+1780.377568,
S,e+tau,c,1777.44,1272.9,+39.637128,
S,e+tau,b,1777.44,4186,-57.538438,
S,e+tau,t,1777.44,172600,-98.970196,
S,e+u,mu,2.7088,105.658,-97.436267,
S,e+u,tau,2.7088,1776.93,-99.847557,
S,e+u,d,2.7088,4.78225,-43.357228,
S,e+u,s,2.7088,94.5258,-97.134327,
S,e+u,c,2.7088,1272.9,-99.787195,
S,e+u,b,2.7088,4186,-99.935289,
S,e+u,t,2.7088,172600,-99.998431,
S,e+u,A:tau,2.7088,1776.93,-99.847557,
S,e+u,A:two_tau,2.7088,3553.86,-99.923779,
S,e+d,mu,5.29325,105.658,-94.990223,
S,e+d,tau,5.29325,1776.93,-99.702113,
S,e+d,u,5.29325,2.1978,+140.843068,
S,e+d,s,5.29325,94.5258,-94.400204,
S,e+d,c,5.29325,1272.9,-99.584158,
S,e+d,b,5.29325,4186,-99.873549,
S,e+d,t,5.29325,172600,-99.996933,
S,e+d,A:tau,5.29325,1776.93,-99.702113,
S,e+d,A:two_tau,5.29325,3553.86,-99.851056,
S,e+s,mu,95.0367,105.658,-10.052801,
S,e+s,tau,95.0367,1776.93,-94.651632,
S,e+s,u,95.0367,2.1978,+4224.176401,
S,e+s,d,95.0367,4.78225,+1887.281070,
S,e+s,c,95.0367,1272.9,-92.533840,
S,e+s,b,95.0367,4186,-97.729652,
S,e+s,t,95.0367,172600,-99.944938,
S,e+s,A:tau,95.0367,1776.93,-94.651632,
S,e+s,A:two_tau,95.0367,3553.86,-97.325816,
S,e+c,mu,1273.41,105.658,+1105.215387,
S,e+c,tau,1273.41,1776.93,-28.336457,
S,e+c,u,1273.41,2.1978,+57840.258393,
S,e+c,d,1273.41,4.78225,+26527.863431,
S,e+c,s,1273.41,94.5258,+1247.157784,
S,e+c,b,1273.41,4186,-69.579288,
S,e+c,t,1273.41,172600,-99.262218,
S,e+c,A:tau,1273.41,1776.93,-28.336457,
S,e+c,A:two_tau,1273.41,3553.86,-64.168228,
S,e+b,mu,4186.51,105.658,+3862.308695,
S,e+b,tau,4186.51,1776.93,+135.603597,
S,e+b,u,4186.51,2.1978,+190386.440939,
S,e+b,d,4186.51,4.78225,+87442.704772,
S,e+b,s,4186.51,94.5258,+4328.963535,
S,e+b,c,4186.51,1272.9,+228.895514,
S,e+b,t,4186.51,172600,-97.574443,
S,e+b,A:tau,4186.51,1776.93,+135.603597,
S,e+b,A:two_tau,4186.51,3553.86,+17.801799,
S,e+t,mu,172601,105.658,+163257.150043,
S,e+t,tau,172601,1776.93,+9613.410826,
S,e+t,u,172601,2.1978,+7853231.103783,
S,e+t,d,172601,4.78225,+3609090.464717,
S,e+t,s,172601,94.5258,+182496.288312,
S,e+t,c,172601,1272.9,+13459.628486,
S,e+t,b,172601,4186,+4023.280244,
S,e+t,A:tau,172601,1776.93,+9613.410826,
S,e+t,A:two_tau,172601,3553.86,+4756.705413,
S,mu+tau,e,1882.59,0.510999,+368313.354461,
S,mu+tau,u,1882.59,2.1978,+85557.856743,
S,mu+tau,d,1882.59,4.78225,+39266.163950,
S,mu+tau,s,1882.59,94.5258,+1891.614323,
S,mu+tau,c,1882.59,1272.9,+47.897586,
S,mu+tau,b,1882.59,4186,-55.026556,
S,mu+tau,t,1882.59,172600,-98.909277,
S,mu+tau,A:P_2me,1882.59,1.022,+184106.677231,
S,mu+u,e,107.856,0.510999,+21006.927001,
S,mu+u,tau,107.856,1776.93,-93.930196,
S,mu+u,d,107.856,4.78225,+2155.343729,
S,mu+u,s,107.856,94.5258,+14.102428,
S,mu+u,c,107.856,1272.9,-91.526736,
S,mu+u,b,107.856,4186,-97.423407,
S,mu+u,t,107.856,172600,-99.937511,
S,mu+u,A:P_2me,107.856,1.022,+10453.463501,
S,mu+u,A:tau,107.856,1776.93,-93.930196,
S,mu+u,A:two_tau,107.856,3553.86,-96.965098,
S,mu+d,e,110.441,0.510999,+21512.691249,
S,mu+d,tau,110.441,1776.93,-93.784751,
S,mu+d,u,110.441,2.1978,+4925.053485,
S,mu+d,s,110.441,94.5258,+16.836550,
S,mu+d,c,110.441,1272.9,-91.323700,
S,mu+d,b,110.441,4186,-97.361667,
S,mu+d,t,110.441,172600,-99.936014,
S,mu+d,A:P_2me,110.441,1.022,+10706.345625,
S,mu+d,A:tau,110.441,1776.93,-93.784751,
S,mu+d,A:two_tau,110.441,3553.86,-96.892375,
S,mu+s,e,200.184,0.510999,+39075.056080,
S,mu+s,tau,200.184,1776.93,-88.734271,
S,mu+s,u,200.184,2.1978,+9008.386819,
S,mu+s,d,200.184,4.78225,+4085.982027,
S,mu+s,c,200.184,1272.9,-84.273382,
S,mu+s,b,200.184,4186,-95.217771,
S,mu+s,t,200.184,172600,-99.884018,
S,mu+s,A:P_2me,200.184,1.022,+19487.528040,
S,mu+s,A:tau,200.184,1776.93,-88.734271,
S,mu+s,A:two_tau,200.184,3553.86,-94.367135,
S,mu+c,e,1378.56,0.510999,+269677.144090,
S,mu+c,tau,1378.56,1776.93,-22.419095,
S,mu+c,u,1378.56,2.1978,+62624.468810,
S,mu+c,d,1378.56,4.78225,+28726.564389,
S,mu+c,s,1378.56,94.5258,+1358.394539,
S,mu+c,b,1378.56,4186,-67.067406,
S,mu+c,t,1378.56,172600,-99.201299,
S,mu+c,A:P_2me,1378.56,1.022,+134788.572045,
S,mu+c,A:tau,1378.56,1776.93,-22.419095,
S,mu+c,A:two_tau,1378.56,3553.86,-61.209547,
S,mu+b,e,4291.66,0.510999,+839756.592603,
S,mu+b,tau,4291.66,1776.93,+141.520959,
S,mu+b,u,4291.66,2.1978,+195170.651356,
S,mu+b,d,4291.66,4.78225,+89641.405730,
S,mu+b,s,4291.66,94.5258,+4440.200290,
S,mu+b,c,4291.66,1272.9,+237.155973,
S,mu+b,t,4291.66,172600,-97.513524,
S,mu+b,A:P_2me,4291.66,1.022,+419828.296301,
S,mu+b,A:tau,4291.66,1776.93,+141.520959,
S,mu+b,A:two_tau,4291.66,3553.86,+20.760479,
S,mu+t,e,172706,0.510999,+33797554.210893,
S,mu+t,tau,172706,1776.93,+9619.328188,
S,mu+t,u,172706,2.1978,+7858015.314201,
S,mu+t,d,172706,4.78225,+3611289.165675,
S,mu+t,s,172706,94.5258,+182607.525066,
S,mu+t,c,172706,1272.9,+13467.888945,
S,mu+t,b,172706,4186,+4025.792126,
S,mu+t,A:P_2me,172706,1.022,+16898727.105447,
S,mu+t,A:tau,172706,1776.93,+9619.328188,
S,mu+t,A:two_tau,172706,3553.86,+4759.664094,
S,tau+u,e,1779.13,0.510999,+348066.624921,
S,tau+u,mu,1779.13,105.658,+1583.849285,
S,tau+u,d,1779.13,4.78225,+37102.735114,
S,tau+u,s,1779.13,94.5258,+1782.162056,
S,tau+u,c,1779.13,1272.9,+39.769644,
S,tau+u,b,1779.13,4186,-57.498141,
S,tau+u,t,1779.13,172600,-98.969219,
S,tau+u,A:P_2me,1779.13,1.022,+173983.312461,
S,tau+d,e,1781.71,0.510999,+348572.389169,
S,tau+d,mu,1781.71,105.658,+1586.295328,
S,tau+d,u,1781.71,2.1978,+80967.988443,
S,tau+d,s,1781.71,94.5258,+1784.896179,
S,tau+d,c,1781.71,1272.9,+39.972680,
S,tau+d,b,1781.71,4186,-57.436401,
S,tau+d,t,1781.71,172600,-98.967722,
S,tau+d,A:P_2me,1781.71,1.022,+174236.194585,
S,tau+s,e,1871.46,0.510999,+366134.754000,
S,tau+s,mu,1871.46,105.658,+1671.232750,
S,tau+s,u,1871.46,2.1978,+85051.321776,
S,tau+s,d,1871.46,4.78225,+39033.373412,
S,tau+s,c,1871.46,1272.9,+47.022999,
S,tau+s,b,1871.46,4186,-55.292505,
S,tau+s,t,1871.46,172600,-98.915727,
S,tau+s,A:P_2me,1871.46,1.022,+183017.377000,
S,tau+c,e,3049.83,0.510999,+596736.842010,
S,tau+c,mu,3049.83,105.658,+2786.500938,
S,tau+c,u,3049.83,2.1978,+138667.403767,
S,tau+c,d,3049.83,4.78225,+63673.955774,
S,tau+c,s,3049.83,94.5258,+3126.454167,
S,tau+c,b,3049.83,4186,-27.142140,
S,tau+c,t,3049.83,172600,-98.233007,
S,tau+c,A:P_2me,3049.83,1.022,+298318.421005,
S,tau+b,e,5962.93,0.510999,+1166816.290522,
S,tau+b,mu,5962.93,105.658,+5543.594246,
S,tau+b,u,5962.93,2.1978,+271213.586314,
S,tau+b,d,5962.93,4.78225,+124588.797114,
S,tau+b,s,5962.93,94.5258,+6208.259919,
S,tau+b,c,5962.93,1272.9,+368.452353,
S,tau+b,t,5962.93,172600,-96.545232,
S,tau+b,A:P_2me,5962.93,1.022,+583358.145261,
S,tau+t,e,174377,0.510999,+34124613.908813,
S,tau+t,mu,174377,105.658,+164938.435595,
S,tau+t,u,174377,2.1978,+7934058.249158,
S,tau+t,d,174377,4.78225,+3646236.557060,
S,tau+t,s,174377,94.5258,+184375.584695,
S,tau+t,c,174377,1272.9,+13599.185325,
S,tau+t,b,174377,4186,+4065.717391,
S,tau+t,A:P_2me,174377,1.022,+17062256.954407,
S,u+d,e,6.98005,0.510999,+1265.961709,
S,u+d,mu,6.98005,105.658,-93.393756,
S,u+d,tau,6.98005,1776.93,-99.607185,
S,u+d,s,6.98005,94.5258,-92.615716,
S,u+d,c,6.98005,1272.9,-99.451642,
S,u+d,b,6.98005,4186,-99.833253,
S,u+d,t,6.98005,172600,-99.995956,
S,u+d,A:mustar,6.98005,1883.1,-99.629332,
S,u+d,A:P_2me,6.98005,1.022,+582.980855,
S,u+d,A:G,6.98005,2306.32,-99.697351,
S,u+d,A:tau,6.98005,1776.93,-99.607185,
S,u+d,A:mustar_plus_tau,6.98005,3660.03,-99.809290,
S,u+d,A:two_tau,6.98005,3553.86,-99.803592,
S,u+d,A:mustar_over_2,6.98005,941.55,-99.258664,
S,u+d,A:two_mustar,6.98005,3766.2,-99.814666,
S,u+d,A:one_point_five_mustar,6.98005,2824.65,-99.752888,
S,u+s,e,96.7236,0.510999,+18828.326539,
S,u+s,mu,96.7236,105.658,-8.456334,
S,u+s,tau,96.7236,1776.93,-94.556705,
S,u+s,d,96.7236,4.78225,+1922.553191,
S,u+s,c,96.7236,1272.9,-92.401324,
S,u+s,b,96.7236,4186,-97.689356,
S,u+s,t,96.7236,172600,-99.943961,
S,u+s,A:mustar,96.7236,1883.1,-94.863598,
S,u+s,A:P_2me,96.7236,1.022,+9364.163270,
S,u+s,A:G,96.7236,2306.32,-95.806145,
S,u+s,A:tau,96.7236,1776.93,-94.556705,
S,u+s,A:mustar_plus_tau,96.7236,3660.03,-97.357301,
S,u+s,A:two_tau,96.7236,3553.86,-97.278352,
S,u+s,A:mustar_over_2,96.7236,941.55,-89.727196,
S,u+s,A:two_mustar,96.7236,3766.2,-97.431799,
S,u+s,A:one_point_five_mustar,96.7236,2824.65,-96.575732,
S,u+c,e,1275.1,0.510999,+249430.414549,
S,u+c,mu,1275.1,105.658,+1106.811854,
S,u+c,tau,1275.1,1776.93,-28.241529,
S,u+c,d,1275.1,4.78225,+26563.135553,
S,u+c,s,1275.1,94.5258,+1248.942272,
S,u+c,b,1275.1,4186,-69.538992,
S,u+c,t,1275.1,172600,-99.261241,
S,u+c,A:mustar,1275.1,1883.1,-32.287280,
S,u+c,A:P_2me,1275.1,1.022,+124665.207275,
S,u+c,A:G,1275.1,2306.32,-44.712796,
S,u+c,A:tau,1275.1,1776.93,-28.241529,
S,u+c,A:mustar_plus_tau,1275.1,3660.03,-65.161542,
S,u+c,A:two_tau,1275.1,3553.86,-64.120764,
S,u+c,A:mustar_over_2,1275.1,941.55,+35.425439,
S,u+c,A:two_mustar,1275.1,3766.2,-66.143640,
S,u+c,A:one_point_five_mustar,1275.1,2824.65,-54.858187,
S,u+b,e,4188.2,0.510999,+819509.863062,
S,u+b,mu,4188.2,105.658,+3863.905161,
S,u+b,tau,4188.2,1776.93,+135.698525,
S,u+b,d,4188.2,4.78225,+87477.976894,
S,u+b,s,4188.2,94.5258,+4330.748024,
S,u+b,c,4188.2,1272.9,+229.028030,
S,u+b,t,4188.2,172600,-97.573466,
S,u+b,A:mustar,4188.2,1883.1,+122.409813,
S,u+b,A:P_2me,4188.2,1.022,+409704.931531,
S,u+b,A:G,4188.2,2306.32,+81.596852,
S,u+b,A:tau,4188.2,1776.93,+135.698525,
S,u+b,A:mustar_plus_tau,4188.2,3660.03,+14.430715,
S,u+b,A:two_tau,4188.2,3553.86,+17.849262,
S,u+b,A:mustar_over_2,4188.2,941.55,+344.819626,
S,u+b,A:two_mustar,4188.2,3766.2,+11.204907,
S,u+b,A:one_point_five_mustar,4188.2,2824.65,+48.273209,
S,u+t,e,172602,0.510999,+33777307.481353,
S,u+t,mu,172602,105.658,+163258.746510,
S,u+t,tau,172602,1776.93,+9613.505754,
S,u+t,d,172602,4.78225,+3609125.736839,
S,u+t,s,172602,94.5258,+182498.072800,
S,u+t,c,172602,1272.9,+13459.761002,
S,u+t,b,172602,4186,+4023.320540,
S,u+t,A:mustar,172602,1883.1,+9065.857105,
S,u+t,A:P_2me,172602,1.022,+16888603.740677,
S,u+t,A:G,172602,2306.32,+7383.890987,
S,u+t,A:tau,172602,1776.93,+9613.505754,
S,u+t,A:mustar_plus_tau,172602,3660.03,+4615.869195,
S,u+t,A:two_tau,172602,3553.86,+4756.752877,
S,u+t,A:mustar_over_2,172602,941.55,+18231.714209,
S,u+t,A:two_mustar,172602,3766.2,+4482.928552,
S,u+t,A:one_point_five_mustar,172602,2824.65,+6010.571403,
S,d+s,e,99.308,0.510999,+19334.090787,
S,d+s,mu,99.308,105.658,-6.010291,
S,d+s,tau,99.308,1776.93,-94.411260,
S,d+s,u,99.308,2.1978,+4418.518519,
S,d+s,c,99.308,1272.9,-92.198287,
S,d+s,b,99.308,4186,-97.627616,
S,d+s,t,99.308,172600,-99.942463,
S,d+s,A:mustar,99.308,1883.1,-94.726354,
S,d+s,A:P_2me,99.308,1.022,+9617.045394,
S,d+s,A:G,99.308,2306.32,-95.694086,
S,d+s,A:tau,99.308,1776.93,-94.411260,
S,d+s,A:mustar_plus_tau,99.308,3660.03,-97.286688,
S,d+s,A:two_tau,99.308,3553.86,-97.205630,
S,d+s,A:mustar_over_2,99.308,941.55,-89.452707,
S,d+s,A:two_mustar,99.308,3766.2,-97.363177,
S,d+s,A:one_point_five_mustar,99.308,2824.65,-96.484236,
S,d+c,e,1277.68,0.510999,+249936.178797,
S,d+c,mu,1277.68,105.658,+1109.257897,
S,d+c,tau,1277.68,1776.93,-28.096084,
S,d+c,u,1277.68,2.1978,+58034.600510,
S,d+c,s,1277.68,94.5258,+1251.676395,
S,d+c,b,1277.68,4186,-69.477252,
S,d+c,t,1277.68,172600,-99.259744,
S,d+c,A:mustar,1277.68,1883.1,-32.150036,
S,d+c,A:P_2me,1277.68,1.022,+124918.089399,
S,d+c,A:G,1277.68,2306.32,-44.600736,
S,d+c,A:tau,1277.68,1776.93,-28.096084,
S,d+c,A:mustar_plus_tau,1277.68,3660.03,-65.090929,
S,d+c,A:two_tau,1277.68,3553.86,-64.048042,
S,d+c,A:mustar_over_2,1277.68,941.55,+35.699928,
S,d+c,A:two_mustar,1277.68,3766.2,-66.075018,
S,d+c,A:one_point_five_mustar,1277.68,2824.65,-54.766691,
S,d+b,e,4190.78,0.510999,+820015.627310,
S,d+b,mu,4190.78,105.658,+3866.351205,
S,d+b,tau,4190.78,1776.93,+135.843970,
S,d+b,u,4190.78,2.1978,+190580.783056,
S,d+b,s,4190.78,94.5258,+4333.482146,
S,d+b,c,4190.78,1272.9,+229.231067,
S,d+b,t,4190.78,172600,-97.571969,
S,d+b,A:mustar,4190.78,1883.1,+122.547058,
S,d+b,A:P_2me,4190.78,1.022,+409957.813655,
S,d+b,A:G,4190.78,2306.32,+81.708912,
S,d+b,A:tau,4190.78,1776.93,+135.843970,
S,d+b,A:mustar_plus_tau,4190.78,3660.03,+14.501328,
S,d+b,A:two_tau,4190.78,3553.86,+17.921985,
S,d+b,A:mustar_over_2,4190.78,941.55,+345.094115,
S,d+b,A:two_mustar,4190.78,3766.2,+11.273529,
S,d+b,A:one_point_five_mustar,4190.78,2824.65,+48.364705,
S,d+t,e,172605,0.510999,+33777813.245601,
S,d+t,mu,172605,105.658,+163261.192554,
S,d+t,tau,172605,1776.93,+9613.651199,
S,d+t,u,172605,2.1978,+7853425.445900,
S,d+t,s,172605,94.5258,+182500.806923,
S,d+t,c,172605,1272.9,+13459.964039,
S,d+t,b,172605,4186,+4023.382280,
S,d+t,A:mustar,172605,1883.1,+9065.994349,
S,d+t,A:P_2me,172605,1.022,+16888856.622801,
S,d+t,A:G,172605,2306.32,+7384.003047,
S,d+t,A:tau,172605,1776.93,+9613.651199,
S,d+t,A:mustar_plus_tau,172605,3660.03,+4615.939808,
S,d+t,A:two_tau,172605,3553.86,+4756.825599,
S,d+t,A:mustar_over_2,172605,941.55,+18231.988698,
S,d+t,A:two_mustar,172605,3766.2,+4482.997175,
S,d+t,A:one_point_five_mustar,172605,2824.65,+6010.662899,
S,s+c,e,1367.43,0.510999,+267498.543628,
S,s+c,mu,1367.43,105.658,+1194.195319,
S,s+c,tau,1367.43,1776.93,-23.045604,
S,s+c,u,1367.43,2.1978,+62117.933843,
S,s+c,d,1367.43,4.78225,+28493.773851,
S,s+c,b,1367.43,4186,-67.333355,
S,s+c,t,1367.43,172600,-99.207749,
S,s+c,A:mustar,1367.43,1883.1,-27.384302,
S,s+c,A:P_2me,1367.43,1.022,+133699.271814,
S,s+c,A:G,1367.43,2306.32,-40.709531,
S,s+c,A:tau,1367.43,1776.93,-23.045604,
S,s+c,A:mustar_plus_tau,1367.43,3660.03,-62.638941,
S,s+c,A:two_tau,1367.43,3553.86,-61.522802,
S,s+c,A:mustar_over_2,1367.43,941.55,+45.231395,
S,s+c,A:two_mustar,1367.43,3766.2,-63.692151,
S,s+c,A:one_point_five_mustar,1367.43,2824.65,-51.589535,
S,s+b,e,4280.53,0.510999,+837577.992141,
S,s+b,mu,4280.53,105.658,+3951.288627,
S,s+b,tau,4280.53,1776.93,+140.894450,
S,s+b,u,4280.53,2.1978,+194664.116389,
S,s+b,d,4280.53,4.78225,+89408.615192,
S,s+b,c,4280.53,1272.9,+236.281385,
S,s+b,t,4280.53,172600,-97.519973,
S,s+b,A:mustar,4280.53,1883.1,+127.312791,
S,s+b,A:P_2me,4280.53,1.022,+418738.996070,
S,s+b,A:G,4280.53,2306.32,+85.600117,
S,s+b,A:tau,4280.53,1776.93,+140.894450,
S,s+b,A:mustar_plus_tau,4280.53,3660.03,+16.953317,
S,s+b,A:two_tau,4280.53,3553.86,+20.447225,
S,s+b,A:mustar_over_2,4280.53,941.55,+354.625582,
S,s+b,A:two_mustar,4280.53,3766.2,+13.656396,
S,s+b,A:one_point_five_mustar,4280.53,2824.65,+51.541861,
S,s+t,e,172695,0.510999,+33795375.610432,
S,s+t,mu,172695,105.658,+163346.129976,
S,s+t,tau,172695,1776.93,+9618.701679,
S,s+t,u,172695,2.1978,+7857508.779234,
S,s+t,d,172695,4.78225,+3611056.375137,
S,s+t,c,172695,1272.9,+13467.014357,
S,s+t,b,172695,4186,+4025.526177,
S,s+t,A:mustar,172695,1883.1,+9070.760083,
S,s+t,A:P_2me,172695,1.022,+16897637.805216,
S,s+t,A:G,172695,2306.32,+7387.894252,
S,s+t,A:tau,172695,1776.93,+9618.701679,
S,s+t,A:mustar_plus_tau,172695,3660.03,+4618.391796,
S,s+t,A:two_tau,172695,3553.86,+4759.350840,
S,s+t,A:mustar_over_2,172695,941.55,+18241.520165,
S,s+t,A:two_mustar,172695,3766.2,+4485.380041,
S,s+t,A:one_point_five_mustar,172695,2824.65,+6013.840055,
S,c+b,e,5458.9,0.510999,+1068180.080151,
S,c+b,mu,5458.9,105.658,+5066.556815,
S,c+b,tau,5458.9,1776.93,+207.209626,
S,c+b,u,5458.9,2.1978,+248280.198380,
S,c+b,d,5458.9,4.78225,+114049.197553,
S,c+b,s,5458.9,94.5258,+5675.040135,
S,c+b,t,5458.9,172600,-96.837254,
S,c+b,A:mustar,5458.9,1883.1,+189.889109,
S,c+b,A:P_2me,5458.9,1.022,+534040.040075,
S,c+b,A:G,5458.9,2306.32,+136.693466,
S,c+b,A:tau,5458.9,1776.93,+207.209626,
S,c+b,A:mustar_plus_tau,5458.9,3660.03,+49.149076,
S,c+b,A:two_tau,5458.9,3553.86,+53.604813,
S,c+b,A:mustar_over_2,5458.9,941.55,+479.778218,
S,c+b,A:two_mustar,5458.9,3766.2,+44.944555,
S,c+b,A:one_point_five_mustar,5458.9,2824.65,+93.259406,
S,c+t,e,173873,0.510999,+34025977.698441,
S,c+t,mu,173873,105.658,+164461.398164,
S,c+t,tau,173873,1776.93,+9685.016855,
S,c+t,u,173873,2.1978,+7911124.861225,
S,c+t,d,173873,4.78225,+3635696.957499,
S,c+t,s,173873,94.5258,+183842.364911,
S,c+t,b,173873,4186,+4053.676541,
S,c+t,A:mustar,173873,1883.1,+9133.336401,
S,c+t,A:P_2me,173873,1.022,+17012938.849221,
S,c+t,A:G,173873,2306.32,+7438.987602,
S,c+t,A:tau,173873,1776.93,+9685.016855,
S,c+t,A:mustar_plus_tau,173873,3660.03,+4650.587556,
S,c+t,A:two_tau,173873,3553.86,+4792.508427,
S,c+t,A:mustar_over_2,173873,941.55,+18366.672801,
S,c+t,A:two_mustar,173873,3766.2,+4516.668200,
S,c+t,A:one_point_five_mustar,173873,2824.65,+6055.557600,
S,b+t,e,176786,0.510999,+34596057.146954,
S,b+t,mu,176786,105.658,+167218.491472,
S,b+t,tau,176786,1776.93,+9848.956909,
S,b+t,u,176786,2.1978,+8043671.043771,
S,b+t,d,176786,4.78225,+3696611.798839,
S,b+t,s,176786,94.5258,+186924.170662,
S,b+t,c,176786,1272.9,+13788.443711,
S,b+t,A:mustar,176786,1883.1,+9288.033494,
S,b+t,A:P_2me,176786,1.022,+17297978.573477,
S,b+t,A:G,176786,2306.32,+7565.297250,
S,b+t,A:tau,176786,1776.93,+9848.956909,
S,b+t,A:mustar_plus_tau,176786,3660.03,+4730.179813,
S,b+t,A:two_tau,176786,3553.86,+4874.478454,
S,b+t,A:mustar_over_2,176786,941.55,+18676.066988,
S,b+t,A:two_mustar,176786,3766.2,+4594.016747,
S,b+t,A:one_point_five_mustar,176786,2824.65,+6158.688996,
D,|e-mu|,tau,105.147,1776.93,-94.082638,
D,|e-mu|,u,105.147,2.1978,+4684.210417,
D,|e-mu|,d,105.147,4.78225,+2098.700958,
D,|e-mu|,s,105.147,94.5258,+11.236755,
D,|e-mu|,c,105.147,1272.9,-91.739541,
D,|e-mu|,b,105.147,4186,-97.488118,
D,|e-mu|,t,105.147,172600,-99.939080,
D,|e-mu|,A:tau,105.147,1776.93,-94.082638,
D,|e-mu|,A:two_tau,105.147,3553.86,-97.041319,
D,|e-tau|,mu,1776.42,105.658,+1581.285551,
D,|e-tau|,u,1776.42,2.1978,+80727.145375,
D,|e-tau|,d,1776.42,4.78225,+37046.092343,
D,|e-tau|,s,1776.42,94.5258,+1779.296383,
D,|e-tau|,c,1776.42,1272.9,+39.556839,
D,|e-tau|,b,1776.42,4186,-57.562852,
D,|e-tau|,t,1776.42,172600,-98.970789,
D,|e-u|,mu,1.6868,105.658,-98.403533,
D,|e-u|,tau,1.6868,1776.93,-99.905072,
D,|e-u|,d,1.6868,4.78225,-64.727878,
D,|e-u|,s,1.6868,94.5258,-98.215512,
D,|e-u|,c,1.6868,1272.9,-99.867484,
D,|e-u|,b,1.6868,4186,-99.959704,
D,|e-u|,t,1.6868,172600,-99.999023,
D,|e-u|,A:tau,1.6868,1776.93,-99.905072,
D,|e-u|,A:two_tau,1.6868,3553.86,-99.952536,
D,|e-d|,mu,4.27125,105.658,-95.957489,
D,|e-d|,tau,4.27125,1776.93,-99.759628,
D,|e-d|,u,4.27125,2.1978,+94.342117,
D,|e-d|,s,4.27125,94.5258,-95.481389,
D,|e-d|,c,4.27125,1272.9,-99.664447,
D,|e-d|,b,4.27125,4186,-99.897963,
D,|e-d|,t,4.27125,172600,-99.997525,
D,|e-d|,A:tau,4.27125,1776.93,-99.759628,
D,|e-d|,A:two_tau,4.27125,3553.86,-99.879814,
D,|e-s|,mu,94.0148,105.658,-11.020068,
D,|e-s|,tau,94.0148,1776.93,-94.709147,
D,|e-s|,u,94.0148,2.1978,+4177.675450,
D,|e-s|,d,94.0148,4.78225,+1865.910420,
D,|e-s|,c,94.0148,1272.9,-92.614129,
D,|e-s|,b,94.0148,4186,-97.754067,
D,|e-s|,t,94.0148,172600,-99.945530,
D,|e-s|,A:tau,94.0148,1776.93,-94.709147,
D,|e-s|,A:two_tau,94.0148,3553.86,-97.354574,
D,|e-c|,mu,1272.39,105.658,+1104.248120,
D,|e-c|,tau,1272.39,1776.93,-28.393972,
D,|e-c|,u,1272.39,2.1978,+57793.757442,
D,|e-c|,d,1272.39,4.78225,+26506.492782,
D,|e-c|,s,1272.39,94.5258,+1246.076599,
D,|e-c|,b,1272.39,4186,-69.603703,
D,|e-c|,t,1272.39,172600,-99.262811,
D,|e-c|,A:tau,1272.39,1776.93,-28.393972,
D,|e-c|,A:two_tau,1272.39,3553.86,-64.196986,
D,|e-b|,mu,4185.49,105.658,+3861.341428,
D,|e-b|,tau,4185.49,1776.93,+135.546082,
D,|e-b|,u,4185.49,2.1978,+190339.939988,
D,|e-b|,d,4185.49,4.78225,+87421.334122,
D,|e-b|,s,4185.49,94.5258,+4327.882351,
D,|e-b|,c,4185.49,1272.9,+228.815225,
D,|e-b|,t,4185.49,172600,-97.575035,
D,|e-b|,A:tau,4185.49,1776.93,+135.546082,
D,|e-b|,A:two_tau,4185.49,3553.86,+17.773041,
D,|e-t|,mu,172599,105.658,+163256.182777,
D,|e-t|,tau,172599,1776.93,+9613.353312,
D,|e-t|,u,172599,2.1978,+7853184.602832,
D,|e-t|,d,172599,4.78225,+3609069.094068,
D,|e-t|,s,172599,94.5258,+182495.207127,
D,|e-t|,c,172599,1272.9,+13459.548197,
D,|e-t|,b,172599,4186,+4023.255829,
D,|e-t|,A:tau,172599,1776.93,+9613.353312,
D,|e-t|,A:two_tau,172599,3553.86,+4756.676656,
D,|mu-tau|,e,1671.27,0.510999,+326959.697920,
D,|mu-tau|,u,1671.27,2.1978,+75942.934958,
D,|mu-tau|,d,1671.27,4.78225,+34847.391385,
D,|mu-tau|,s,1671.27,94.5258,+1668.059629,
D,|mu-tau|,c,1671.27,1272.9,+31.296380,
D,|mu-tau|,b,1671.27,4186,-60.074734,
D,|mu-tau|,t,1671.27,172600,-99.031708,
D,|mu-tau|,A:P_2me,1671.27,1.022,+163429.848960,
D,|mu-u|,e,103.461,0.510999,+20146.729540,
D,|mu-u|,tau,103.461,1776.93,-94.177566,
D,|mu-u|,d,103.461,4.78225,+2063.428836,
D,|mu-u|,s,103.461,94.5258,+9.452266,
D,|mu-u|,c,103.461,1272.9,-91.872058,
D,|mu-u|,b,103.461,4186,-97.528414,
D,|mu-u|,t,103.461,172600,-99.940058,
D,|mu-u|,A:P_2me,103.461,1.022,+10023.364770,
D,|mu-u|,A:tau,103.461,1776.93,-94.177566,
D,|mu-u|,A:two_tau,103.461,3553.86,-97.088783,
D,|mu-d|,e,100.876,0.510999,+19640.965292,
D,|mu-d|,tau,100.876,1776.93,-94.323011,
D,|mu-d|,u,100.876,2.1978,+4489.868300,
D,|mu-d|,s,100.876,94.5258,+6.718143,
D,|mu-d|,c,100.876,1272.9,-92.075094,
D,|mu-d|,b,100.876,4186,-97.590155,
D,|mu-d|,t,100.876,172600,-99.941555,
D,|mu-d|,A:P_2me,100.876,1.022,+9770.482646,
D,|mu-d|,A:tau,100.876,1776.93,-94.323011,
D,|mu-d|,A:two_tau,100.876,3553.86,-97.161505,
D,|mu-s|,e,11.1326,0.510999,+2078.600462,
D,|mu-s|,tau,11.1326,1776.93,-99.373491,
D,|mu-s|,u,11.1326,2.1978,+406.534967,
D,|mu-s|,d,11.1326,4.78225,+132.790538,
D,|mu-s|,c,11.1326,1272.9,-99.125412,
D,|mu-s|,b,11.1326,4186,-99.734051,
D,|mu-s|,t,11.1326,172600,-99.993550,
D,|mu-s|,A:P_2me,11.1326,1.022,+989.300231,
D,|mu-s|,A:tau,11.1326,1776.93,-99.373491,
D,|mu-s|,A:two_tau,11.1326,3553.86,-99.686746,
D,|mu-c|,e,1167.24,0.510999,+228323.487548,
D,|mu-c|,tau,1167.24,1776.93,-34.311333,
D,|mu-c|,u,1167.24,2.1978,+53009.547024,
D,|mu-c|,d,1167.24,4.78225,+24307.791824,
D,|mu-c|,s,1167.24,94.5258,+1134.839845,
D,|mu-c|,b,1167.24,4186,-72.115585,
D,|mu-c|,t,1167.24,172600,-99.323730,
D,|mu-c|,A:P_2me,1167.24,1.022,+114111.743774,
D,|mu-c|,A:tau,1167.24,1776.93,-34.311333,
D,|mu-c|,A:two_tau,1167.24,3553.86,-67.155667,
D,|mu-b|,e,4080.34,0.510999,+798402.936061,
D,|mu-b|,tau,4080.34,1776.93,+129.628721,
D,|mu-b|,u,4080.34,2.1978,+185555.729570,
D,|mu-b|,d,4080.34,4.78225,+85222.633164,
D,|mu-b|,s,4080.34,94.5258,+4216.645596,
D,|mu-b|,c,4080.34,1272.9,+220.554767,
D,|mu-b|,t,4080.34,172600,-97.635955,
D,|mu-b|,A:P_2me,4080.34,1.022,+399151.468030,
D,|mu-b|,A:tau,4080.34,1776.93,+129.628721,
D,|mu-b|,A:two_tau,4080.34,3553.86,+14.814360,
D,|mu-t|,e,172494,0.510999,+33756200.554352,
D,|mu-t|,tau,172494,1776.93,+9607.435950,
D,|mu-t|,u,172494,2.1978,+7848400.392415,
D,|mu-t|,d,172494,4.78225,+3606870.393110,
D,|mu-t|,s,172494,94.5258,+182383.970373,
D,|mu-t|,c,172494,1272.9,+13451.287739,
D,|mu-t|,b,172494,4186,+4020.743947,
D,|mu-t|,A:P_2me,172494,1.022,+16878050.277176,
D,|mu-t|,A:tau,172494,1776.93,+9607.435950,
D,|mu-t|,A:two_tau,172494,3553.86,+4753.717975,
D,|tau-u|,e,1774.73,0.510999,+347206.427460,
D,|tau-u|,mu,1774.73,105.658,+1579.689084,
D,|tau-u|,d,1774.73,4.78225,+37010.820221,
D,|tau-u|,s,1774.73,94.5258,+1777.511895,
D,|tau-u|,c,1774.73,1272.9,+39.424322,
D,|tau-u|,b,1774.73,4186,-57.603149,
D,|tau-u|,t,1774.73,172600,-98.971766,
D,|tau-u|,A:P_2me,1774.73,1.022,+173553.213730,
D,|tau-d|,e,1772.15,0.510999,+346700.663212,
D,|tau-d|,mu,1772.15,105.658,+1577.243041,
D,|tau-d|,u,1772.15,2.1978,+80532.803258,
D,|tau-d|,s,1772.15,94.5258,+1774.777772,
D,|tau-d|,c,1772.15,1272.9,+39.221286,
D,|tau-d|,b,1772.15,4186,-57.664889,
D,|tau-d|,t,1772.15,172600,-98.973263,
D,|tau-d|,A:P_2me,1772.15,1.022,+173300.331606,
D,|tau-s|,e,1682.4,0.510999,+329138.298382,
D,|tau-s|,mu,1682.4,105.658,+1492.305619,
D,|tau-s|,u,1682.4,2.1978,+76449.469924,
D,|tau-s|,d,1682.4,4.78225,+35080.181923,
D,|tau-s|,c,1682.4,1272.9,+32.170968,
D,|tau-s|,b,1682.4,4186,-59.808785,
D,|tau-s|,t,1682.4,172600,-99.025258,
D,|tau-s|,A:P_2me,1682.4,1.022,+164519.149191,
D,|tau-c|,e,504.03,0.510999,+98536.210372,
D,|tau-c|,mu,504.03,105.658,+377.037431,
D,|tau-c|,u,504.03,2.1978,+22833.387933,
D,|tau-c|,d,504.03,4.78225,+10439.599561,
D,|tau-c|,s,504.03,94.5258,+433.219784,
D,|tau-c|,b,504.03,4186,-87.959150,
D,|tau-c|,t,504.03,172600,-99.707978,
D,|tau-c|,A:P_2me,504.03,1.022,+49218.105186,
D,|tau-b|,e,2409.07,0.510999,+471343.238141,
D,|tau-b|,mu,2409.07,105.658,+2180.055877,
D,|tau-b|,u,2409.07,2.1978,+109512.794613,
D,|tau-b|,d,2409.07,4.78225,+50275.241779,
D,|tau-b|,s,2409.07,94.5258,+2448.585967,
D,|tau-b|,c,2409.07,1272.9,+89.258386,
D,|tau-b|,t,2409.07,172600,-98.604247,
D,|tau-b|,A:P_2me,2409.07,1.022,+235621.619071,
D,|tau-t|,e,170823,0.510999,+33429140.856432,
D,|tau-t|,mu,170823,105.658,+161574.897226,
D,|tau-t|,u,170823,2.1978,+7772357.457457,
D,|tau-t|,d,170823,4.78225,+3571923.001725,
D,|tau-t|,s,170823,94.5258,+180615.910744,
D,|tau-t|,c,170823,1272.9,+13319.991358,
D,|tau-t|,b,170823,4186,+3980.818681,
D,|tau-t|,A:P_2me,170823,1.022,+16714520.428216,
D,|u-d|,e,2.58445,0.510999,+405.764248,
D,|u-d|,mu,2.58445,105.658,-97.553956,
D,|u-d|,tau,2.58445,1776.93,-99.854555,
D,|u-d|,s,2.58445,94.5258,-97.265877,
D,|u-d|,c,2.58445,1272.9,-99.796964,
D,|u-d|,b,2.58445,4186,-99.938260,
D,|u-d|,t,2.58445,172600,-99.998503,
D,|u-d|,A:mustar,2.58445,1883.1,-99.862756,
D,|u-d|,A:P_2me,2.58445,1.022,+152.882124,
D,|u-d|,A:G,2.58445,2306.32,-99.887940,
D,|u-d|,A:tau,2.58445,1776.93,-99.854555,
D,|u-d|,A:mustar_plus_tau,2.58445,3660.03,-99.929387,
D,|u-d|,A:two_tau,2.58445,3553.86,-99.927278,
D,|u-d|,A:mustar_over_2,2.58445,941.55,-99.725511,
D,|u-d|,A:two_mustar,2.58445,3766.2,-99.931378,
D,|u-d|,A:one_point_five_mustar,2.58445,2824.65,-99.908504,
D,|u-s|,e,92.328,0.510999,+17968.129078,
D,|u-s|,mu,92.328,105.658,-12.616535,
D,|u-s|,tau,92.328,1776.93,-94.804075,
D,|u-s|,d,92.328,4.78225,+1830.638298,
D,|u-s|,c,92.328,1272.9,-92.746645,
D,|u-s|,b,92.328,4186,-97.794363,
D,|u-s|,t,92.328,172600,-99.946508,
D,|u-s|,A:mustar,92.328,1883.1,-95.097022,
D,|u-s|,A:P_2me,92.328,1.022,+8934.064539,
D,|u-s|,A:G,92.328,2306.32,-95.996735,
D,|u-s|,A:tau,92.328,1776.93,-94.804075,
D,|u-s|,A:mustar_plus_tau,92.328,3660.03,-97.477399,
D,|u-s|,A:two_tau,92.328,3553.86,-97.402038,
D,|u-s|,A:mustar_over_2,92.328,941.55,-90.194044,
D,|u-s|,A:two_mustar,92.328,3766.2,-97.548511,
D,|u-s|,A:one_point_five_mustar,92.328,2824.65,-96.731348,
D,|u-c|,e,1270.7,0.510999,+248570.217088,
D,|u-c|,mu,1270.7,105.658,+1102.651653,
D,|u-c|,tau,1270.7,1776.93,-28.488899,
D,|u-c|,d,1270.7,4.78225,+26471.220660,
D,|u-c|,s,1270.7,94.5258,+1244.292111,
D,|u-c|,b,1270.7,4186,-69.643999,
D,|u-c|,t,1270.7,172600,-99.263788,
D,|u-c|,A:mustar,1270.7,1883.1,-32.520704,
D,|u-c|,A:P_2me,1270.7,1.022,+124235.108544,
D,|u-c|,A:G,1270.7,2306.32,-44.903386,
D,|u-c|,A:tau,1270.7,1776.93,-28.488899,
D,|u-c|,A:mustar_plus_tau,1270.7,3660.03,-65.281639,
D,|u-c|,A:two_tau,1270.7,3553.86,-64.244450,
D,|u-c|,A:mustar_over_2,1270.7,941.55,+34.958592,
D,|u-c|,A:two_mustar,1270.7,3766.2,-66.260352,
D,|u-c|,A:one_point_five_mustar,1270.7,2824.65,-55.013803,
D,|u-b|,e,4183.8,0.510999,+818649.665601,
D,|u-b|,mu,4183.8,105.658,+3859.744961,
D,|u-b|,tau,4183.8,1776.93,+135.451155,
D,|u-b|,d,4183.8,4.78225,+87386.062000,
D,|u-b|,s,4183.8,94.5258,+4326.097862,
D,|u-b|,c,4183.8,1272.9,+228.682709,
D,|u-b|,t,4183.8,172600,-97.576013,
D,|u-b|,A:mustar,4183.8,1883.1,+122.176389,
D,|u-b|,A:P_2me,4183.8,1.022,+409274.832801,
D,|u-b|,A:G,4183.8,2306.32,+81.406262,
D,|u-b|,A:tau,4183.8,1776.93,+135.451155,
D,|u-b|,A:mustar_plus_tau,4183.8,3660.03,+14.310618,
D,|u-b|,A:two_tau,4183.8,3553.86,+17.725577,
D,|u-b|,A:mustar_over_2,4183.8,941.55,+344.352779,
D,|u-b|,A:two_mustar,4183.8,3766.2,+11.088195,
D,|u-b|,A:one_point_five_mustar,4183.8,2824.65,+48.117593,
D,|u-t|,e,172598,0.510999,+33776447.283892,
D,|u-t|,mu,172598,105.658,+163254.586310,
D,|u-t|,tau,172598,1776.93,+9613.258384,
D,|u-t|,d,172598,4.78225,+3609033.821946,
D,|u-t|,s,172598,94.5258,+182493.422639,
D,|u-t|,c,172598,1272.9,+13459.415681,
D,|u-t|,b,172598,4186,+4023.215533,
D,|u-t|,A:mustar,172598,1883.1,+9065.623681,
D,|u-t|,A:P_2me,172598,1.022,+16888173.641946,
D,|u-t|,A:G,172598,2306.32,+7383.700398,
D,|u-t|,A:tau,172598,1776.93,+9613.258384,
D,|u-t|,A:mustar_plus_tau,172598,3660.03,+4615.749098,
D,|u-t|,A:two_tau,172598,3553.86,+4756.629192,
D,|u-t|,A:mustar_over_2,172598,941.55,+18231.247362,
D,|u-t|,A:two_mustar,172598,3766.2,+4482.811840,
D,|u-t|,A:one_point_five_mustar,172598,2824.65,+6010.415787,
D,|d-s|,e,89.7435,0.510999,+17462.364830,
D,|d-s|,mu,89.7435,105.658,-15.062578,
D,|d-s|,tau,89.7435,1776.93,-94.949520,
D,|d-s|,u,89.7435,2.1978,+3983.333333,
D,|d-s|,c,89.7435,1272.9,-92.949682,
D,|d-s|,b,89.7435,4186,-97.856104,
D,|d-s|,t,89.7435,172600,-99.948005,
D,|d-s|,A:mustar,89.7435,1883.1,-95.234266,
D,|d-s|,A:P_2me,89.7435,1.022,+8681.182415,
D,|d-s|,A:G,89.7435,2306.32,-96.108795,
D,|d-s|,A:tau,89.7435,1776.93,-94.949520,
D,|d-s|,A:mustar_plus_tau,89.7435,3660.03,-97.548011,
D,|d-s|,A:two_tau,89.7435,3553.86,-97.474760,
D,|d-s|,A:mustar_over_2,89.7435,941.55,-90.468533,
D,|d-s|,A:two_mustar,89.7435,3766.2,-97.617133,
D,|d-s|,A:one_point_five_mustar,89.7435,2824.65,-96.822844,
D,|d-c|,e,1268.12,0.510999,+248064.452840,
D,|d-c|,mu,1268.12,105.658,+1100.205610,
D,|d-c|,tau,1268.12,1776.93,-28.634344,
D,|d-c|,u,1268.12,2.1978,+57599.415324,
D,|d-c|,s,1268.12,94.5258,+1241.557988,
D,|d-c|,b,1268.12,4186,-69.705739,
D,|d-c|,t,1268.12,172600,-99.265285,
D,|d-c|,A:mustar,1268.12,1883.1,-32.657949,
D,|d-c|,A:P_2me,1268.12,1.022,+123982.226420,
D,|d-c|,A:G,1268.12,2306.32,-45.015445,
D,|d-c|,A:tau,1268.12,1776.93,-28.634344,
D,|d-c|,A:mustar_plus_tau,1268.12,3660.03,-65.352252,
D,|d-c|,A:two_tau,1268.12,3553.86,-64.317172,
D,|d-c|,A:mustar_over_2,1268.12,941.55,+34.684103,
D,|d-c|,A:two_mustar,1268.12,3766.2,-66.328974,
D,|d-c|,A:one_point_five_mustar,1268.12,2824.65,-55.105299,
D,|d-b|,e,4181.22,0.510999,+818143.901353,
D,|d-b|,mu,4181.22,105.658,+3857.298918,
D,|d-b|,tau,4181.22,1776.93,+135.305710,
D,|d-b|,u,4181.22,2.1978,+190145.597871,
D,|d-b|,s,4181.22,94.5258,+4323.363740,
D,|d-b|,c,4181.22,1272.9,+228.479672,
D,|d-b|,t,4181.22,172600,-97.577510,
D,|d-b|,A:mustar,4181.22,1883.1,+122.039145,
D,|d-b|,A:P_2me,4181.22,1.022,+409021.950677,
D,|d-b|,A:G,4181.22,2306.32,+81.294203,
D,|d-b|,A:tau,4181.22,1776.93,+135.305710,
D,|d-b|,A:mustar_plus_tau,4181.22,3660.03,+14.240005,
D,|d-b|,A:two_tau,4181.22,3553.86,+17.652855,
D,|d-b|,A:mustar_over_2,4181.22,941.55,+344.078290,
D,|d-b|,A:two_mustar,4181.22,3766.2,+11.019572,
D,|d-b|,A:one_point_five_mustar,4181.22,2824.65,+48.026097,
D,|d-t|,e,172595,0.510999,+33775941.519644,
D,|d-t|,mu,172595,105.658,+163252.140266,
D,|d-t|,tau,172595,1776.93,+9613.112939,
D,|d-t|,u,172595,2.1978,+7852990.260715,
D,|d-t|,s,172595,94.5258,+182490.688516,
D,|d-t|,c,172595,1272.9,+13459.212644,
D,|d-t|,b,172595,4186,+4023.153792,
D,|d-t|,A:mustar,172595,1883.1,+9065.486436,
D,|d-t|,A:P_2me,172595,1.022,+16887920.759822,
D,|d-t|,A:G,172595,2306.32,+7383.588338,
D,|d-t|,A:tau,172595,1776.93,+9613.112939,
D,|d-t|,A:mustar_plus_tau,172595,3660.03,+4615.678485,
D,|d-t|,A:two_tau,172595,3553.86,+4756.556470,
D,|d-t|,A:mustar_over_2,172595,941.55,+18230.972873,
D,|d-t|,A:two_mustar,172595,3766.2,+4482.743218,
D,|d-t|,A:one_point_five_mustar,172595,2824.65,+6010.324291,
D,|s-c|,e,1178.37,0.510999,+230502.088010,
D,|s-c|,mu,1178.37,105.658,+1015.268188,
D,|s-c|,tau,1178.37,1776.93,-33.684824,
D,|s-c|,u,1178.37,2.1978,+53516.081991,
D,|s-c|,d,1178.37,4.78225,+24540.582362,
D,|s-c|,b,1178.37,4186,-71.849636,
D,|s-c|,t,1178.37,172600,-99.317280,
D,|s-c|,A:mustar,1178.37,1883.1,-37.423682,
D,|s-c|,A:P_2me,1178.37,1.022,+115201.044005,
D,|s-c|,A:G,1178.37,2306.32,-48.906650,
D,|s-c|,A:tau,1178.37,1776.93,-33.684824,
D,|s-c|,A:mustar_plus_tau,1178.37,3660.03,-67.804241,
D,|s-c|,A:two_tau,1178.37,3553.86,-66.842412,
D,|s-c|,A:mustar_over_2,1178.37,941.55,+25.152636,
D,|s-c|,A:two_mustar,1178.37,3766.2,-68.711841,
D,|s-c|,A:one_point_five_mustar,1178.37,2824.65,-58.282455,
D,|s-b|,e,4091.47,0.510999,+800581.536523,
D,|s-b|,mu,4091.47,105.658,+3772.361496,
D,|s-b|,tau,4091.47,1776.93,+130.255230,
D,|s-b|,u,4091.47,2.1978,+186062.264537,
D,|s-b|,d,4091.47,4.78225,+85455.423702,
D,|s-b|,c,4091.47,1272.9,+221.429354,
D,|s-b|,t,4091.47,172600,-97.629505,
D,|s-b|,A:mustar,4091.47,1883.1,+117.273411,
D,|s-b|,A:P_2me,4091.47,1.022,+400240.768261,
D,|s-b|,A:G,4091.47,2306.32,+77.402997,
D,|s-b|,A:tau,4091.47,1776.93,+130.255230,
D,|s-b|,A:mustar_plus_tau,4091.47,3660.03,+11.788017,
D,|s-b|,A:two_tau,4091.47,3553.86,+15.127615,
D,|s-b|,A:mustar_over_2,4091.47,941.55,+334.546823,
D,|s-b|,A:two_mustar,4091.47,3766.2,+8.636706,
D,|s-b|,A:one_point_five_mustar,4091.47,2824.65,+44.848941,
D,|s-t|,e,172505,0.510999,+33758379.154814,
D,|s-t|,mu,172505,105.658,+163167.202845,
D,|s-t|,tau,172505,1776.93,+9608.062459,
D,|s-t|,u,172505,2.1978,+7848906.927382,
D,|s-t|,d,172505,4.78225,+3607103.183648,
D,|s-t|,c,172505,1272.9,+13452.162326,
D,|s-t|,b,172505,4186,+4021.009896,
D,|s-t|,A:mustar,172505,1883.1,+9060.720703,
D,|s-t|,A:P_2me,172505,1.022,+16879139.577407,
D,|s-t|,A:G,172505,2306.32,+7379.697133,
D,|s-t|,A:tau,172505,1776.93,+9608.062459,
D,|s-t|,A:mustar_plus_tau,172505,3660.03,+4613.226496,
D,|s-t|,A:two_tau,172505,3553.86,+4754.031229,
D,|s-t|,A:mustar_over_2,172505,941.55,+18221.441406,
D,|s-t|,A:two_mustar,172505,3766.2,+4480.360351,
D,|s-t|,A:one_point_five_mustar,172505,2824.65,+6007.147135,
D,|c-b|,e,2913.1,0.510999,+569979.448513,
D,|c-b|,mu,2913.1,105.658,+2657.093308,
D,|c-b|,tau,2913.1,1776.93,+63.940054,
D,|c-b|,u,2913.1,2.1978,+132446.182546,
D,|c-b|,d,2913.1,4.78225,+60814.841340,
D,|c-b|,s,2913.1,94.5258,+2981.805751,
D,|c-b|,t,2913.1,172600,-98.312225,
D,|c-b|,A:mustar,2913.1,1883.1,+54.697094,
D,|c-b|,A:P_2me,2913.1,1.022,+284939.724256,
D,|c-b|,A:G,2913.1,2306.32,+26.309648,
D,|c-b|,A:tau,2913.1,1776.93,+63.940054,
D,|c-b|,A:mustar_plus_tau,2913.1,3660.03,-20.407743,
D,|c-b|,A:two_tau,2913.1,3553.86,-18.029973,
D,|c-b|,A:mustar_over_2,2913.1,941.55,+209.394187,
D,|c-b|,A:two_mustar,2913.1,3766.2,-22.651453,
D,|c-b|,A:one_point_five_mustar,2913.1,2824.65,+3.131396,
D,|c-t|,e,171327,0.510999,+33527777.066804,
D,|c-t|,mu,171327,105.658,+162051.934657,
D,|c-t|,tau,171327,1776.93,+9541.747283,
D,|c-t|,u,171327,2.1978,+7795290.845391,
D,|c-t|,d,171327,4.78225,+3582462.601286,
D,|c-t|,s,171327,94.5258,+181149.130528,
D,|c-t|,b,171327,4186,+3992.859532,
D,|c-t|,A:mustar,171327,1883.1,+8998.144385,
D,|c-t|,A:P_2me,171327,1.022,+16763838.533402,
D,|c-t|,A:G,171327,2306.32,+7328.603783,
D,|c-t|,A:tau,171327,1776.93,+9541.747283,
D,|c-t|,A:mustar_plus_tau,171327,3660.03,+4581.030737,
D,|c-t|,A:two_tau,171327,3553.86,+4720.873642,
D,|c-t|,A:mustar_over_2,171327,941.55,+18096.288770,
D,|c-t|,A:two_mustar,171327,3766.2,+4449.072192,
D,|c-t|,A:one_point_five_mustar,171327,2824.65,+5965.429590,
D,|b-t|,e,168414,0.510999,+32957697.618291,
D,|b-t|,mu,168414,105.658,+159294.841349,
D,|b-t|,tau,168414,1776.93,+9377.807229,
D,|b-t|,u,168414,2.1978,+7662744.662845,
D,|b-t|,d,168414,4.78225,+3521547.759946,
D,|b-t|,s,168414,94.5258,+178067.324777,
D,|b-t|,c,168414,1272.9,+13130.732972,
D,|b-t|,A:mustar,168414,1883.1,+8843.447291,
D,|b-t|,A:P_2me,168414,1.022,+16478798.809145,
D,|b-t|,A:G,168414,2306.32,+7202.294135,
D,|b-t|,A:tau,168414,1776.93,+9377.807229,
D,|b-t|,A:mustar_plus_tau,168414,3660.03,+4501.438480,
D,|b-t|,A:two_tau,168414,3553.86,+4638.903615,
D,|b-t|,A:mustar_over_2,168414,941.55,+17786.894583,
D,|b-t|,A:two_mustar,168414,3766.2,+4371.723646,
D,|b-t|,A:one_point_five_mustar,168414,2824.65,+5862.298194,
K,"k4(e,mu,tau,+)^2",u,9320.44,2.1978,+423980.422819,
K,"k4(e,mu,tau,+)^2",d,9320.44,4.78225,+194796.534742,
K,"k4(e,mu,tau,+)^2",s,9320.44,94.5258,+9760.212199,
K,"k4(e,mu,tau,+)^2",c,9320.44,1272.9,+632.220876,
K,"k4(e,mu,tau,+)^2",b,9320.44,4186,+122.657418,
K,"k4(e,mu,tau,+)^2",t,9320.44,172600,-94.599977,
K,"k4(e,mu,tau,-)^2",u,95.1134,2.1978,+4227.661787,
K,"k4(e,mu,tau,-)^2",d,95.1134,4.78225,+1888.882864,
K,"k4(e,mu,tau,-)^2",s,95.1134,94.5258,+0.621630,declared relation
K,"k4(e,mu,tau,-)^2",c,95.1134,1272.9,-92.527822,
K,"k4(e,mu,tau,-)^2",b,95.1134,4186,-97.727822,
K,"k4(e,mu,tau,-)^2",t,95.1134,172600,-99.944894,
K,"k4(e,mu,u,+)^2",tau,492.922,1776.93,-72.259899,
K,"k4(e,mu,u,+)^2",d,492.922,4.78225,+10207.327681,
K,"k4(e,mu,u,+)^2",s,492.922,94.5258,+421.468677,
K,"k4(e,mu,u,+)^2",c,492.922,1272.9,-61.275656,
K,"k4(e,mu,u,+)^2",b,492.922,4186,-88.224506,
K,"k4(e,mu,u,+)^2",t,492.922,172600,-99.714414,
K,"k4(e,mu,u,+)^2",A:tau,492.922,1776.93,-72.259899,
K,"k4(e,mu,u,+)^2",A:two_tau,492.922,3553.86,-86.129949,
K,"k4(e,mu,u,-)^2",tau,7.56735,1776.93,-99.574134,
K,"k4(e,mu,u,-)^2",d,7.56735,4.78225,+58.238178,
K,"k4(e,mu,u,-)^2",s,7.56735,94.5258,-91.994409,
K,"k4(e,mu,u,-)^2",c,7.56735,1272.9,-99.405504,
K,"k4(e,mu,u,-)^2",b,7.56735,4186,-99.819223,
K,"k4(e,mu,u,-)^2",t,7.56735,172600,-99.995616,
K,"k4(e,mu,u,-)^2",A:tau,7.56735,1776.93,-99.574134,
K,"k4(e,mu,u,-)^2",A:two_tau,7.56735,3553.86,-99.787067,
K,"k4(e,mu,d,+)^2",tau,594.677,1776.93,-66.533463,
K,"k4(e,mu,d,+)^2",u,594.677,2.1978,+26957.827642,
K,"k4(e,mu,d,+)^2",s,594.677,94.5258,+529.116337,
K,"k4(e,mu,d,+)^2",c,594.677,1272.9,-53.281724,
K,"k4(e,mu,d,+)^2",b,594.677,4186,-85.793671,
K,"k4(e,mu,d,+)^2",t,594.677,172600,-99.655459,
K,"k4(e,mu,d,+)^2",A:tau,594.677,1776.93,-66.533463,
K,"k4(e,mu,d,+)^2",A:two_tau,594.677,3553.86,-83.266732,
K,"k4(e,mu,d,-)^2",tau,3.90224,1776.93,-99.780394,
K,"k4(e,mu,d,-)^2",u,3.90224,2.1978,+77.551999,
K,"k4(e,mu,d,-)^2",s,3.90224,94.5258,-95.871773,
K,"k4(e,mu,d,-)^2",c,3.90224,1272.9,-99.693437,
K,"k4(e,mu,d,-)^2",b,3.90224,4186,-99.906779,
K,"k4(e,mu,d,-)^2",t,3.90224,172600,-99.997739,
K,"k4(e,mu,d,-)^2",A:tau,3.90224,1776.93,-99.780394,
K,"k4(e,mu,d,-)^2",A:two_tau,3.90224,3553.86,-99.890197,
K,"k4(e,mu,s,+)^2",tau,1771.78,1776.93,-0.290083,
K,"k4(e,mu,s,+)^2",u,1771.78,2.1978,+80515.862522,
K,"k4(e,mu,s,+)^2",d,1771.78,4.78225,+36948.992138,
K,"k4(e,mu,s,+)^2",c,1771.78,1272.9,+39.192036,
K,"k4(e,mu,s,+)^2",b,1771.78,4186,-57.673783,
K,"k4(e,mu,s,+)^2",t,1771.78,172600,-98.973479,
K,"k4(e,mu,s,+)^2",A:tau,1771.78,1776.93,-0.290083,
K,"k4(e,mu,s,+)^2",A:two_tau,1771.78,3553.86,-50.145042,
K,"k4(e,mu,s,-)^2",tau,0.43541,1776.93,-99.975496,
K,"k4(e,mu,s,-)^2",u,0.43541,2.1978,-80.188815,
K,"k4(e,mu,s,-)^2",d,0.43541,4.78225,-90.895285,
K,"k4(e,mu,s,-)^2",c,0.43541,1272.9,-99.965794,
K,"k4(e,mu,s,-)^2",b,0.43541,4186,-99.989598,
K,"k4(e,mu,s,-)^2",t,0.43541,172600,-99.999748,
K,"k4(e,mu,s,-)^2",A:tau,0.43541,1776.93,-99.975496,
K,"k4(e,mu,s,-)^2",A:two_tau,0.43541,3553.86,-99.987748,
K,"k4(e,mu,c,+)^2",tau,7508.36,1776.93,+322.546718,
K,"k4(e,mu,c,+)^2",u,7508.36,2.1978,+341530.693779,
K,"k4(e,mu,c,+)^2",d,7508.36,4.78225,+156904.744375,
K,"k4(e,mu,c,+)^2",s,7508.36,94.5258,+7843.189436,
K,"k4(e,mu,c,+)^2",b,7508.36,4186,+79.368356,
K,"k4(e,mu,c,+)^2",t,7508.36,172600,-95.649850,
K,"k4(e,mu,c,+)^2",A:tau,7508.36,1776.93,+322.546718,
K,"k4(e,mu,c,+)^2",A:two_tau,7508.36,3553.86,+111.273359,
K,"k4(e,mu,c,-)^2",tau,44.7881,1776.93,-97.479465,
K,"k4(e,mu,c,-)^2",u,44.7881,2.1978,+1937.862420,
K,"k4(e,mu,c,-)^2",d,44.7881,4.78225,+836.549538,
K,"k4(e,mu,c,-)^2",s,44.7881,94.5258,-52.618054,
K,"k4(e,mu,c,-)^2",b,44.7881,4186,-98.930049,
K,"k4(e,mu,c,-)^2",t,44.7881,172600,-99.974051,
K,"k4(e,mu,c,-)^2",A:tau,44.7881,1776.93,-97.479465,
K,"k4(e,mu,c,-)^2",A:two_tau,44.7881,3553.86,-98.739733,
K,"k4(e,mu,b,+)^2",tau,16720.6,1776.93,+840.983451,
K,"k4(e,mu,b,+)^2",u,16720.6,2.1978,+760688.844942,
K,"k4(e,mu,b,+)^2",d,16720.6,4.78225,+349539.128739,
K,"k4(e,mu,b,+)^2",s,16720.6,94.5258,+17588.954845,
K,"k4(e,mu,b,+)^2",c,16720.6,1272.9,+1213.584510,
K,"k4(e,mu,b,+)^2",t,16720.6,172600,-90.312504,
K,"k4(e,mu,b,+)^2",A:tau,16720.6,1776.93,+840.983451,
K,"k4(e,mu,b,+)^2",A:two_tau,16720.6,3553.86,+370.491725,
K,"k4(e,mu,b,-)^2",tau,487.443,1776.93,-72.568231,
K,"k4(e,mu,b,-)^2",u,487.443,2.1978,+22078.694218,
K,"k4(e,mu,b,-)^2",d,487.443,4.78225,+10092.761598,
K,"k4(e,mu,b,-)^2",s,487.443,94.5258,+415.672546,
K,"k4(e,mu,b,-)^2",c,487.443,1272.9,-61.706077,
K,"k4(e,mu,b,-)^2",t,487.443,172600,-99.717588,
K,"k4(e,mu,b,-)^2",A:tau,487.443,1776.93,-72.568231,
K,"k4(e,mu,b,-)^2",A:two_tau,487.443,3553.86,-86.284115,
K,"k4(e,mu,t,+)^2",tau,315529,1776.93,+17656.961662,
K,"k4(e,mu,t,+)^2",u,315529,2.1978,+14356473.795022,
K,"k4(e,mu,t,+)^2",d,315529,4.78225,+6597814.765372,
K,"k4(e,mu,t,+)^2",s,315529,94.5258,+333701.931079,
K,"k4(e,mu,t,+)^2",c,315529,1272.9,+24688.182800,
K,"k4(e,mu,t,+)^2",b,315529,4186,+7437.715692,
K,"k4(e,mu,t,+)^2",A:tau,315529,1776.93,+17656.961662,
K,"k4(e,mu,t,+)^2",A:two_tau,315529,3553.86,+8778.480831,
K,"k4(e,mu,t,-)^2",tau,84780.8,1776.93,+4671.193547,
K,"k4(e,mu,t,-)^2",u,84780.8,2.1978,+3857428.869408,
K,"k4(e,mu,t,-)^2",d,84780.8,4.78225,+1772721.778281,
K,"k4(e,mu,t,-)^2",s,84780.8,94.5258,+89590.660473,
K,"k4(e,mu,t,-)^2",c,84780.8,1272.9,+6560.442257,
K,"k4(e,mu,t,-)^2",b,84780.8,4186,+1925.340886,
K,"k4(e,mu,t,-)^2",A:tau,84780.8,1776.93,+4671.193547,
K,"k4(e,mu,t,-)^2",A:two_tau,84780.8,3553.86,+2285.596773,
K,"k4(e,tau,u,+)^2",mu,4058.87,105.658,+3741.502623,
K,"k4(e,tau,u,+)^2",d,4058.87,4.78225,+84773.632009,
K,"k4(e,tau,u,+)^2",s,4058.87,94.5258,+4193.929714,
K,"k4(e,tau,u,+)^2",c,4058.87,1272.9,+218.867882,
K,"k4(e,tau,u,+)^2",b,4058.87,4186,-3.037046,
K,"k4(e,tau,u,+)^2",t,4058.87,172600,-97.648396,
K,"k4(e,tau,u,-)^2",mu,624.636,105.658,+491.184557,
K,"k4(e,tau,u,-)^2",d,624.636,4.78225,+12961.550500,
K,"k4(e,tau,u,-)^2",s,624.636,94.5258,+560.810413,
K,"k4(e,tau,u,-)^2",c,624.636,1272.9,-50.928117,
K,"k4(e,tau,u,-)^2",b,624.636,4186,-85.077974,
K,"k4(e,tau,u,-)^2",t,624.636,172600,-99.638102,
K,"k4(e,tau,d,+)^2",mu,4531.38,105.658,+4188.713333,
K,"k4(e,tau,d,+)^2",u,4531.38,2.1978,+206078.216271,
K,"k4(e,tau,d,+)^2",s,4531.38,94.5258,+4693.809980,
K,"k4(e,tau,d,+)^2",c,4531.38,1272.9,+255.989067,
K,"k4(e,tau,d,+)^2",b,4531.38,4186,+8.250952,
K,"k4(e,tau,d,+)^2",t,4531.38,172600,-97.374632,
K,"k4(e,tau,d,-)^2",mu,519.616,105.658,+391.788801,
K,"k4(e,tau,d,-)^2",u,519.616,2.1978,+23542.554297,
K,"k4(e,tau,d,-)^2",s,519.616,94.5258,+449.708475,
K,"k4(e,tau,d,-)^2",c,519.616,1272.9,-59.178564,
K,"k4(e,tau,d,-)^2",b,519.616,4186,-87.586812,
K,"k4(e,tau,d,-)^2",t,519.616,172600,-99.698948,
K,"k4(e,tau,s,+)^2",mu,9000.67,105.658,+8418.651991,
K,"k4(e,tau,s,+)^2",u,9000.67,2.1978,+409430.863064,
K,"k4(e,tau,s,+)^2",d,9000.67,4.78225,+188109.928557,
K,"k4(e,tau,s,+)^2",c,9000.67,1272.9,+607.099482,
K,"k4(e,tau,s,+)^2",b,9000.67,4186,+115.018378,
K,"k4(e,tau,s,+)^2",t,9000.67,172600,-94.785244,
K,"k4(e,tau,s,-)^2",mu,106.296,105.658,+0.603423,
K,"k4(e,tau,s,-)^2",u,106.296,2.1978,+4736.470213,
K,"k4(e,tau,s,-)^2",d,106.296,4.78225,+2122.718226,
K,"k4(e,tau,s,-)^2",c,106.296,1272.9,-91.649309,
K,"k4(e,tau,s,-)^2",b,106.296,4186,-97.460680,
K,"k4(e,tau,s,-)^2",t,106.296,172600,-99.938415,
K,"k4(e,tau,c,+)^2",mu,24815.5,105.658,+23386.534790,
K,"k4(e,tau,c,+)^2",u,24815.5,2.1978,+1129005.975106,
K,"k4(e,tau,c,+)^2",d,24815.5,4.78225,+518808.277921,
K,"k4(e,tau,c,+)^2",s,24815.5,94.5258,+26152.625471,
K,"k4(e,tau,c,+)^2",b,24815.5,4186,+492.821097,
K,"k4(e,tau,c,+)^2",t,24815.5,172600,-85.622543,
K,"k4(e,tau,c,-)^2",mu,0.190888,105.658,-99.819335,
K,"k4(e,tau,c,-)^2",u,0.190888,2.1978,-91.314600,
K,"k4(e,tau,c,-)^2",d,0.190888,4.78225,-96.008412,
K,"k4(e,tau,c,-)^2",s,0.190888,94.5258,-99.798057,
K,"k4(e,tau,c,-)^2",b,0.190888,4186,-99.995440,
K,"k4(e,tau,c,-)^2",t,0.190888,172600,-99.999889,
K,"k4(e,tau,b,+)^2",mu,45568.4,105.658,+43028.086611,
K,"k4(e,tau,b,+)^2",u,45568.4,2.1978,+2073265.897596,
K,"k4(e,tau,b,+)^2",d,45568.4,4.78225,+952766.029534,
K,"k4(e,tau,b,+)^2",s,45568.4,94.5258,+48107.430988,
K,"k4(e,tau,b,+)^2",c,45568.4,1272.9,+3479.891248,
K,"k4(e,tau,b,+)^2",t,45568.4,172600,-73.598821,
K,"k4(e,tau,b,-)^2",mu,2.78203,105.658,-97.366956,
K,"k4(e,tau,b,-)^2",u,2.78203,2.1978,+26.582557,
K,"k4(e,tau,b,-)^2",d,2.78203,4.78225,-41.825889,
K,"k4(e,tau,b,-)^2",s,2.78203,94.5258,-97.056853,
K,"k4(e,tau,b,-)^2",c,2.78203,1272.9,-99.781441,
K,"k4(e,tau,b,-)^2",t,2.78203,172600,-99.998388,
K,"k4(e,tau,t,+)^2",mu,526281,105.658,+497996.895292,
K,"k4(e,tau,t,+)^2",u,526281,2.1978,+23945713.448958,
K,"k4(e,tau,t,+)^2",d,526281,4.78225,+11004784.478670,
K,"k4(e,tau,t,+)^2",s,526281,94.5258,+556659.494615,
K,"k4(e,tau,t,+)^2",c,526281,1272.9,+41245.045799,
K,"k4(e,tau,t,+)^2",b,526281,4186,+12472.410129,
K,"k4(e,tau,t,-)^2",mu,36552.8,105.658,+34495.234592,
K,"k4(e,tau,t,-)^2",u,36552.8,2.1978,+1663052.373754,
K,"k4(e,tau,t,-)^2",d,36552.8,4.78225,+764242.367513,
K,"k4(e,tau,t,-)^2",s,36552.8,94.5258,+38569.635385,
K,"k4(e,tau,t,-)^2",c,36552.8,1272.9,+2771.613078,
K,"k4(e,tau,t,-)^2",b,36552.8,4186,+773.214593,
K,"k4(e,u,d,+)^2",mu,85.1508,105.658,-19.409369,
K,"k4(e,u,d,+)^2",tau,85.1508,1776.93,-95.207985,
K,"k4(e,u,d,+)^2",s,85.1508,94.5258,-9.917931,
K,"k4(e,u,d,+)^2",c,85.1508,1272.9,-93.310492,
K,"k4(e,u,d,+)^2",b,85.1508,4186,-97.965821,
K,"k4(e,u,d,+)^2",t,85.1508,172600,-99.950666,
K,"k4(e,u,d,+)^2",A:tau,85.1508,1776.93,-95.207985,
K,"k4(e,u,d,+)^2",A:two_tau,85.1508,3553.86,-97.603993,
K,"k4(e,u,d,-)^2",mu,0.211017,105.658,-99.800284,
K,"k4(e,u,d,-)^2",tau,0.211017,1776.93,-99.988125,
K,"k4(e,u,d,-)^2",s,0.211017,94.5258,-99.776763,
K,"k4(e,u,d,-)^2",c,0.211017,1272.9,-99.983422,
K,"k4(e,u,d,-)^2",b,0.211017,4186,-99.994959,
K,"k4(e,u,d,-)^2",t,0.211017,172600,-99.999878,
K,"k4(e,u,d,-)^2",A:tau,0.211017,1776.93,-99.988125,
K,"k4(e,u,d,-)^2",A:two_tau,0.211017,3553.86,-99.994062,
K,"k4(e,u,s,+)^2",mu,457.55,105.658,+333.046384,
K,"k4(e,u,s,+)^2",tau,457.55,1776.93,-74.250546,
K,"k4(e,u,s,+)^2",d,457.55,4.78225,+9467.667413,
K,"k4(e,u,s,+)^2",c,457.55,1272.9,-64.054539,
K,"k4(e,u,s,+)^2",b,457.55,4186,-89.069523,
K,"k4(e,u,s,+)^2",t,457.55,172600,-99.734907,
K,"k4(e,u,s,+)^2",A:tau,457.55,1776.93,-74.250546,
K,"k4(e,u,s,+)^2",A:two_tau,457.55,3553.86,-87.125273,
K,"k4(e,u,s,-)^2",mu,5.99827,105.658,-94.322955,
K,"k4(e,u,s,-)^2",tau,5.99827,1776.93,-99.662436,
K,"k4(e,u,s,-)^2",d,5.99827,4.78225,+25.427846,
K,"k4(e,u,s,-)^2",c,5.99827,1272.9,-99.528771,
K,"k4(e,u,s,-)^2",b,5.99827,4186,-99.856706,
K,"k4(e,u,s,-)^2",t,5.99827,172600,-99.996525,
K,"k4(e,u,s,-)^2",A:tau,5.99827,1776.93,-99.662436,
K,"k4(e,u,s,-)^2",A:two_tau,5.99827,3553.86,-99.831218,
K,"k4(e,u,c,+)^2",mu,3102.79,105.658,+2836.621739,
K,"k4(e,u,c,+)^2",tau,3102.79,1776.93,+74.615028,
K,"k4(e,u,c,+)^2",d,3102.79,4.78225,+64781.317882,
K,"k4(e,u,c,+)^2",s,3102.79,94.5258,+3182.477869,
K,"k4(e,u,c,+)^2",b,3102.79,4186,-25.877047,
K,"k4(e,u,c,+)^2",t,3102.79,172600,-98.202325,
K,"k4(e,u,c,+)^2",A:tau,3102.79,1776.93,+74.615028,
K,"k4(e,u,c,+)^2",A:two_tau,3102.79,3553.86,-12.692486,
K,"k4(e,u,c,-)^2",mu,401.901,105.658,+280.377598,
K,"k4(e,u,c,-)^2",tau,401.901,1776.93,-77.382295,
K,"k4(e,u,c,-)^2",d,401.901,4.78225,+8304.010474,
K,"k4(e,u,c,-)^2",s,401.901,94.5258,+325.175987,
K,"k4(e,u,c,-)^2",b,401.901,4186,-90.398930,
K,"k4(e,u,c,-)^2",t,401.901,172600,-99.767149,
K,"k4(e,u,c,-)^2",A:tau,401.901,1776.93,-77.382295,
K,"k4(e,u,c,-)^2",A:two_tau,401.901,3553.86,-88.691147,
K,"k4(e,u,b,+)^2",mu,8250.46,105.658,+7708.623075,
K,"k4(e,u,b,+)^2",tau,8250.46,1776.93,+364.310034,
K,"k4(e,u,b,+)^2",d,8250.46,4.78225,+172422.647073,
K,"k4(e,u,b,+)^2",s,8250.46,94.5258,+8628.271703,
K,"k4(e,u,b,+)^2",c,8250.46,1272.9,+548.162801,
K,"k4(e,u,b,+)^2",t,8250.46,172600,-95.219893,
K,"k4(e,u,b,+)^2",A:tau,8250.46,1776.93,+364.310034,
K,"k4(e,u,b,+)^2",A:two_tau,8250.46,3553.86,+132.155017,
K,"k4(e,u,b,-)^2",mu,1845.67,105.658,+1646.824706,
K,"k4(e,u,b,-)^2",tau,1845.67,1776.93,+3.868279,
K,"k4(e,u,b,-)^2",d,1845.67,4.78225,+38494.105440,
K,"k4(e,u,b,-)^2",s,1845.67,94.5258,+1852.554312,
K,"k4(e,u,b,-)^2",c,1845.67,1272.9,+44.996984,
K,"k4(e,u,b,-)^2",t,1845.67,172600,-98.930668,
K,"k4(e,u,b,-)^2",A:tau,1845.67,1776.93,+3.868279,
K,"k4(e,u,b,-)^2",A:two_tau,1845.67,3553.86,-48.065861,
K,"k4(e,u,t,+)^2",mu,228591,105.658,+216249.275310,
K,"k4(e,u,t,+)^2",tau,228591,1776.93,+12764.385750,
K,"k4(e,u,t,+)^2",d,228591,4.78225,+4779891.211224,
K,"k4(e,u,t,+)^2",s,228591,94.5258,+241729.480008,
K,"k4(e,u,t,+)^2",c,228591,1272.9,+17858.294422,
K,"k4(e,u,t,+)^2",b,228591,4186,+5360.848774,
K,"k4(e,u,t,+)^2",A:tau,228591,1776.93,+12764.385750,
K,"k4(e,u,t,+)^2",A:two_tau,228591,3553.86,+6332.192875,
K,"k4(e,u,t,-)^2",mu,127582,105.658,+120649.219662,
K,"k4(e,u,t,-)^2",tau,127582,1776.93,+7079.892507,
K,"k4(e,u,t,-)^2",d,127582,4.78225,+2667716.695562,
K,"k4(e,u,t,-)^2",s,127582,94.5258,+134870.274157,
K,"k4(e,u,t,-)^2",c,127582,1272.9,+9922.913341,
K,"k4(e,u,t,-)^2",b,127582,4186,+2947.818058,
K,"k4(e,u,t,-)^2",A:tau,127582,1776.93,+7079.892507,
K,"k4(e,u,t,-)^2",A:two_tau,127582,3553.86,+3489.946253,
K,"k4(e,d,s,+)^2",mu,554.006,105.658,+424.337253,
K,"k4(e,d,s,+)^2",tau,554.006,1776.93,-68.822282,
K,"k4(e,d,s,+)^2",u,554.006,2.1978,+25107.308406,
K,"k4(e,d,s,+)^2",c,554.006,1272.9,-56.476846,
K,"k4(e,d,s,+)^2",b,554.006,4186,-86.765260,
K,"k4(e,d,s,+)^2",t,554.006,172600,-99.679023,
K,"k4(e,d,s,+)^2",A:tau,554.006,1776.93,-68.822282,
K,"k4(e,d,s,+)^2",A:two_tau,554.006,3553.86,-84.411141,
K,"k4(e,d,s,-)^2",mu,2.92714,105.658,-97.229617,
K,"k4(e,d,s,-)^2",tau,2.92714,1776.93,-99.835270,
K,"k4(e,d,s,-)^2",u,2.92714,2.1978,+33.185059,
K,"k4(e,d,s,-)^2",c,2.92714,1272.9,-99.770042,
K,"k4(e,d,s,-)^2",b,2.92714,4186,-99.930073,
K,"k4(e,d,s,-)^2",t,2.92714,172600,-99.998304,
K,"k4(e,d,s,-)^2",A:tau,2.92714,1776.93,-99.835270,
K,"k4(e,d,s,-)^2",A:two_tau,2.92714,3553.86,-99.917635,
K,"k4(e,d,c,+)^2",mu,3490.68,105.658,+3203.737444,
K,"k4(e,d,c,+)^2",tau,3490.68,1776.93,+96.444166,
K,"k4(e,d,c,+)^2",u,3490.68,2.1978,+158725.885629,
K,"k4(e,d,c,+)^2",s,3490.68,94.5258,+3592.830064,
K,"k4(e,d,c,+)^2",b,3490.68,4186,-16.610719,
K,"k4(e,d,c,+)^2",t,3490.68,172600,-97.977593,
K,"k4(e,d,c,+)^2",A:tau,3490.68,1776.93,+96.444166,
K,"k4(e,d,c,+)^2",A:two_tau,3490.68,3553.86,-1.777917,
K,"k4(e,d,c,-)^2",mu,326.773,105.658,+209.273244,
K,"k4(e,d,c,-)^2",tau,326.773,1776.93,-81.610244,
K,"k4(e,d,c,-)^2",u,326.773,2.1978,+14768.190258,
K,"k4(e,d,c,-)^2",s,326.773,94.5258,+245.697427,
K,"k4(e,d,c,-)^2",b,326.773,4186,-92.193667,
K,"k4(e,d,c,-)^2",t,326.773,172600,-99.810676,
K,"k4(e,d,c,-)^2",A:tau,326.773,1776.93,-81.610244,
K,"k4(e,d,c,-)^2",A:two_tau,326.773,3553.86,-90.805122,
K,"k4(e,d,b,+)^2",mu,9047.48,105.658,+8462.953932,
K,"k4(e,d,b,+)^2",tau,9047.48,1776.93,+409.163446,
K,"k4(e,d,b,+)^2",u,9047.48,2.1978,+411560.661544,
K,"k4(e,d,b,+)^2",s,9047.48,94.5258,+9471.442723,
K,"k4(e,d,b,+)^2",c,9047.48,1272.9,+610.776810,
K,"k4(e,d,b,+)^2",t,9047.48,172600,-94.758124,
K,"k4(e,d,b,+)^2",A:tau,9047.48,1776.93,+409.163446,
K,"k4(e,d,b,+)^2",A:two_tau,9047.48,3553.86,+154.581723,
K,"k4(e,d,b,-)^2",mu,1606.71,105.658,+1420.660884,
K,"k4(e,d,b,-)^2",tau,1606.71,1776.93,-9.579692,
K,"k4(e,d,b,-)^2",u,1606.71,2.1978,+73005.177328,
K,"k4(e,d,b,-)^2",s,1606.71,94.5258,+1599.754392,
K,"k4(e,d,b,-)^2",c,1606.71,1272.9,+26.224023,
K,"k4(e,d,b,-)^2",t,1606.71,172600,-99.069116,
K,"k4(e,d,b,-)^2",A:tau,1606.71,1776.93,-9.579692,
K,"k4(e,d,b,-)^2",A:two_tau,1606.71,3553.86,-54.789846,
K,"k4(e,d,t,+)^2",mu,237987,105.658,+225141.911691,
K,"k4(e,d,t,+)^2",tau,237987,1776.93,+13293.152507,
K,"k4(e,d,t,+)^2",u,237987,2.1978,+10828316.818563,
K,"k4(e,d,t,+)^2",s,237987,94.5258,+251669.433026,
K,"k4(e,d,t,+)^2",c,237987,1272.9,+18596.436864,
K,"k4(e,d,t,+)^2",b,237987,4186,+5585.306852,
K,"k4(e,d,t,+)^2",A:tau,237987,1776.93,+13293.152507,
K,"k4(e,d,t,+)^2",A:two_tau,237987,3553.86,+6596.576253,
K,"k4(e,d,t,-)^2",mu,121708,105.658,+115090.563421,
K,"k4(e,d,t,-)^2",tau,121708,1776.93,+6749.368182,
K,"k4(e,d,t,-)^2",u,121708,2.1978,+5537641.288543,
K,"k4(e,d,t,-)^2",s,121708,94.5258,+128656.955686,
K,"k4(e,d,t,-)^2",c,121708,1272.9,+9461.511355,
K,"k4(e,d,t,-)^2",b,121708,4186,+2807.512614,
K,"k4(e,d,t,-)^2",A:tau,121708,1776.93,+6749.368182,
K,"k4(e,d,t,-)^2",A:two_tau,121708,3553.86,+3324.684091,
K,"k4(e,s,c,+)^2",mu,7236.51,105.658,+6748.973994,
K,"k4(e,s,c,+)^2",tau,7236.51,1776.93,+307.248156,
K,"k4(e,s,c,+)^2",u,7236.51,2.1978,+329161.746335,
K,"k4(e,s,c,+)^2",d,7236.51,4.78225,+151220.291933,
K,"k4(e,s,c,+)^2",b,7236.51,4186,+72.874216,
K,"k4(e,s,c,+)^2",t,7236.51,172600,-95.807350,
K,"k4(e,s,c,+)^2",A:tau,7236.51,1776.93,+307.248156,
K,"k4(e,s,c,+)^2",A:two_tau,7236.51,3553.86,+103.624078,
K,"k4(e,s,c,-)^2",mu,51.2985,105.658,-51.448722,
K,"k4(e,s,c,-)^2",tau,51.2985,1776.93,-97.113083,
K,"k4(e,s,c,-)^2",u,51.2985,2.1978,+2234.083716,
K,"k4(e,s,c,-)^2",d,51.2985,4.78225,+972.685282,
K,"k4(e,s,c,-)^2",b,51.2985,4186,-98.774522,
K,"k4(e,s,c,-)^2",t,51.2985,172600,-99.970279,
K,"k4(e,s,c,-)^2",A:tau,51.2985,1776.93,-97.113083,
K,"k4(e,s,c,-)^2",A:two_tau,51.2985,3553.86,-98.556542,
K,"k4(e,s,b,+)^2",mu,16224.6,105.658,+15255.716251,
K,"k4(e,s,b,+)^2",tau,16224.6,1776.93,+813.069189,
K,"k4(e,s,b,+)^2",u,16224.6,2.1978,+738120.053585,
K,"k4(e,s,b,+)^2",d,16224.6,4.78225,+339167.088456,
K,"k4(e,s,b,+)^2",c,16224.6,1272.9,+1174.617043,
K,"k4(e,s,b,+)^2",t,16224.6,172600,-90.599884,
K,"k4(e,s,b,+)^2",A:tau,16224.6,1776.93,+813.069189,
K,"k4(e,s,b,+)^2",A:two_tau,16224.6,3553.86,+356.534594,
K,"k4(e,s,b,-)^2",mu,524.288,105.658,+396.210729,
K,"k4(e,s,b,-)^2",tau,524.288,1776.93,-70.494719,
K,"k4(e,s,b,-)^2",u,524.288,2.1978,+23755.136734,
K,"k4(e,s,b,-)^2",d,524.288,4.78225,+10863.211776,
K,"k4(e,s,b,-)^2",c,524.288,1272.9,-58.811517,
K,"k4(e,s,b,-)^2",t,524.288,172600,-99.696241,
K,"k4(e,s,b,-)^2",A:tau,524.288,1776.93,-70.494719,
K,"k4(e,s,b,-)^2",A:two_tau,524.288,3553.86,-85.247359,
K,"k4(e,s,t,+)^2",mu,311022,105.658,+294265.978060,
K,"k4(e,s,t,+)^2",tau,311022,1776.93,+17403.351873,
K,"k4(e,s,t,+)^2",u,311022,2.1978,+14151429.276663,
K,"k4(e,s,t,+)^2",d,311022,4.78225,+6503581.539913,
K,"k4(e,s,t,+)^2",c,311022,1272.9,+24334.151186,
K,"k4(e,s,t,+)^2",b,311022,4186,+7330.059972,
K,"k4(e,s,t,+)^2",A:tau,311022,1776.93,+17403.351873,
K,"k4(e,s,t,+)^2",A:two_tau,311022,3553.86,+8651.675937,
K,"k4(e,s,t,-)^2",mu,86485.4,105.658,+81753.767420,
K,"k4(e,s,t,-)^2",tau,86485.4,1776.93,+4767.122562,
K,"k4(e,s,t,-)^2",u,86485.4,2.1978,+3934987.857925,
K,"k4(e,s,t,-)^2",d,86485.4,4.78225,+1808365.909174,
K,"k4(e,s,t,-)^2",c,86485.4,1272.9,+6694.356268,
K,"k4(e,s,t,-)^2",b,86485.4,4186,+1966.062134,
K,"k4(e,s,t,-)^2",A:tau,86485.4,1776.93,+4767.122562,
K,"k4(e,s,t,-)^2",A:two_tau,86485.4,3553.86,+2333.561281,
K,"k4(e,c,b,+)^2",mu,39467.4,105.658,+37253.749387,
K,"k4(e,c,b,+)^2",tau,39467.4,1776.93,+2121.098456,
K,"k4(e,c,b,+)^2",u,39467.4,2.1978,+1795666.893761,
K,"k4(e,c,b,+)^2",d,39467.4,4.78225,+825188.615005,
K,"k4(e,c,b,+)^2",s,39467.4,94.5258,+41653.030038,
K,"k4(e,c,b,+)^2",t,39467.4,172600,-77.133624,
K,"k4(e,c,b,+)^2",A:tau,39467.4,1776.93,+2121.098456,
K,"k4(e,c,b,+)^2",A:two_tau,39467.4,3553.86,+1010.549228,
K,"k4(e,c,b,-)^2",mu,12.3889,105.658,-88.274537,
K,"k4(e,c,b,-)^2",tau,12.3889,1776.93,-99.302790,
K,"k4(e,c,b,-)^2",u,12.3889,2.1978,+463.697029,
K,"k4(e,c,b,-)^2",d,12.3889,4.78225,+159.060762,
K,"k4(e,c,b,-)^2",s,12.3889,94.5258,-86.893589,
K,"k4(e,c,b,-)^2",t,12.3889,172600,-99.992822,
K,"k4(e,c,b,-)^2",A:tau,12.3889,1776.93,-99.302790,
K,"k4(e,c,b,-)^2",A:two_tau,12.3889,3553.86,-99.651395,
K,"k4(e,c,t,+)^2",mu,487166,105.658,+460976.815650,
K,"k4(e,c,t,+)^2",tau,487166,1776.93,+27316.176958,
K,"k4(e,c,t,+)^2",u,487166,2.1978,+22165987.597712,
K,"k4(e,c,t,+)^2",d,487166,4.78225,+10186867.917246,
K,"k4(e,c,t,+)^2",s,487166,94.5258,+515279.431766,
K,"k4(e,c,t,+)^2",b,487166,4186,+11537.990282,
K,"k4(e,c,t,+)^2",A:tau,487166,1776.93,+27316.176958,
K,"k4(e,c,t,+)^2",A:two_tau,487166,3553.86,+13608.088479,
K,"k4(e,c,t,-)^2",mu,42318.8,105.658,+39952.458209,
K,"k4(e,c,t,-)^2",tau,42318.8,1776.93,+2281.566899,
K,"k4(e,c,t,-)^2",u,42318.8,2.1978,+1925406.264969,
K,"k4(e,c,t,-)^2",d,42318.8,4.78225,+884813.517518,
K,"k4(e,c,t,-)^2",s,42318.8,94.5258,+44669.575160,
K,"k4(e,c,t,-)^2",b,42318.8,4186,+910.959787,
K,"k4(e,c,t,-)^2",A:tau,42318.8,1776.93,+2281.566899,
K,"k4(e,c,t,-)^2",A:two_tau,42318.8,3553.86,+1090.783449,
K,"k4(e,b,t,+)^2",mu,657480,105.658,+622169.824186,
K,"k4(e,b,t,+)^2",tau,657480,1776.93,+36900.905351,
K,"k4(e,b,t,+)^2",u,657480,2.1978,+29915278.444895,
K,"k4(e,b,t,+)^2",d,657480,4.78225,+13748244.136377,
K,"k4(e,b,t,+)^2",s,657480,94.5258,+695456.700118,
K,"k4(e,b,t,+)^2",c,657480,1272.9,+51552.147652,
K,"k4(e,b,t,+)^2",A:tau,657480,1776.93,+36900.905351,
K,"k4(e,b,t,+)^2",A:two_tau,657480,3553.86,+18400.452676,
K,"k4(e,b,t,-)^2",mu,22764.7,105.658,+21445.611390,
K,"k4(e,b,t,-)^2",tau,22764.7,1776.93,+1181.127731,
K,"k4(e,b,t,-)^2",u,22764.7,2.1978,+1035696.841666,
K,"k4(e,b,t,-)^2",d,22764.7,4.78225,+475925.782553,
K,"k4(e,b,t,-)^2",s,22764.7,94.5258,+23983.112788,
K,"k4(e,b,t,-)^2",c,22764.7,1272.9,+1688.415664,
K,"k4(e,b,t,-)^2",A:tau,22764.7,1776.93,+1181.127731,
K,"k4(e,b,t,-)^2",A:two_tau,22764.7,3553.86,+540.563865,
K,"k4(mu,tau,u,+)^2",e,9826.18,0.510999,+1922836.087576,
K,"k4(mu,tau,u,+)^2",d,9826.18,4.78225,+205371.968842,
K,"k4(mu,tau,u,+)^2",s,9826.18,94.5258,+10295.244925,
K,"k4(mu,tau,u,+)^2",c,9826.18,1272.9,+671.952489,
K,"k4(mu,tau,u,+)^2",b,9826.18,4186,+134.739208,
K,"k4(mu,tau,u,+)^2",t,9826.18,172600,-94.306962,
K,"k4(mu,tau,u,+)^2",A:P_2me,9826.18,1.022,+961368.043788,
K,"k4(mu,tau,u,-)^2",e,75.7463,0.510999,+14723.185813,
K,"k4(mu,tau,u,-)^2",d,75.7463,4.78225,+1483.905567,
K,"k4(mu,tau,u,-)^2",s,75.7463,94.5258,-19.866995,
K,"k4(mu,tau,u,-)^2",c,75.7463,1272.9,-94.049311,
K,"k4(mu,tau,u,-)^2",b,75.7463,4186,-98.190484,
K,"k4(mu,tau,u,-)^2",t,75.7463,172600,-99.956115,
K,"k4(mu,tau,u,-)^2",A:P_2me,75.7463,1.022,+7311.592907,
K,"k4(mu,tau,d,+)^2",e,10289.4,0.510999,+2013482.313276,
K,"k4(mu,tau,d,+)^2",u,10289.4,2.1978,+468067.462559,
K,"k4(mu,tau,d,+)^2",s,10289.4,94.5258,+10785.271465,
K,"k4(mu,tau,d,+)^2",c,10289.4,1272.9,+708.341935,
K,"k4(mu,tau,d,+)^2",b,10289.4,4186,+145.804694,
K,"k4(mu,tau,d,+)^2",t,10289.4,172600,-94.038595,
K,"k4(mu,tau,d,+)^2",A:P_2me,10289.4,1.022,+1006691.156638,
K,"k4(mu,tau,d,-)^2",e,60.8777,0.510999,+11813.464649,
K,"k4(mu,tau,d,-)^2",u,60.8777,2.1978,+2669.937180,
K,"k4(mu,tau,d,-)^2",s,60.8777,94.5258,-35.596724,
K,"k4(mu,tau,d,-)^2",c,60.8777,1272.9,-95.217403,
K,"k4(mu,tau,d,-)^2",b,60.8777,4186,-98.545684,
K,"k4(mu,tau,d,-)^2",t,60.8777,172600,-99.964729,
K,"k4(mu,tau,d,-)^2",A:P_2me,60.8777,1.022,+5856.732324,
K,"k4(mu,tau,s,+)^2",e,15270.5,0.510999,+2988271.489293,
K,"k4(mu,tau,s,+)^2",u,15270.5,2.1978,+694710.581172,
K,"k4(mu,tau,s,+)^2",d,15270.5,4.78225,+319217.203262,
K,"k4(mu,tau,s,+)^2",c,15270.5,1272.9,+1099.665877,
K,"k4(mu,tau,s,+)^2",b,15270.5,4186,+264.800453,
K,"k4(mu,tau,s,+)^2",t,15270.5,172600,-91.152638,
K,"k4(mu,tau,s,+)^2",A:P_2me,15270.5,1.022,+1494085.744647,
K,"k4(mu,tau,s,-)^2",e,0.541936,0.510999,+6.054313,
K,"k4(mu,tau,s,-)^2",u,0.541936,2.1978,-75.341868,
K,"k4(mu,tau,s,-)^2",d,0.541936,4.78225,-88.667752,
K,"k4(mu,tau,s,-)^2",c,0.541936,1272.9,-99.957425,
K,"k4(mu,tau,s,-)^2",b,0.541936,4186,-99.987054,
K,"k4(mu,tau,s,-)^2",t,0.541936,172600,-99.999686,
K,"k4(mu,tau,s,-)^2",A:P_2me,0.541936,1.022,-46.972843,
K,"k4(mu,tau,c,+)^2",e,33896.5,0.510999,+6633272.003444,
K,"k4(mu,tau,c,+)^2",u,33896.5,2.1978,+1542190.532940,
K,"k4(mu,tau,c,+)^2",d,33896.5,4.78225,+708697.351309,
K,"k4(mu,tau,c,+)^2",s,33896.5,94.5258,+35759.500012,
K,"k4(mu,tau,c,+)^2",b,33896.5,4186,+709.757796,
K,"k4(mu,tau,c,+)^2",t,33896.5,172600,-80.361262,
K,"k4(mu,tau,c,+)^2",A:P_2me,33896.5,1.022,+3316586.001722,
K,"k4(mu,tau,c,-)^2",e,62.2382,0.510999,+12079.718112,
K,"k4(mu,tau,c,-)^2",u,62.2382,2.1978,+2731.842377,
K,"k4(mu,tau,c,-)^2",d,62.2382,4.78225,+1201.442454,
K,"k4(mu,tau,c,-)^2",s,62.2382,94.5258,-34.157379,
K,"k4(mu,tau,c,-)^2",b,62.2382,4186,-98.513181,
K,"k4(mu,tau,c,-)^2",t,62.2382,172600,-99.963941,
K,"k4(mu,tau,c,-)^2",A:P_2me,62.2382,1.022,+5989.859056,
K,"k4(mu,tau,b,+)^2",e,58001.9,0.510999,+11350580.768205,
K,"k4(mu,tau,b,+)^2",u,58001.9,2.1978,+2638987.251875,
K,"k4(mu,tau,b,+)^2",d,58001.9,4.78225,+1212757.120010,
K,"k4(mu,tau,b,+)^2",s,58001.9,94.5258,+61260.909193,
K,"k4(mu,tau,b,+)^2",c,58001.9,1272.9,+4456.670565,
K,"k4(mu,tau,b,+)^2",t,58001.9,172600,-66.395215,
K,"k4(mu,tau,b,+)^2",A:P_2me,58001.9,1.022,+5675240.384103,
K,"k4(mu,tau,b,-)^2",e,43.1885,0.510999,+8351.780056,
K,"k4(mu,tau,b,-)^2",u,43.1885,2.1978,+1865.079052,
K,"k4(mu,tau,b,-)^2",d,43.1885,4.78225,+803.100160,
K,"k4(mu,tau,b,-)^2",s,43.1885,94.5258,-54.310326,
K,"k4(mu,tau,b,-)^2",c,43.1885,1272.9,-96.607078,
K,"k4(mu,tau,b,-)^2",t,43.1885,172600,-99.974978,
K,"k4(mu,tau,b,-)^2",A:P_2me,43.1885,1.022,+4125.890028,
K,"k4(mu,tau,t,+)^2",e,586738,0.510999,+114821729.624493,
K,"k4(mu,tau,t,+)^2",u,586738,2.1978,+26696521.373383,
K,"k4(mu,tau,t,+)^2",d,586738,4.78225,+12268985.567342,
K,"k4(mu,tau,t,+)^2",s,586738,94.5258,+620617.999639,
K,"k4(mu,tau,t,+)^2",c,586738,1272.9,+45994.614231,
K,"k4(mu,tau,t,+)^2",b,586738,4186,+13916.682861,
K,"k4(mu,tau,t,+)^2",A:P_2me,586738,1.022,+57410814.812247,
K,"k4(mu,tau,t,-)^2",e,28825.2,0.510999,+5640860.037902,
K,"k4(mu,tau,t,-)^2",u,28825.2,2.1978,+1311450.031965,
K,"k4(mu,tau,t,-)^2",d,28825.2,4.78225,+602654.908307,
K,"k4(mu,tau,t,-)^2",s,28825.2,94.5258,+30394.597083,
K,"k4(mu,tau,t,-)^2",c,28825.2,1272.9,+2164.533475,
K,"k4(mu,tau,t,-)^2",b,28825.2,4186,+588.610765,
K,"k4(mu,tau,t,-)^2",A:P_2me,28825.2,1.022,+2820380.018951,
K,"k4(mu,u,d,+)^2",e,715.468,0.510999,+139913.528608,
K,"k4(mu,u,d,+)^2",tau,715.468,1776.93,-59.735743,
K,"k4(mu,u,d,+)^2",s,715.468,94.5258,+656.902391,
K,"k4(mu,u,d,+)^2",c,715.468,1272.9,-43.792312,
K,"k4(mu,u,d,+)^2",b,715.468,4186,-82.908083,
K,"k4(mu,u,d,+)^2",t,715.468,172600,-99.585476,
K,"k4(mu,u,d,+)^2",A:P_2me,715.468,1.022,+69906.764304,
K,"k4(mu,u,d,+)^2",A:tau,715.468,1776.93,-59.735743,
K,"k4(mu,u,d,+)^2",A:two_tau,715.468,3553.86,-79.867871,
K,"k4(mu,u,d,-)^2",e,1.31903,0.510999,+158.128374,
K,"k4(mu,u,d,-)^2",tau,1.31903,1776.93,-99.925769,
K,"k4(mu,u,d,-)^2",s,1.31903,94.5258,-98.604578,
K,"k4(mu,u,d,-)^2",c,1.31903,1272.9,-99.896376,
K,"k4(mu,u,d,-)^2",b,1.31903,4186,-99.968489,
K,"k4(mu,u,d,-)^2",t,1.31903,172600,-99.999236,
K,"k4(mu,u,d,-)^2",A:P_2me,1.31903,1.022,+29.064187,
K,"k4(mu,u,d,-)^2",A:tau,1.31903,1776.93,-99.925769,
K,"k4(mu,u,d,-)^2",A:two_tau,1.31903,3553.86,-99.962884,
K,"k4(mu,u,s,+)^2",e,1958.19,0.510999,+383107.825578,
K,"k4(mu,u,s,+)^2",tau,1958.19,1776.93,+10.200625,
K,"k4(mu,u,s,+)^2",d,1958.19,4.78225,+40847.001258,
K,"k4(mu,u,s,+)^2",c,1958.19,1272.9,+53.836748,
K,"k4(mu,u,s,+)^2",b,1958.19,4186,-53.220545,
K,"k4(mu,u,s,+)^2",t,1958.19,172600,-98.865476,
K,"k4(mu,u,s,+)^2",A:P_2me,1958.19,1.022,+191503.912789,
K,"k4(mu,u,s,+)^2",A:tau,1958.19,1776.93,+10.200625,
K,"k4(mu,u,s,+)^2",A:two_tau,1958.19,3553.86,-44.899687,
K,"k4(mu,u,s,-)^2",e,1.64737,0.510999,+222.382264,
K,"k4(mu,u,s,-)^2",tau,1.64737,1776.93,-99.907291,
K,"k4(mu,u,s,-)^2",d,1.64737,4.78225,-65.552408,
K,"k4(mu,u,s,-)^2",c,1.64737,1272.9,-99.870581,
K,"k4(mu,u,s,-)^2",b,1.64737,4186,-99.960646,
K,"k4(mu,u,s,-)^2",t,1.64737,172600,-99.999046,
K,"k4(mu,u,s,-)^2",A:P_2me,1.64737,1.022,+61.191132,
K,"k4(mu,u,s,-)^2",A:tau,1.64737,1776.93,-99.907291,
K,"k4(mu,u,s,-)^2",A:two_tau,1.64737,3553.86,-99.953646,
K,"k4(mu,u,c,+)^2",e,7947.01,0.510999,+1555090.507276,
K,"k4(mu,u,c,+)^2",tau,7947.01,1776.93,+347.232427,
K,"k4(mu,u,c,+)^2",d,7947.01,4.78225,+166077.158731,
K,"k4(mu,u,c,+)^2",s,7947.01,94.5258,+8307.240539,
K,"k4(mu,u,c,+)^2",b,7947.01,4186,+89.847281,
K,"k4(mu,u,c,+)^2",t,7947.01,172600,-95.395708,
K,"k4(mu,u,c,+)^2",A:P_2me,7947.01,1.022,+777495.253638,
K,"k4(mu,u,c,+)^2",A:tau,7947.01,1776.93,+347.232427,
K,"k4(mu,u,c,+)^2",A:two_tau,7947.01,3553.86,+123.616214,
K,"k4(mu,u,c,-)^2",e,32.8616,0.510999,+6330.864273,
K,"k4(mu,u,c,-)^2",tau,32.8616,1776.93,-98.150650,
K,"k4(mu,u,c,-)^2",d,32.8616,4.78225,+587.158742,
K,"k4(mu,u,c,-)^2",s,32.8616,94.5258,-65.235241,
K,"k4(mu,u,c,-)^2",b,32.8616,4186,-99.214963,
K,"k4(mu,u,c,-)^2",t,32.8616,172600,-99.980961,
K,"k4(mu,u,c,-)^2",A:P_2me,32.8616,1.022,+3115.432136,
K,"k4(mu,u,c,-)^2",A:tau,32.8616,1776.93,-98.150650,
K,"k4(mu,u,c,-)^2",A:two_tau,32.8616,3553.86,-99.075325,
K,"k4(mu,u,b,+)^2",e,17472,0.510999,+3419080.195901,
K,"k4(mu,u,b,+)^2",tau,17472,1776.93,+883.267485,
K,"k4(mu,u,b,+)^2",d,17472,4.78225,+365250.513320,
K,"k4(mu,u,b,+)^2",s,17472,94.5258,+18383.825755,
K,"k4(mu,u,b,+)^2",c,17472,1272.9,+1272.611747,
K,"k4(mu,u,b,+)^2",t,17472,172600,-89.877187,
K,"k4(mu,u,b,+)^2",A:P_2me,17472,1.022,+1709490.097951,
K,"k4(mu,u,b,+)^2",A:tau,17472,1776.93,+883.267485,
K,"k4(mu,u,b,+)^2",A:two_tau,17472,3553.86,+391.633743,
K,"k4(mu,u,b,-)^2",e,430.15,0.510999,+84078.259945,
K,"k4(mu,u,b,-)^2",tau,430.15,1776.93,-75.792517,
K,"k4(mu,u,b,-)^2",d,430.15,4.78225,+8894.720582,
K,"k4(mu,u,b,-)^2",s,430.15,94.5258,+355.061214,
K,"k4(mu,u,b,-)^2",c,430.15,1272.9,-66.207084,
K,"k4(mu,u,b,-)^2",t,430.15,172600,-99.750782,
K,"k4(mu,u,b,-)^2",A:P_2me,430.15,1.022,+41989.129973,
K,"k4(mu,u,b,-)^2",A:tau,430.15,1776.93,-75.792517,
K,"k4(mu,u,b,-)^2",A:two_tau,430.15,3553.86,-87.896259,
K,"k4(mu,u,t,+)^2",e,321756,0.510999,+62966041.512923,
K,"k4(mu,u,t,+)^2",tau,321756,1776.93,+18007.428116,
K,"k4(mu,u,t,+)^2",d,321756,4.78225,+6728036.806336,
K,"k4(mu,u,t,+)^2",s,321756,94.5258,+340290.129061,
K,"k4(mu,u,t,+)^2",c,321756,1272.9,+25177.423397,
K,"k4(mu,u,t,+)^2",b,321756,4186,+7586.486441,
K,"k4(mu,u,t,+)^2",A:P_2me,321756,1.022,+31482970.756461,
K,"k4(mu,u,t,+)^2",A:tau,321756,1776.93,+18007.428116,
K,"k4(mu,u,t,+)^2",A:two_tau,321756,3553.86,+8953.714058,
K,"k4(mu,u,t,-)^2",e,82478.4,0.510999,+16140515.364479,
K,"k4(mu,u,t,-)^2",tau,82478.4,1776.93,+4541.622076,
K,"k4(mu,u,t,-)^2",d,82478.4,4.78225,+1724577.194781,
K,"k4(mu,u,t,-)^2",s,82478.4,94.5258,+87154.928046,
K,"k4(mu,u,t,-)^2",c,82478.4,1272.9,+6379.564392,
K,"k4(mu,u,t,-)^2",b,82478.4,4186,+1870.338632,
K,"k4(mu,u,t,-)^2",A:P_2me,82478.4,1.022,+8070207.682239,
K,"k4(mu,u,t,-)^2",A:tau,82478.4,1776.93,+4541.622076,
K,"k4(mu,u,t,-)^2",A:two_tau,82478.4,3553.86,+2220.811038,
K,"k4(mu,d,s,+)^2",e,2130.87,0.510999,+416901.289191,
K,"k4(mu,d,s,+)^2",tau,2130.87,1776.93,+19.918748,
K,"k4(mu,d,s,+)^2",u,2130.87,2.1978,+96854.782607,
K,"k4(mu,d,s,+)^2",c,2130.87,1272.9,+67.402955,
K,"k4(mu,d,s,+)^2",b,2130.87,4186,-49.095265,
K,"k4(mu,d,s,+)^2",t,2130.87,172600,-98.765427,
K,"k4(mu,d,s,+)^2",A:P_2me,2130.87,1.022,+208400.644596,
K,"k4(mu,d,s,+)^2",A:tau,2130.87,1776.93,+19.918748,
K,"k4(mu,d,s,+)^2",A:two_tau,2130.87,3553.86,-40.040626,
K,"k4(mu,d,s,-)^2",e,3.18543,0.510999,+523.373181,
K,"k4(mu,d,s,-)^2",tau,3.18543,1776.93,-99.820734,
K,"k4(mu,d,s,-)^2",u,3.18543,2.1978,+44.937229,
K,"k4(mu,d,s,-)^2",c,3.18543,1272.9,-99.749750,
K,"k4(mu,d,s,-)^2",b,3.18543,4186,-99.923903,
K,"k4(mu,d,s,-)^2",t,3.18543,172600,-99.998154,
K,"k4(mu,d,s,-)^2",A:P_2me,3.18543,1.022,+211.686591,
K,"k4(mu,d,s,-)^2",A:tau,3.18543,1776.93,-99.820734,
K,"k4(mu,d,s,-)^2",A:two_tau,3.18543,3553.86,-99.910367,
K,"k4(mu,d,c,+)^2",e,8349.33,0.510999,+1633823.928211,
K,"k4(mu,d,c,+)^2",tau,8349.33,1776.93,+369.874116,
K,"k4(mu,d,c,+)^2",u,8349.33,2.1978,+379795.082729,
K,"k4(mu,d,c,+)^2",s,8349.33,94.5258,+8732.867370,
K,"k4(mu,d,c,+)^2",b,8349.33,4186,+99.458531,
K,"k4(mu,d,c,+)^2",t,8349.33,172600,-95.162611,
K,"k4(mu,d,c,+)^2",A:P_2me,8349.33,1.022,+816861.964105,
K,"k4(mu,d,c,+)^2",A:tau,8349.33,1776.93,+369.874116,
K,"k4(mu,d,c,+)^2",A:two_tau,8349.33,3553.86,+134.937058,
K,"k4(mu,d,c,-)^2",e,24.1325,0.510999,+4622.605829,
K,"k4(mu,d,c,-)^2",tau,24.1325,1776.93,-98.641901,
K,"k4(mu,d,c,-)^2",u,24.1325,2.1978,+998.028312,
K,"k4(mu,d,c,-)^2",s,24.1325,94.5258,-74.469955,
K,"k4(mu,d,c,-)^2",b,24.1325,4186,-99.423496,
K,"k4(mu,d,c,-)^2",t,24.1325,172600,-99.986018,
K,"k4(mu,d,c,-)^2",A:P_2me,24.1325,1.022,+2261.302915,
K,"k4(mu,d,c,-)^2",A:tau,24.1325,1776.93,-98.641901,
K,"k4(mu,d,c,-)^2",A:two_tau,24.1325,3553.86,-99.320951,
K,"k4(mu,d,b,+)^2",e,18157.6,0.510999,+3553260.702335,
K,"k4(mu,d,b,+)^2",tau,18157.6,1776.93,+921.854316,
K,"k4(mu,d,b,+)^2",u,18157.6,2.1978,+826073.259767,
K,"k4(mu,d,b,+)^2",s,18157.6,94.5258,+19109.195276,
K,"k4(mu,d,b,+)^2",c,18157.6,1272.9,+1326.477799,
K,"k4(mu,d,b,+)^2",t,18157.6,172600,-89.479933,
K,"k4(mu,d,b,+)^2",A:P_2me,18157.6,1.022,+1776580.351168,
K,"k4(mu,d,b,+)^2",A:tau,18157.6,1776.93,+921.854316,
K,"k4(mu,d,b,+)^2",A:two_tau,18157.6,3553.86,+410.927158,
K,"k4(mu,d,b,-)^2",e,383.379,0.510999,+74925.348262,
K,"k4(mu,d,b,-)^2",tau,383.379,1776.93,-78.424657,
K,"k4(mu,d,b,-)^2",u,383.379,2.1978,+17343.750221,
K,"k4(mu,d,b,-)^2",s,383.379,94.5258,+305.581275,
K,"k4(mu,d,b,-)^2",c,383.379,1272.9,-69.881472,
K,"k4(mu,d,b,-)^2",t,383.379,172600,-99.777880,
K,"k4(mu,d,b,-)^2",A:P_2me,383.379,1.022,+37412.674131,
K,"k4(mu,d,b,-)^2",A:tau,383.379,1776.93,-78.424657,
K,"k4(mu,d,b,-)^2",A:two_tau,383.379,3553.86,-89.212329,
K,"k4(mu,d,t,+)^2",e,327366,0.510999,+64063912.270173,
K,"k4(mu,d,t,+)^2",tau,327366,1776.93,+18323.147252,
K,"k4(mu,d,t,+)^2",u,327366,2.1978,+14895087.481595,
K,"k4(mu,d,t,+)^2",s,327366,94.5258,+346225.134125,
K,"k4(mu,d,t,+)^2",c,327366,1272.9,+25618.157787,
K,"k4(mu,d,t,+)^2",b,327366,4186,+7720.507178,
K,"k4(mu,d,t,+)^2",A:P_2me,327366,1.022,+32031906.135086,
K,"k4(mu,d,t,+)^2",A:tau,327366,1776.93,+18323.147252,
K,"k4(mu,d,t,+)^2",A:two_tau,327366,3553.86,+9111.573626,
K,"k4(mu,d,t,-)^2",e,80471.7,0.510999,+15747825.359236,
K,"k4(mu,d,t,-)^2",tau,80471.7,1776.93,+4428.694622,
K,"k4(mu,d,t,-)^2",u,80471.7,2.1978,+3661367.528490,
K,"k4(mu,d,t,-)^2",s,80471.7,94.5258,+85032.076012,
K,"k4(mu,d,t,-)^2",c,80471.7,1272.9,+6221.921073,
K,"k4(mu,d,t,-)^2",b,80471.7,4186,+1822.401657,
K,"k4(mu,d,t,-)^2",A:P_2me,80471.7,1.022,+7873862.679618,
K,"k4(mu,d,t,-)^2",A:tau,80471.7,1776.93,+4428.694622,
K,"k4(mu,d,t,-)^2",A:two_tau,80471.7,3553.86,+2164.347311,
K,"k4(mu,s,c,+)^2",e,12706.8,0.510999,+2486564.055014,
K,"k4(mu,s,c,+)^2",tau,12706.8,1776.93,+615.100045,
K,"k4(mu,s,c,+)^2",u,12706.8,2.1978,+578061.217049,
K,"k4(mu,s,c,+)^2",d,12706.8,4.78225,+265608.133793,
K,"k4(mu,s,c,+)^2",b,12706.8,4186,+203.555357,
K,"k4(mu,s,c,+)^2",t,12706.8,172600,-92.637991,
K,"k4(mu,s,c,+)^2",A:P_2me,12706.8,1.022,+1243232.027507,
K,"k4(mu,s,c,+)^2",A:tau,12706.8,1776.93,+615.100045,
K,"k4(mu,s,c,+)^2",A:two_tau,12706.8,3553.86,+257.550022,
K,"k4(mu,s,c,-)^2",e,1.86648,0.510999,+265.261394,
K,"k4(mu,s,c,-)^2",tau,1.86648,1776.93,-99.894960,
K,"k4(mu,s,c,-)^2",u,1.86648,2.1978,-15.074989,
K,"k4(mu,s,c,-)^2",d,1.86648,4.78225,-60.970633,
K,"k4(mu,s,c,-)^2",b,1.86648,4186,-99.955411,
K,"k4(mu,s,c,-)^2",t,1.86648,172600,-99.998919,
K,"k4(mu,s,c,-)^2",A:P_2me,1.86648,1.022,+82.630697,
K,"k4(mu,s,c,-)^2",A:tau,1.86648,1776.93,-99.894960,
K,"k4(mu,s,c,-)^2",A:two_tau,1.86648,3553.86,-99.947480,
K,"k4(mu,s,b,+)^2",e,25400,0.510999,+4970561.433228,
K,"k4(mu,s,b,+)^2",tau,25400,1776.93,+1329.433223,
K,"k4(mu,s,b,+)^2",u,25400,2.1978,+1155602.419062,
K,"k4(mu,s,b,+)^2",d,25400,4.78225,+531031.324505,
K,"k4(mu,s,b,+)^2",c,25400,1272.9,+1895.445657,
K,"k4(mu,s,b,+)^2",t,25400,172600,-85.283877,
K,"k4(mu,s,b,+)^2",A:P_2me,25400,1.022,+2485230.716614,
K,"k4(mu,s,b,+)^2",A:tau,25400,1776.93,+1329.433223,
K,"k4(mu,s,b,+)^2",A:two_tau,25400,3553.86,+614.716611,
K,"k4(mu,s,b,-)^2",e,100.554,0.510999,+19577.959827,
K,"k4(mu,s,b,-)^2",tau,100.554,1776.93,-94.341129,
K,"k4(mu,s,b,-)^2",u,100.554,2.1978,+4475.219230,
K,"k4(mu,s,b,-)^2",d,100.554,4.78225,+2002.653944,
K,"k4(mu,s,b,-)^2",c,100.554,1272.9,-92.100387,
K,"k4(mu,s,b,-)^2",t,100.554,172600,-99.941742,
K,"k4(mu,s,b,-)^2",A:P_2me,100.554,1.022,+9738.979914,
K,"k4(mu,s,b,-)^2",A:tau,100.554,1776.93,-94.341129,
K,"k4(mu,s,b,-)^2",A:two_tau,100.554,3553.86,-97.170565,
K,"k4(mu,s,t,+)^2",e,382988,0.510999,+74948843.882352,
K,"k4(mu,s,t,+)^2",tau,382988,1776.93,+21453.371083,
K,"k4(mu,s,t,+)^2",u,382988,2.1978,+17425885.840024,
K,"k4(mu,s,t,+)^2",d,382988,4.78225,+8008438.173288,
K,"k4(mu,s,t,+)^2",c,382988,1272.9,+29987.855825,
K,"k4(mu,s,t,+)^2",b,382988,4186,+9049.267004,
K,"k4(mu,s,t,+)^2",A:P_2me,382988,1.022,+37474371.941176,
K,"k4(mu,s,t,+)^2",A:tau,382988,1776.93,+21453.371083,
K,"k4(mu,s,t,+)^2",A:two_tau,382988,3553.86,+10676.685542,
K,"k4(mu,s,t,-)^2",e,63527,0.510999,+12431815.525962,
K,"k4(mu,s,t,-)^2",tau,63527,1776.93,+3475.096255,
K,"k4(mu,s,t,-)^2",u,63527,2.1978,+2890379.474399,
K,"k4(mu,s,t,-)^2",d,63527,4.78225,+1328290.566958,
K,"k4(mu,s,t,-)^2",c,63527,1272.9,+4890.726521,
K,"k4(mu,s,t,-)^2",b,63527,4186,+1417.605301,
K,"k4(mu,s,t,-)^2",A:P_2me,63527,1.022,+6215857.762981,
K,"k4(mu,s,t,-)^2",A:tau,63527,1776.93,+3475.096255,
K,"k4(mu,s,t,-)^2",A:two_tau,63527,3553.86,+1687.548128,
K,"k4(mu,c,b,+)^2",e,51186,0.510999,+10016755.116498,
K,"k4(mu,c,b,+)^2",tau,51186,1776.93,+2780.587560,
K,"k4(mu,c,b,+)^2",u,51186,2.1978,+2328866.445420,
K,"k4(mu,c,b,+)^2",d,51186,4.78225,+1070233.515342,
K,"k4(mu,c,b,+)^2",s,51186,94.5258,+54050.350077,
K,"k4(mu,c,b,+)^2",t,51186,172600,-70.344134,
K,"k4(mu,c,b,+)^2",A:P_2me,51186,1.022,+5008327.558249,
K,"k4(mu,c,b,+)^2",A:tau,51186,1776.93,+2780.587560,
K,"k4(mu,c,b,+)^2",A:two_tau,51186,3553.86,+1340.293780,
K,"k4(mu,c,b,-)^2",e,24.3165,0.510999,+4658.621496,
K,"k4(mu,c,b,-)^2",tau,24.3165,1776.93,-98.631544,
K,"k4(mu,c,b,-)^2",u,24.3165,2.1978,+1006.402125,
K,"k4(mu,c,b,-)^2",d,24.3165,4.78225,+408.474168,
K,"k4(mu,c,b,-)^2",s,24.3165,94.5258,-74.275257,
K,"k4(mu,c,b,-)^2",t,24.3165,172600,-99.985912,
K,"k4(mu,c,b,-)^2",A:P_2me,24.3165,1.022,+2279.310748,
K,"k4(mu,c,b,-)^2",A:tau,24.3165,1776.93,-98.631544,
K,"k4(mu,c,b,-)^2",A:two_tau,24.3165,3553.86,-99.315772,
K,"k4(mu,c,t,+)^2",e,548197,0.510999,+107279354.601657,
K,"k4(mu,c,t,+)^2",tau,548197,1776.93,+30750.786881,
K,"k4(mu,c,t,+)^2",u,548197,2.1978,+24942883.316063,
K,"k4(mu,c,t,+)^2",d,548197,4.78225,+11463058.289935,
K,"k4(mu,c,t,+)^2",s,548197,94.5258,+579844.499060,
K,"k4(mu,c,t,+)^2",b,548197,4186,+12995.960041,
K,"k4(mu,c,t,+)^2",A:P_2me,548197,1.022,+53639627.300829,
K,"k4(mu,c,t,+)^2",A:tau,548197,1776.93,+30750.786881,
K,"k4(mu,c,t,+)^2",A:two_tau,548197,3553.86,+15325.393440,
K,"k4(mu,c,t,-)^2",e,33274.7,0.510999,+6511588.480478,
K,"k4(mu,c,t,-)^2",tau,33274.7,1776.93,+1772.592607,
K,"k4(mu,c,t,-)^2",u,33274.7,2.1978,+1513898.535237,
K,"k4(mu,c,t,-)^2",d,33274.7,4.78225,+695695.071513,
K,"k4(mu,c,t,-)^2",s,33274.7,94.5258,+35101.688225,
K,"k4(mu,c,t,-)^2",b,33274.7,4186,+694.903483,
K,"k4(mu,c,t,-)^2",A:P_2me,33274.7,1.022,+3255744.240239,
K,"k4(mu,c,t,-)^2",A:tau,33274.7,1776.93,+1772.592607,
K,"k4(mu,c,t,-)^2",A:two_tau,33274.7,3553.86,+836.296303,
K,"k4(mu,b,t,+)^2",e,717688,0.510999,+140447905.483225,
K,"k4(mu,b,t,+)^2",tau,717688,1776.93,+40289.201279,
K,"k4(mu,b,t,+)^2",u,717688,2.1978,+32654729.114765,
K,"k4(mu,b,t,+)^2",d,717688,4.78225,+15007225.720828,
K,"k4(mu,b,t,+)^2",s,717688,94.5258,+759151.139805,
K,"k4(mu,b,t,+)^2",c,717688,1272.9,+56282.106551,
K,"k4(mu,b,t,+)^2",A:P_2me,717688,1.022,+70223902.741612,
K,"k4(mu,b,t,+)^2",A:tau,717688,1776.93,+40289.201279,
K,"k4(mu,b,t,+)^2",A:two_tau,717688,3553.86,+20094.600639,
K,"k4(mu,b,t,-)^2",e,17874.4,0.510999,+3497834.036390,
K,"k4(mu,b,t,-)^2",tau,17874.4,1776.93,+905.915046,
K,"k4(mu,b,t,-)^2",u,17874.4,2.1978,+813186.296377,
K,"k4(mu,b,t,-)^2",d,17874.4,4.78225,+373665.617059,
K,"k4(mu,b,t,-)^2",s,17874.4,94.5258,+18809.562973,
K,"k4(mu,b,t,-)^2",c,17874.4,1272.9,+1304.227058,
K,"k4(mu,b,t,-)^2",A:P_2me,17874.4,1.022,+1748867.018195,
K,"k4(mu,b,t,-)^2",A:tau,17874.4,1776.93,+905.915046,
K,"k4(mu,b,t,-)^2",A:two_tau,17874.4,3553.86,+402.957523,
K,"k4(tau,u,d,+)^2",e,5034.76,0.510999,+985178.113839,
K,"k4(tau,u,d,+)^2",mu,5034.76,105.658,+4665.131774,
K,"k4(tau,u,d,+)^2",s,5034.76,94.5258,+5226.337874,
K,"k4(tau,u,d,+)^2",c,5034.76,1272.9,+295.534671,
K,"k4(tau,u,d,+)^2",b,5034.76,4186,+20.276178,
K,"k4(tau,u,d,+)^2",t,5034.76,172600,-97.082989,
K,"k4(tau,u,d,+)^2",A:P_2me,5034.76,1.022,+492539.056920,
K,"k4(tau,u,d,-)^2",e,428.073,0.510999,+83671.702787,
K,"k4(tau,u,d,-)^2",mu,428.073,105.658,+305.147742,
K,"k4(tau,u,d,-)^2",s,428.073,94.5258,+352.863397,
K,"k4(tau,u,d,-)^2",c,428.073,1272.9,-66.370294,
K,"k4(tau,u,d,-)^2",b,428.073,4186,-89.773709,
K,"k4(tau,u,d,-)^2",t,428.073,172600,-99.751986,
K,"k4(tau,u,d,-)^2",A:P_2me,428.073,1.022,+41785.851394,
K,"k4(tau,u,s,+)^2",e,9502.95,0.510999,+1859580.129634,
K,"k4(tau,u,s,+)^2",mu,9502.95,105.658,+8894.029961,
K,"k4(tau,u,s,+)^2",d,9502.95,4.78225,+198612.864209,
K,"k4(tau,u,s,+)^2",c,9502.95,1272.9,+646.558720,
K,"k4(tau,u,s,+)^2",b,9502.95,4186,+127.017342,
K,"k4(tau,u,s,+)^2",t,9502.95,172600,-94.494238,
K,"k4(tau,u,s,+)^2",A:P_2me,9502.95,1.022,+929740.064817,
K,"k4(tau,u,s,-)^2",e,85.2687,0.510999,+16586.674440,
K,"k4(tau,u,s,-)^2",mu,85.2687,105.658,-19.297707,
K,"k4(tau,u,s,-)^2",d,85.2687,4.78225,+1683.025381,
K,"k4(tau,u,s,-)^2",c,85.2687,1272.9,-93.301223,
K,"k4(tau,u,s,-)^2",b,85.2687,4186,-97.963002,
K,"k4(tau,u,s,-)^2",t,85.2687,172600,-99.950597,
K,"k4(tau,u,s,-)^2",A:P_2me,85.2687,1.022,+8243.337220,
K,"k4(tau,u,c,+)^2",e,25534.7,0.510999,+4996909.108506,
K,"k4(tau,u,c,+)^2",mu,25534.7,105.658,+24067.193551,
K,"k4(tau,u,c,+)^2",d,25534.7,4.78225,+533846.659216,
K,"k4(tau,u,c,+)^2",s,25534.7,94.5258,+26913.447775,
K,"k4(tau,u,c,+)^2",b,25534.7,4186,+510.001532,
K,"k4(tau,u,c,+)^2",t,25534.7,172600,-85.205872,
K,"k4(tau,u,c,+)^2",A:P_2me,25534.7,1.022,+2498404.554253,
K,"k4(tau,u,c,-)^2",e,1.36412,0.510999,+166.951761,
K,"k4(tau,u,c,-)^2",mu,1.36412,105.658,-98.708933,
K,"k4(tau,u,c,-)^2",d,1.36412,4.78225,-71.475337,
K,"k4(tau,u,c,-)^2",s,1.36412,94.5258,-98.556879,
K,"k4(tau,u,c,-)^2",b,1.36412,4186,-99.967412,
K,"k4(tau,u,c,-)^2",t,1.36412,172600,-99.999210,
K,"k4(tau,u,c,-)^2",A:P_2me,1.36412,1.022,+33.475881,
K,"k4(tau,u,b,+)^2",e,46558.1,0.510999,+9111093.127895,
K,"k4(tau,u,b,+)^2",mu,46558.1,105.658,+43964.752140,
K,"k4(tau,u,b,+)^2",d,46558.1,4.78225,+973460.589239,
K,"k4(tau,u,b,+)^2",s,46558.1,94.5258,+49154.410866,
K,"k4(tau,u,b,+)^2",c,46558.1,1272.9,+3557.640135,
K,"k4(tau,u,b,+)^2",t,46558.1,172600,-73.025434,
K,"k4(tau,u,b,+)^2",A:P_2me,46558.1,1.022,+4555496.563948,
K,"k4(tau,u,b,-)^2",e,0.805751,0.510999,+57.681492,
K,"k4(tau,u,b,-)^2",mu,0.805751,105.658,-99.237400,
K,"k4(tau,u,b,-)^2",d,0.805751,4.78225,-83.151220,
K,"k4(tau,u,b,-)^2",s,0.805751,94.5258,-99.147586,
K,"k4(tau,u,b,-)^2",c,0.805751,1272.9,-99.936700,
K,"k4(tau,u,b,-)^2",t,0.805751,172600,-99.999533,
K,"k4(tau,u,b,-)^2",A:P_2me,0.805751,1.022,-21.159254,
K,"k4(tau,u,t,+)^2",e,531204,0.510999,+103953864.206228,
K,"k4(tau,u,t,+)^2",mu,531204,105.658,+502655.852322,
K,"k4(tau,u,t,+)^2",d,531204,4.78225,+11107718.836206,
K,"k4(tau,u,t,+)^2",s,531204,94.5258,+561867.153177,
K,"k4(tau,u,t,+)^2",c,531204,1272.9,+41631.767326,
K,"k4(tau,u,t,+)^2",b,531204,4186,+12590.006362,
K,"k4(tau,u,t,+)^2",A:P_2me,531204,1.022,+51976882.103114,
K,"k4(tau,u,t,-)^2",e,35849,0.510999,+7015366.205259,
K,"k4(tau,u,t,-)^2",mu,35849,105.658,+33829.121591,
K,"k4(tau,u,t,-)^2",d,35849,4.78225,+749525.358249,
K,"k4(tau,u,t,-)^2",s,35849,94.5258,+37825.071946,
K,"k4(tau,u,t,-)^2",c,35849,1272.9,+2716.321682,
K,"k4(tau,u,t,-)^2",b,35849,4186,+756.401307,
K,"k4(tau,u,t,-)^2",A:P_2me,35849,1.022,+3507633.102630,
K,"k4(tau,d,s,+)^2",e,9962.75,0.510999,+1949561.384930,
K,"k4(tau,d,s,+)^2",mu,9962.75,105.658,+9329.209158,
K,"k4(tau,d,s,+)^2",u,9962.75,2.1978,+453205.542770,
K,"k4(tau,d,s,+)^2",c,9962.75,1272.9,+682.681218,
K,"k4(tau,d,s,+)^2",b,9962.75,4186,+138.001654,
K,"k4(tau,d,s,+)^2",t,9962.75,172600,-94.227839,
K,"k4(tau,d,s,+)^2",A:P_2me,9962.75,1.022,+974730.692465,
K,"k4(tau,d,s,-)^2",e,69.0937,0.510999,+13421.308658,
K,"k4(tau,d,s,-)^2",mu,69.0937,105.658,-34.606466,
K,"k4(tau,d,s,-)^2",u,69.0937,2.1978,+3043.768558,
K,"k4(tau,d,s,-)^2",c,69.0937,1272.9,-94.571942,
K,"k4(tau,d,s,-)^2",b,69.0937,4186,-98.349409,
K,"k4(tau,d,s,-)^2",t,69.0937,172600,-99.959969,
K,"k4(tau,d,s,-)^2",A:P_2me,69.0937,1.022,+6660.654329,
K,"k4(tau,d,c,+)^2",e,26195.7,0.510999,+5126278.303511,
K,"k4(tau,d,c,+)^2",mu,26195.7,105.658,+24692.865890,
K,"k4(tau,d,c,+)^2",u,26195.7,2.1978,+1191807.331847,
K,"k4(tau,d,c,+)^2",s,26195.7,94.5258,+27612.807716,
K,"k4(tau,d,c,+)^2",b,26195.7,4186,+525.794060,
K,"k4(tau,d,c,+)^2",t,26195.7,172600,-84.822862,
K,"k4(tau,d,c,+)^2",A:P_2me,26195.7,1.022,+2563089.151755,
K,"k4(tau,d,c,-)^2",e,3.29264,0.510999,+544.354230,
K,"k4(tau,d,c,-)^2",mu,3.29264,105.658,-96.883689,
K,"k4(tau,d,c,-)^2",u,3.29264,2.1978,+49.815422,
K,"k4(tau,d,c,-)^2",s,3.29264,94.5258,-96.516670,
K,"k4(tau,d,c,-)^2",b,3.29264,4186,-99.921342,
K,"k4(tau,d,c,-)^2",t,3.29264,172600,-99.998092,
K,"k4(tau,d,c,-)^2",A:P_2me,3.29264,1.022,+222.177115,
K,"k4(tau,d,b,+)^2",e,47467.2,0.510999,+9288991.210248,
K,"k4(tau,d,b,+)^2",mu,47467.2,105.658,+44825.126275,
K,"k4(tau,d,b,+)^2",u,47467.2,2.1978,+2159657.876650,
K,"k4(tau,d,b,+)^2",s,47467.2,94.5258,+50116.114247,
K,"k4(tau,d,b,+)^2",c,47467.2,1272.9,+3629.056376,
K,"k4(tau,d,b,+)^2",t,47467.2,172600,-72.498749,
K,"k4(tau,d,b,+)^2",A:P_2me,47467.2,1.022,+4644445.605124,
K,"k4(tau,d,b,-)^2",e,0.0440934,0.510999,-91.371127,
K,"k4(tau,d,b,-)^2",mu,0.0440934,105.658,-99.958268,
K,"k4(tau,d,b,-)^2",u,0.0440934,2.1978,-97.993746,
K,"k4(tau,d,b,-)^2",s,0.0440934,94.5258,-99.953353,
K,"k4(tau,d,b,-)^2",c,0.0440934,1272.9,-99.996536,
K,"k4(tau,d,b,-)^2",t,0.0440934,172600,-99.999974,
K,"k4(tau,d,b,-)^2",A:P_2me,0.0440934,1.022,-95.685564,
K,"k4(tau,d,t,+)^2",e,535708,0.510999,+104835333.029739,
K,"k4(tau,d,t,+)^2",mu,535708,105.658,+506918.927935,
K,"k4(tau,d,t,+)^2",u,535708,2.1978,+24374636.679101,
K,"k4(tau,d,t,+)^2",s,535708,94.5258,+566632.305994,
K,"k4(tau,d,t,+)^2",c,535708,1272.9,+41985.628308,
K,"k4(tau,d,t,+)^2",b,535708,4186,+12697.610194,
K,"k4(tau,d,t,+)^2",A:P_2me,535708,1.022,+52417616.514869,
K,"k4(tau,d,t,-)^2",e,35217.5,0.510999,+6891799.568739,
K,"k4(tau,d,t,-)^2",mu,35217.5,105.658,+33231.512350,
K,"k4(tau,d,t,-)^2",u,35217.5,2.1978,+1602299.421188,
K,"k4(tau,d,t,-)^2",s,35217.5,94.5258,+37157.080191,
K,"k4(tau,d,t,-)^2",c,35217.5,1272.9,+2666.716512,
K,"k4(tau,d,t,-)^2",b,35217.5,4186,+741.317116,
K,"k4(tau,d,t,-)^2",A:P_2me,35217.5,1.022,+3445849.784369,
K,"k4(tau,s,c,+)^2",e,33359.8,0.510999,+6528241.482710,
K,"k4(tau,s,c,+)^2",mu,33359.8,105.658,+31473.224854,
K,"k4(tau,s,c,+)^2",u,33359.8,2.1978,+1517770.437442,
K,"k4(tau,s,c,+)^2",d,33359.8,4.78225,+697474.498910,
K,"k4(tau,s,c,+)^2",b,33359.8,4186,+696.936371,
K,"k4(tau,s,c,+)^2",t,33359.8,172600,-80.672215,
K,"k4(tau,s,c,+)^2",A:P_2me,33359.8,1.022,+3264070.741355,
K,"k4(tau,s,c,-)^2",e,56.8353,0.510999,+11022.393987,
K,"k4(tau,s,c,-)^2",mu,56.8353,105.658,-46.208413,
K,"k4(tau,s,c,-)^2",u,56.8353,2.1978,+2486.009490,
K,"k4(tau,s,c,-)^2",d,56.8353,4.78225,+1088.463936,
K,"k4(tau,s,c,-)^2",b,56.8353,4186,-98.642252,
K,"k4(tau,s,c,-)^2",t,56.8353,172600,-99.967071,
K,"k4(tau,s,c,-)^2",A:P_2me,56.8353,1.022,+5461.196993,
K,"k4(tau,s,b,+)^2",e,57271.1,0.510999,+11207578.431540,
K,"k4(tau,s,b,+)^2",mu,57271.1,105.658,+54104.050470,
K,"k4(tau,s,b,+)^2",u,57271.1,2.1978,+2605738.528614,
K,"k4(tau,s,b,+)^2",d,57271.1,4.78225,+1197476.855703,
K,"k4(tau,s,b,+)^2",c,57271.1,1272.9,+4399.263036,
K,"k4(tau,s,b,+)^2",t,57271.1,172600,-66.818587,
K,"k4(tau,s,b,+)^2",A:P_2me,57271.1,1.022,+5603739.215770,
K,"k4(tau,s,b,-)^2",e,37.9835,0.510999,+7333.186626,
K,"k4(tau,s,b,-)^2",mu,37.9835,105.658,-64.050644,
K,"k4(tau,s,b,-)^2",u,37.9835,2.1978,+1628.251236,
K,"k4(tau,s,b,-)^2",d,37.9835,4.78225,+694.260142,
K,"k4(tau,s,b,-)^2",c,37.9835,1272.9,-97.015987,
K,"k4(tau,s,b,-)^2",t,37.9835,172600,-99.977993,
K,"k4(tau,s,b,-)^2",A:P_2me,37.9835,1.022,+3616.593313,
K,"k4(tau,s,t,+)^2",e,583265,0.510999,+114142099.517861,
K,"k4(tau,s,t,+)^2",mu,583265,105.658,+551929.537716,
K,"k4(tau,s,t,+)^2",u,583265,2.1978,+26538504.141904,
K,"k4(tau,s,t,+)^2",d,583265,4.78225,+12196364.882237,
K,"k4(tau,s,t,+)^2",c,583265,1272.9,+45721.780331,
K,"k4(tau,s,t,+)^2",b,583265,4186,+13833.718152,
K,"k4(tau,s,t,+)^2",A:P_2me,583265,1.022,+57070999.758931,
K,"k4(tau,s,t,-)^2",e,29219.5,0.510999,+5718013.296108,
K,"k4(tau,s,t,-)^2",mu,29219.5,105.658,+27554.692592,
K,"k4(tau,s,t,-)^2",u,29219.5,2.1978,+1329388.531367,
K,"k4(tau,s,t,-)^2",d,29219.5,4.78225,+610898.984628,
K,"k4(tau,s,t,-)^2",c,29219.5,1272.9,+2195.506241,
K,"k4(tau,s,t,-)^2",b,29219.5,4186,+598.029120,
K,"k4(tau,s,t,-)^2",A:P_2me,29219.5,1.022,+2858956.648054,
K,"k4(tau,c,b,+)^2",e,92577.8,0.510999,+18116927.791021,
K,"k4(tau,c,b,+)^2",mu,92577.8,105.658,+87519.955796,
K,"k4(tau,c,b,+)^2",u,92577.8,2.1978,+4212195.109124,
K,"k4(tau,c,b,+)^2",d,92577.8,4.78225,+1935763.284193,
K,"k4(tau,c,b,+)^2",s,92577.8,94.5258,+97839.261956,
K,"k4(tau,c,b,+)^2",t,92577.8,172600,-46.362791,
K,"k4(tau,c,b,+)^2",A:P_2me,92577.8,1.022,+9058413.895511,
K,"k4(tau,c,b,-)^2",e,368.82,0.510999,+72076.264570,
K,"k4(tau,c,b,-)^2",mu,368.82,105.658,+249.068356,
K,"k4(tau,c,b,-)^2",u,368.82,2.1978,+16681.324716,
K,"k4(tau,c,b,-)^2",d,368.82,4.78225,+7612.268380,
K,"k4(tau,c,b,-)^2",s,368.82,94.5258,+290.179348,
K,"k4(tau,c,b,-)^2",t,368.82,172600,-99.786315,
K,"k4(tau,c,b,-)^2",A:P_2me,368.82,1.022,+35988.132285,
K,"k4(tau,c,t,+)^2",e,741650,0.510999,+145137217.567228,
K,"k4(tau,c,t,+)^2",mu,741650,105.658,+701832.209651,
K,"k4(tau,c,t,+)^2",u,741650,2.1978,+33745016.472297,
K,"k4(tau,c,t,+)^2",d,741650,4.78225,+15508293.953226,
K,"k4(tau,c,t,+)^2",s,741650,94.5258,+784501.201078,
K,"k4(tau,c,t,+)^2",b,741650,4186,+17617.395361,
K,"k4(tau,c,t,+)^2",A:P_2me,741650,1.022,+72568558.783614,
K,"k4(tau,c,t,-)^2",e,15718.8,0.510999,+3075997.013050,
K,"k4(tau,c,t,-)^2",mu,15718.8,105.658,+14777.025493,
K,"k4(tau,c,t,-)^2",u,15718.8,2.1978,+715107.182587,
K,"k4(tau,c,t,-)^2",d,15718.8,4.78225,+328590.960508,
K,"k4(tau,c,t,-)^2",s,15718.8,94.5258,+16529.144396,
K,"k4(tau,c,t,-)^2",b,15718.8,4186,+275.509399,
K,"k4(tau,c,t,-)^2",A:P_2me,15718.8,1.022,+1537948.506525,
K,"k4(tau,b,t,+)^2",e,914787,0.510999,+179019338.408710,
K,"k4(tau,b,t,+)^2",mu,914787,105.658,+865697.384704,
K,"k4(tau,b,t,+)^2",u,914787,2.1978,+41622770.679754,
K,"k4(tau,b,t,+)^2",d,914787,4.78225,+19128708.652823,
K,"k4(tau,b,t,+)^2",s,914787,94.5258,+967665.346268,
K,"k4(tau,b,t,+)^2",c,914787,1272.9,+71766.403629,
K,"k4(tau,b,t,+)^2",A:P_2me,914787,1.022,+89509619.204355,
K,"k4(tau,b,t,-)^2",e,7772.86,0.510999,+1521010.273869,
K,"k4(tau,b,t,-)^2",mu,7772.86,105.658,+7256.593835,
K,"k4(tau,b,t,-)^2",u,7772.86,2.1978,+353565.371658,
K,"k4(tau,b,t,-)^2",d,7772.86,4.78225,+162435.575060,
K,"k4(tau,b,t,-)^2",s,7772.86,94.5258,+8123.005412,
K,"k4(tau,b,t,-)^2",c,7772.86,1272.9,+510.641648,
K,"k4(tau,b,t,-)^2",A:P_2me,7772.86,1.022,+760455.136934,
K,"k4(u,d,s,+)^2",e,669.176,0.510999,+130854.524016,
K,"k4(u,d,s,+)^2",mu,669.176,105.658,+533.339516,
K,"k4(u,d,s,+)^2",tau,669.176,1776.93,-62.340878,
K,"k4(u,d,s,+)^2",c,669.176,1272.9,-47.429001,
K,"k4(u,d,s,+)^2",b,669.176,4186,-84.013945,
K,"k4(u,d,s,+)^2",t,669.176,172600,-99.612296,
K,"k4(u,d,s,+)^2",A:mustar,669.176,1883.1,-64.464104,
K,"k4(u,d,s,+)^2",A:P_2me,669.176,1.022,+65377.262008,
K,"k4(u,d,s,+)^2",A:G,669.176,2306.32,-70.985062,
K,"k4(u,d,s,+)^2",A:tau,669.176,1776.93,-62.340878,
K,"k4(u,d,s,+)^2",A:mustar_plus_tau,669.176,3660.03,-81.716643,
K,"k4(u,d,s,+)^2",A:two_tau,669.176,3553.86,-81.170439,
K,"k4(u,d,s,+)^2",A:mustar_over_2,669.176,941.55,-28.928207,
K,"k4(u,d,s,+)^2",A:two_mustar,669.176,3766.2,-82.232052,
K,"k4(u,d,s,+)^2",A:one_point_five_mustar,669.176,2824.65,-76.309402,
K,"k4(u,d,s,-)^2",e,0.837402,0.510999,+63.875487,
K,"k4(u,d,s,-)^2",mu,0.837402,105.658,-99.207444,
K,"k4(u,d,s,-)^2",tau,0.837402,1776.93,-99.952874,
K,"k4(u,d,s,-)^2",c,0.837402,1272.9,-99.934213,
K,"k4(u,d,s,-)^2",b,0.837402,4186,-99.979995,
K,"k4(u,d,s,-)^2",t,0.837402,172600,-99.999515,
K,"k4(u,d,s,-)^2",A:mustar,0.837402,1883.1,-99.955531,
K,"k4(u,d,s,-)^2",A:P_2me,0.837402,1.022,-18.062257,
K,"k4(u,d,s,-)^2",A:G,0.837402,2306.32,-99.963691,
K,"k4(u,d,s,-)^2",A:tau,0.837402,1776.93,-99.952874,
K,"k4(u,d,s,-)^2",A:mustar_plus_tau,0.837402,3660.03,-99.977120,
K,"k4(u,d,s,-)^2",A:two_tau,0.837402,3553.86,-99.976437,
K,"k4(u,d,s,-)^2",A:mustar_over_2,0.837402,941.55,-99.911061,
K,"k4(u,d,s,-)^2",A:two_mustar,0.837402,3766.2,-99.977765,
K,"k4(u,d,s,-)^2",A:one_point_five_mustar,0.837402,2824.65,-99.970354,
K,"k4(u,d,c,+)^2",e,3907.77,0.510999,+764631.447701,
K,"k4(u,d,c,+)^2",mu,3907.77,105.658,+3598.494942,
K,"k4(u,d,c,+)^2",tau,3907.77,1776.93,+119.916917,
K,"k4(u,d,c,+)^2",s,3907.77,94.5258,+4034.079522,
K,"k4(u,d,c,+)^2",b,3907.77,4186,-6.646687,
K,"k4(u,d,c,+)^2",t,3907.77,172600,-97.735939,
K,"k4(u,d,c,+)^2",A:mustar,3907.77,1883.1,+107.517974,
K,"k4(u,d,c,+)^2",A:P_2me,3907.77,1.022,+382265.723850,
K,"k4(u,d,c,+)^2",A:G,3907.77,2306.32,+69.437716,
K,"k4(u,d,c,+)^2",A:tau,3907.77,1776.93,+119.916917,
K,"k4(u,d,c,+)^2",A:mustar_plus_tau,3907.77,3660.03,+6.768806,
K,"k4(u,d,c,+)^2",A:two_tau,3907.77,3553.86,+9.958459,
K,"k4(u,d,c,+)^2",A:mustar_over_2,3907.77,941.55,+315.035948,
K,"k4(u,d,c,+)^2",A:two_mustar,3907.77,3766.2,+3.758987,
K,"k4(u,d,c,+)^2",A:one_point_five_mustar,3907.77,2824.65,+38.345316,
K,"k4(u,d,c,-)^2",e,261.856,0.510999,+51143.901713,
K,"k4(u,d,c,-)^2",mu,261.856,105.658,+147.832506,
K,"k4(u,d,c,-)^2",tau,261.856,1776.93,-85.263584,
K,"k4(u,d,c,-)^2",s,261.856,94.5258,+177.020600,
K,"k4(u,d,c,-)^2",b,261.856,4186,-93.744486,
K,"k4(u,d,c,-)^2",t,261.856,172600,-99.848287,
K,"k4(u,d,c,-)^2",A:mustar,261.856,1883.1,-86.094425,
K,"k4(u,d,c,-)^2",A:P_2me,261.856,1.022,+25521.950856,
K,"k4(u,d,c,-)^2",A:G,261.856,2306.32,-88.646145,
K,"k4(u,d,c,-)^2",A:tau,261.856,1776.93,-85.263584,
K,"k4(u,d,c,-)^2",A:mustar_plus_tau,261.856,3660.03,-92.845527,
K,"k4(u,d,c,-)^2",A:two_tau,261.856,3553.86,-92.631792,
K,"k4(u,d,c,-)^2",A:mustar_over_2,261.856,941.55,-72.188850,
K,"k4(u,d,c,-)^2",A:two_mustar,261.856,3766.2,-93.047212,
K,"k4(u,d,c,-)^2",A:one_point_five_mustar,261.856,2824.65,-90.729617,
K,"k4(u,d,b,+)^2",e,9879.19,0.510999,+1933209.896716,
K,"k4(u,d,b,+)^2",mu,9879.19,105.658,+9250.127937,
K,"k4(u,d,b,+)^2",tau,9879.19,1776.93,+455.969750,
K,"k4(u,d,b,+)^2",s,9879.19,94.5258,+10351.324941,
K,"k4(u,d,b,+)^2",c,9879.19,1272.9,+676.116999,
K,"k4(u,d,b,+)^2",t,9879.19,172600,-94.276250,
K,"k4(u,d,b,+)^2",A:mustar,9879.19,1883.1,+424.624107,
K,"k4(u,d,b,+)^2",A:P_2me,9879.19,1.022,+966554.948358,
K,"k4(u,d,b,+)^2",A:G,9879.19,2306.32,+328.353790,
K,"k4(u,d,b,+)^2",A:tau,9879.19,1776.93,+455.969750,
K,"k4(u,d,b,+)^2",A:mustar_plus_tau,9879.19,3660.03,+169.921147,
K,"k4(u,d,b,+)^2",A:two_tau,9879.19,3553.86,+177.984875,
K,"k4(u,d,b,+)^2",A:mustar_over_2,9879.19,941.55,+949.248215,
K,"k4(u,d,b,+)^2",A:two_mustar,9879.19,3766.2,+162.312054,
K,"k4(u,d,b,+)^2",A:one_point_five_mustar,9879.19,2824.65,+249.749405,
K,"k4(u,d,b,-)^2",e,1394.51,0.510999,+272798.891670,
K,"k4(u,d,b,-)^2",mu,1394.51,105.658,+1219.829560,
K,"k4(u,d,b,-)^2",tau,1394.51,1776.93,-21.521361,
K,"k4(u,d,b,-)^2",s,1394.51,94.5258,+1375.270466,
K,"k4(u,d,b,-)^2",c,1394.51,1272.9,+9.553812,
K,"k4(u,d,b,-)^2",t,1394.51,172600,-99.192057,
K,"k4(u,d,b,-)^2",A:mustar,1394.51,1883.1,-25.945997,
K,"k4(u,d,b,-)^2",A:P_2me,1394.51,1.022,+136349.445835,
K,"k4(u,d,b,-)^2",A:G,1394.51,2306.32,-39.535160,
K,"k4(u,d,b,-)^2",A:tau,1394.51,1776.93,-21.521361,
K,"k4(u,d,b,-)^2",A:mustar_plus_tau,1394.51,3660.03,-61.898927,
K,"k4(u,d,b,-)^2",A:two_tau,1394.51,3553.86,-60.760681,
K,"k4(u,d,b,-)^2",A:mustar_over_2,1394.51,941.55,+48.108007,
K,"k4(u,d,b,-)^2",A:two_mustar,1394.51,3766.2,-62.972998,
K,"k4(u,d,b,-)^2",A:one_point_five_mustar,1394.51,2824.65,-50.630664,
K,"k4(u,d,t,+)^2",e,247299,0.510999,+48395131.901792,
K,"k4(u,d,t,+)^2",mu,247299,105.658,+233955.394125,
K,"k4(u,d,t,+)^2",tau,247299,1776.93,+13817.212676,
K,"k4(u,d,t,+)^2",s,247299,94.5258,+261520.909860,
K,"k4(u,d,t,+)^2",c,247299,1272.9,+19328.009050,
K,"k4(u,d,t,+)^2",b,247299,4186,+5807.767014,
K,"k4(u,d,t,+)^2",A:mustar,247299,1883.1,+13032.558513,
K,"k4(u,d,t,+)^2",A:P_2me,247299,1.022,+24197515.950896,
K,"k4(u,d,t,+)^2",A:G,247299,2306.32,+10622.689124,
K,"k4(u,d,t,+)^2",A:tau,247299,1776.93,+13817.212676,
K,"k4(u,d,t,+)^2",A:mustar_plus_tau,247299,3660.03,+6656.752526,
K,"k4(u,d,t,+)^2",A:two_tau,247299,3553.86,+6858.606338,
K,"k4(u,d,t,+)^2",A:mustar_over_2,247299,941.55,+26165.117025,
K,"k4(u,d,t,+)^2",A:two_mustar,247299,3766.2,+6466.279256,
K,"k4(u,d,t,+)^2",A:one_point_five_mustar,247299,2824.65,+8655.039008,
K,"k4(u,d,t,-)^2",e,116247,0.510999,+22748850.953373,
K,"k4(u,d,t,-)^2",mu,116247,105.658,+109921.472614,
K,"k4(u,d,t,-)^2",tau,116247,1776.93,+6442.007882,
K,"k4(u,d,t,-)^2",s,116247,94.5258,+122879.083123,
K,"k4(u,d,t,-)^2",c,116247,1272.9,+9032.445649,
K,"k4(u,d,t,-)^2",b,116247,4186,+2677.040150,
K,"k4(u,d,t,-)^2",A:mustar,116247,1883.1,+6073.168673,
K,"k4(u,d,t,-)^2",A:P_2me,116247,1.022,+11374375.476686,
K,"k4(u,d,t,-)^2",A:G,116247,2306.32,+4940.371115,
K,"k4(u,d,t,-)^2",A:tau,116247,1776.93,+6442.007882,
K,"k4(u,d,t,-)^2",A:mustar_plus_tau,116247,3660.03,+3076.119336,
K,"k4(u,d,t,-)^2",A:two_tau,116247,3553.86,+3171.003941,
K,"k4(u,d,t,-)^2",A:mustar_over_2,116247,941.55,+12246.337346,
K,"k4(u,d,t,-)^2",A:two_mustar,116247,3766.2,+2986.584336,
K,"k4(u,d,t,-)^2",A:one_point_five_mustar,116247,2824.65,+4015.445782,
K,"k4(u,s,c,+)^2",e,7671.22,0.510999,+1501119.694780,
K,"k4(u,s,c,+)^2",mu,7671.22,105.658,+7160.396397,
K,"k4(u,s,c,+)^2",tau,7671.22,1776.93,+331.711823,
K,"k4(u,s,c,+)^2",d,7671.22,4.78225,+160310.202057,
K,"k4(u,s,c,+)^2",b,7671.22,4186,+83.258884,
K,"k4(u,s,c,+)^2",t,7671.22,172600,-95.555494,
K,"k4(u,s,c,+)^2",A:mustar,7671.22,1883.1,+307.371857,
K,"k4(u,s,c,+)^2",A:P_2me,7671.22,1.022,+750509.847390,
K,"k4(u,s,c,+)^2",A:G,7671.22,2306.32,+232.617728,
K,"k4(u,s,c,+)^2",A:tau,7671.22,1776.93,+331.711823,
K,"k4(u,s,c,+)^2",A:mustar_plus_tau,7671.22,3660.03,+109.594408,
K,"k4(u,s,c,+)^2",A:two_tau,7671.22,3553.86,+115.855911,
K,"k4(u,s,c,+)^2",A:mustar_over_2,7671.22,941.55,+714.743714,
K,"k4(u,s,c,+)^2",A:two_mustar,7671.22,3766.2,+103.685928,
K,"k4(u,s,c,+)^2",A:one_point_five_mustar,7671.22,2824.65,+171.581238,
K,"k4(u,s,c,-)^2",e,38.1903,0.510999,+7373.658768,
K,"k4(u,s,c,-)^2",mu,38.1903,105.658,-63.854907,
K,"k4(u,s,c,-)^2",tau,38.1903,1776.93,-97.850770,
K,"k4(u,s,c,-)^2",d,38.1903,4.78225,+698.584722,
K,"k4(u,s,c,-)^2",b,38.1903,4186,-99.087666,
K,"k4(u,s,c,-)^2",t,38.1903,172600,-99.977874,
K,"k4(u,s,c,-)^2",A:mustar,38.1903,1883.1,-97.971944,
K,"k4(u,s,c,-)^2",A:P_2me,38.1903,1.022,+3636.829384,
K,"k4(u,s,c,-)^2",A:G,38.1903,2306.32,-98.344099,
K,"k4(u,s,c,-)^2",A:tau,38.1903,1776.93,-97.850770,
K,"k4(u,s,c,-)^2",A:mustar_plus_tau,38.1903,3660.03,-98.956557,
K,"k4(u,s,c,-)^2",A:two_tau,38.1903,3553.86,-98.925385,
K,"k4(u,s,c,-)^2",A:mustar_over_2,38.1903,941.55,-95.943887,
K,"k4(u,s,c,-)^2",A:two_mustar,38.1903,3766.2,-98.985972,
K,"k4(u,s,c,-)^2",A:one_point_five_mustar,38.1903,2824.65,-98.647962,
K,"k4(u,s,b,+)^2",e,16974.6,0.510999,+3321754.519895,
K,"k4(u,s,b,+)^2",mu,16974.6,105.658,+15965.590314,
K,"k4(u,s,b,+)^2",tau,16974.6,1776.93,+855.279147,
K,"k4(u,s,b,+)^2",d,16974.6,4.78225,+354850.948614,
K,"k4(u,s,b,+)^2",c,16974.6,1272.9,+1233.540870,
K,"k4(u,s,b,+)^2",t,16974.6,172600,-90.165329,
K,"k4(u,s,b,+)^2",A:mustar,16974.6,1883.1,+801.420391,
K,"k4(u,s,b,+)^2",A:P_2me,16974.6,1.022,+1660827.259947,
K,"k4(u,s,b,+)^2",A:G,16974.6,2306.32,+636.006667,
K,"k4(u,s,b,+)^2",A:tau,16974.6,1776.93,+855.279147,
K,"k4(u,s,b,+)^2",A:mustar_plus_tau,16974.6,3660.03,+363.784303,
K,"k4(u,s,b,+)^2",A:two_tau,16974.6,3553.86,+377.639573,
K,"k4(u,s,b,+)^2",A:mustar_over_2,16974.6,941.55,+1702.840782,
K,"k4(u,s,b,+)^2",A:two_mustar,16974.6,3766.2,+350.710195,
K,"k4(u,s,b,+)^2",A:one_point_five_mustar,16974.6,2824.65,+500.946927,
K,"k4(u,s,b,-)^2",e,463.184,0.510999,+90542.832714,
K,"k4(u,s,b,-)^2",mu,463.184,105.658,+338.378805,
K,"k4(u,s,b,-)^2",tau,463.184,1776.93,-73.933474,
K,"k4(u,s,b,-)^2",d,463.184,4.78225,+9585.481187,
K,"k4(u,s,b,-)^2",c,463.184,1272.9,-63.611916,
K,"k4(u,s,b,-)^2",t,463.184,172600,-99.731643,
K,"k4(u,s,b,-)^2",A:mustar,463.184,1883.1,-75.403108,
K,"k4(u,s,b,-)^2",A:P_2me,463.184,1.022,+45221.416357,
K,"k4(u,s,b,-)^2",A:G,463.184,2306.32,-79.916722,
K,"k4(u,s,b,-)^2",A:tau,463.184,1776.93,-73.933474,
K,"k4(u,s,b,-)^2",A:mustar_plus_tau,463.184,3660.03,-87.344803,
K,"k4(u,s,b,-)^2",A:two_tau,463.184,3553.86,-86.966737,
K,"k4(u,s,b,-)^2",A:mustar_over_2,463.184,941.55,-50.806216,
K,"k4(u,s,b,-)^2",A:two_mustar,463.184,3766.2,-87.701554,
K,"k4(u,s,b,-)^2",A:one_point_five_mustar,463.184,2824.65,-83.602072,
K,"k4(u,s,t,+)^2",e,317334,0.510999,+62100661.297923,
K,"k4(u,s,t,+)^2",mu,317334,105.658,+300239.880394,
K,"k4(u,s,t,+)^2",tau,317334,1776.93,+17758.567226,
K,"k4(u,s,t,+)^2",d,317334,4.78225,+6635568.118624,
K,"k4(u,s,t,+)^2",c,317334,1272.9,+24830.021102,
K,"k4(u,s,t,+)^2",b,317334,4186,+7480.846598,
K,"k4(u,s,t,+)^2",A:mustar,317334,1883.1,+16751.699008,
K,"k4(u,s,t,+)^2",A:P_2me,317334,1.022,+31050280.648962,
K,"k4(u,s,t,+)^2",A:G,317334,2306.32,+13659.354623,
K,"k4(u,s,t,+)^2",A:tau,317334,1776.93,+17758.567226,
K,"k4(u,s,t,+)^2",A:mustar_plus_tau,317334,3660.03,+8570.264802,
K,"k4(u,s,t,+)^2",A:two_tau,317334,3553.86,+8829.283613,
K,"k4(u,s,t,+)^2",A:mustar_over_2,317334,941.55,+33603.398016,
K,"k4(u,s,t,+)^2",A:two_mustar,317334,3766.2,+8325.849504,
K,"k4(u,s,t,+)^2",A:one_point_five_mustar,317334,2824.65,+11134.466005,
K,"k4(u,s,t,-)^2",e,84093.5,0.510999,+16456578.557911,
K,"k4(u,s,t,-)^2",mu,84093.5,105.658,+79489.956169,
K,"k4(u,s,t,-)^2",tau,84093.5,1776.93,+4632.513647,
K,"k4(u,s,t,-)^2",d,84093.5,4.78225,+1758349.573932,
K,"k4(u,s,t,-)^2",c,84093.5,1272.9,+6506.446284,
K,"k4(u,s,t,-)^2",b,84093.5,4186,+1908.921518,
K,"k4(u,s,t,-)^2",A:mustar,84093.5,1883.1,+4365.693945,
K,"k4(u,s,t,-)^2",A:P_2me,84093.5,1.022,+8228239.278955,
K,"k4(u,s,t,-)^2",A:G,84093.5,2306.32,+3546.223838,
K,"k4(u,s,t,-)^2",A:tau,84093.5,1776.93,+4632.513647,
K,"k4(u,s,t,-)^2",A:mustar_plus_tau,84093.5,3660.03,+2197.616935,
K,"k4(u,s,t,-)^2",A:two_tau,84093.5,3553.86,+2266.256824,
K,"k4(u,s,t,-)^2",A:mustar_over_2,84093.5,941.55,+8831.387891,
K,"k4(u,s,t,-)^2",A:two_mustar,84093.5,3766.2,+2132.846973,
K,"k4(u,s,t,-)^2",A:one_point_five_mustar,84093.5,2824.65,+2877.129297,
K,"k4(u,c,b,+)^2",e,40400.4,0.510999,+7906058.327331,
K,"k4(u,c,b,+)^2",mu,40400.4,105.658,+38136.804135,
K,"k4(u,c,b,+)^2",tau,40400.4,1776.93,+2173.605944,
K,"k4(u,c,b,+)^2",d,40400.4,4.78225,+844698.705474,
K,"k4(u,c,b,+)^2",s,40400.4,94.5258,+42640.085207,
K,"k4(u,c,b,+)^2",t,40400.4,172600,-76.593056,
K,"k4(u,c,b,+)^2",A:mustar,40400.4,1883.1,+2045.419761,
K,"k4(u,c,b,+)^2",A:P_2me,40400.4,1.022,+3952979.163666,
K,"k4(u,c,b,+)^2",A:G,40400.4,2306.32,+1651.727899,
K,"k4(u,c,b,+)^2",A:tau,40400.4,1776.93,+2173.605944,
K,"k4(u,c,b,+)^2",A:mustar_plus_tau,40400.4,3660.03,+1003.826826,
K,"k4(u,c,b,+)^2",A:two_tau,40400.4,3553.86,+1036.802972,
K,"k4(u,c,b,+)^2",A:mustar_over_2,40400.4,941.55,+4190.839521,
K,"k4(u,c,b,+)^2",A:two_mustar,40400.4,3766.2,+972.709880,
K,"k4(u,c,b,+)^2",A:one_point_five_mustar,40400.4,2824.65,+1330.279840,
K,"k4(u,c,b,-)^2",e,7.40156,0.510999,+1348.448461,
K,"k4(u,c,b,-)^2",mu,7.40156,105.658,-92.994823,
K,"k4(u,c,b,-)^2",tau,7.40156,1776.93,-99.583464,
K,"k4(u,c,b,-)^2",d,7.40156,4.78225,+54.771424,
K,"k4(u,c,b,-)^2",s,7.40156,94.5258,-92.169799,
K,"k4(u,c,b,-)^2",t,7.40156,172600,-99.995712,
K,"k4(u,c,b,-)^2",A:mustar,7.40156,1883.1,-99.606948,
K,"k4(u,c,b,-)^2",A:P_2me,7.40156,1.022,+624.224230,
K,"k4(u,c,b,-)^2",A:G,7.40156,2306.32,-99.679075,
K,"k4(u,c,b,-)^2",A:tau,7.40156,1776.93,-99.583464,
K,"k4(u,c,b,-)^2",A:mustar_plus_tau,7.40156,3660.03,-99.797773,
K,"k4(u,c,b,-)^2",A:two_tau,7.40156,3553.86,-99.791732,
K,"k4(u,c,b,-)^2",A:mustar_over_2,7.40156,941.55,-99.213896,
K,"k4(u,c,b,-)^2",A:two_mustar,7.40156,3766.2,-99.803474,
K,"k4(u,c,b,-)^2",A:one_point_five_mustar,7.40156,2824.65,-99.737965,
K,"k4(u,c,t,+)^2",e,492157,0.510999,+96312560.163137,
K,"k4(u,c,t,+)^2",mu,492157,105.658,+465699.971357,
K,"k4(u,c,t,+)^2",tau,492157,1776.93,+27597.021425,
K,"k4(u,c,t,+)^2",d,492157,4.78225,+10291220.671551,
K,"k4(u,c,t,+)^2",s,492157,94.5258,+520558.849906,
K,"k4(u,c,t,+)^2",b,492157,4186,+11657.206947,
K,"k4(u,c,t,+)^2",A:mustar,492157,1883.1,+26035.459949,
K,"k4(u,c,t,+)^2",A:P_2me,492157,1.022,+48156230.081568,
K,"k4(u,c,t,+)^2",A:G,492157,2306.32,+21239.513690,
K,"k4(u,c,t,+)^2",A:tau,492157,1776.93,+27597.021425,
K,"k4(u,c,t,+)^2",A:mustar_plus_tau,492157,3660.03,+13346.795981,
K,"k4(u,c,t,+)^2",A:two_tau,492157,3553.86,+13748.510713,
K,"k4(u,c,t,+)^2",A:mustar_over_2,492157,941.55,+52170.919899,
K,"k4(u,c,t,+)^2",A:two_mustar,492157,3766.2,+12967.729975,
K,"k4(u,c,t,+)^2",A:one_point_five_mustar,492157,2824.65,+17323.639966,
K,"k4(u,c,t,-)^2",e,41487.5,0.510999,+8118798.444762,
K,"k4(u,c,t,-)^2",mu,41487.5,105.658,+39165.685909,
K,"k4(u,c,t,-)^2",tau,41487.5,1776.93,+2234.784480,
K,"k4(u,c,t,-)^2",d,41487.5,4.78225,+867430.678244,
K,"k4(u,c,t,-)^2",s,41487.5,94.5258,+43790.141956,
K,"k4(u,c,t,-)^2",b,41487.5,4186,+891.100952,
K,"k4(u,c,t,-)^2",A:mustar,41487.5,1883.1,+2103.149044,
K,"k4(u,c,t,-)^2",A:P_2me,41487.5,1.022,+4059349.222381,
K,"k4(u,c,t,-)^2",A:G,41487.5,2306.32,+1698.863661,
K,"k4(u,c,t,-)^2",A:tau,41487.5,1776.93,+2234.784480,
K,"k4(u,c,t,-)^2",A:mustar_plus_tau,41487.5,3660.03,+1033.528768,
K,"k4(u,c,t,-)^2",A:two_tau,41487.5,3553.86,+1067.392240,
K,"k4(u,c,t,-)^2",A:mustar_over_2,41487.5,941.55,+4306.298087,
K,"k4(u,c,t,-)^2",A:two_mustar,41487.5,3766.2,+1001.574522,
K,"k4(u,c,t,-)^2",A:one_point_five_mustar,41487.5,2824.65,+1368.766029,
K,"k4(u,b,t,+)^2",e,662345,0.510999,+129617530.531842,
K,"k4(u,b,t,+)^2",mu,662345,105.658,+626773.855284,
K,"k4(u,b,t,+)^2",tau,662345,1776.93,+37174.666527,
K,"k4(u,b,t,+)^2",d,662345,4.78225,+13849964.967891,
K,"k4(u,b,t,+)^2",s,662345,94.5258,+700602.963930,
K,"k4(u,b,t,+)^2",c,662345,1272.9,+51934.309995,
K,"k4(u,b,t,+)^2",A:mustar,662345,1883.1,+35073.116242,
K,"k4(u,b,t,+)^2",A:P_2me,662345,1.022,+64808715.265921,
K,"k4(u,b,t,+)^2",A:G,662345,2306.32,+28618.729152,
K,"k4(u,b,t,+)^2",A:tau,662345,1776.93,+37174.666527,
K,"k4(u,b,t,+)^2",A:mustar_plus_tau,662345,3660.03,+17996.705358,
K,"k4(u,b,t,+)^2",A:two_tau,662345,3553.86,+18537.333264,
K,"k4(u,b,t,+)^2",A:mustar_over_2,662345,941.55,+70246.232484,
K,"k4(u,b,t,+)^2",A:two_mustar,662345,3766.2,+17486.558121,
K,"k4(u,b,t,+)^2",A:one_point_five_mustar,662345,2824.65,+23348.744161,
K,"k4(u,b,t,-)^2",e,22326.7,0.510999,+4369118.435952,
K,"k4(u,b,t,-)^2",mu,22326.7,105.658,+21030.989621,
K,"k4(u,b,t,-)^2",tau,22326.7,1776.93,+1156.473826,
K,"k4(u,b,t,-)^2",d,22326.7,4.78225,+466765.186075,
K,"k4(u,b,t,-)^2",s,22326.7,94.5258,+23519.659575,
K,"k4(u,b,t,-)^2",c,22326.7,1272.9,+1653.999557,
K,"k4(u,b,t,-)^2",A:mustar,22326.7,1883.1,+1085.633677,
K,"k4(u,b,t,-)^2",A:P_2me,22326.7,1.022,+2184509.217976,
K,"k4(u,b,t,-)^2",A:G,22326.7,2306.32,+868.065844,
K,"k4(u,b,t,-)^2",A:tau,22326.7,1776.93,+1156.473826,
K,"k4(u,b,t,-)^2",A:mustar_plus_tau,22326.7,3660.03,+510.013147,
K,"k4(u,b,t,-)^2",A:two_tau,22326.7,3553.86,+528.236913,
K,"k4(u,b,t,-)^2",A:mustar_over_2,22326.7,941.55,+2271.267355,
K,"k4(u,b,t,-)^2",A:two_mustar,22326.7,3766.2,+492.816839,
K,"k4(u,b,t,-)^2",A:one_point_five_mustar,22326.7,2824.65,+690.422452,
K,"k4(d,s,c,+)^2",e,8069.76,0.510999,+1579113.074356,
K,"k4(d,s,c,+)^2",mu,8069.76,105.658,+7537.598251,
K,"k4(d,s,c,+)^2",tau,8069.76,1776.93,+354.140694,
K,"k4(d,s,c,+)^2",u,8069.76,2.1978,+367074.549054,
K,"k4(d,s,c,+)^2",b,8069.76,4186,+92.779795,
K,"k4(d,s,c,+)^2",t,8069.76,172600,-95.324587,
K,"k4(d,s,c,+)^2",A:mustar,8069.76,1883.1,+328.536186,
K,"k4(d,s,c,+)^2",A:P_2me,8069.76,1.022,+789506.537178,
K,"k4(d,s,c,+)^2",A:G,8069.76,2306.32,+249.898331,
K,"k4(d,s,c,+)^2",A:tau,8069.76,1776.93,+354.140694,
K,"k4(d,s,c,+)^2",A:mustar_plus_tau,8069.76,3660.03,+120.483538,
K,"k4(d,s,c,+)^2",A:two_tau,8069.76,3553.86,+127.070347,
K,"k4(d,s,c,+)^2",A:mustar_over_2,8069.76,941.55,+757.072372,
K,"k4(d,s,c,+)^2",A:two_mustar,8069.76,3766.2,+114.268093,
K,"k4(d,s,c,+)^2",A:one_point_five_mustar,8069.76,2824.65,+185.690791,
K,"k4(d,s,c,-)^2",e,28.5384,0.510999,+5484.826659,
K,"k4(d,s,c,-)^2",mu,28.5384,105.658,-72.989926,
K,"k4(d,s,c,-)^2",tau,28.5384,1776.93,-98.393949,
K,"k4(d,s,c,-)^2",u,28.5384,2.1978,+1198.498755,
K,"k4(d,s,c,-)^2",b,28.5384,4186,-99.318242,
K,"k4(d,s,c,-)^2",t,28.5384,172600,-99.983466,
K,"k4(d,s,c,-)^2",A:mustar,28.5384,1883.1,-98.484498,
K,"k4(d,s,c,-)^2",A:P_2me,28.5384,1.022,+2692.413330,
K,"k4(d,s,c,-)^2",A:G,28.5384,2306.32,-98.762598,
K,"k4(d,s,c,-)^2",A:tau,28.5384,1776.93,-98.393949,
K,"k4(d,s,c,-)^2",A:mustar_plus_tau,28.5384,3660.03,-99.220268,
K,"k4(d,s,c,-)^2",A:two_tau,28.5384,3553.86,-99.196974,
K,"k4(d,s,c,-)^2",A:mustar_over_2,28.5384,941.55,-96.968996,
K,"k4(d,s,c,-)^2",A:two_mustar,28.5384,3766.2,-99.242249,
K,"k4(d,s,c,-)^2",A:one_point_five_mustar,28.5384,2824.65,-98.989665,
K,"k4(d,s,b,+)^2",e,17658.6,0.510999,+3455611.449714,
K,"k4(d,s,b,+)^2",mu,17658.6,105.658,+16612.966827,
K,"k4(d,s,b,+)^2",tau,17658.6,1776.93,+893.772926,
K,"k4(d,s,b,+)^2",u,17658.6,2.1978,+803369.344204,
K,"k4(d,s,b,+)^2",c,17658.6,1272.9,+1287.277025,
K,"k4(d,s,b,+)^2",t,17658.6,172600,-89.769033,
K,"k4(d,s,b,+)^2",A:mustar,17658.6,1883.1,+837.743886,
K,"k4(d,s,b,+)^2",A:P_2me,17658.6,1.022,+1727755.724857,
K,"k4(d,s,b,+)^2",A:G,17658.6,2306.32,+665.664677,
K,"k4(d,s,b,+)^2",A:tau,17658.6,1776.93,+893.772926,
K,"k4(d,s,b,+)^2",A:mustar_plus_tau,17658.6,3660.03,+382.472883,
K,"k4(d,s,b,+)^2",A:two_tau,17658.6,3553.86,+396.886463,
K,"k4(d,s,b,+)^2",A:mustar_over_2,17658.6,941.55,+1775.487772,
K,"k4(d,s,b,+)^2",A:two_mustar,17658.6,3766.2,+368.871943,
K,"k4(d,s,b,+)^2",A:one_point_five_mustar,17658.6,2824.65,+525.162591,
K,"k4(d,s,b,-)^2",e,413.362,0.510999,+80792.882624,
K,"k4(d,s,b,-)^2",mu,413.362,105.658,+291.224812,
K,"k4(d,s,b,-)^2",tau,413.362,1776.93,-76.737306,
K,"k4(d,s,b,-)^2",u,413.362,2.1978,+18707.979861,
K,"k4(d,s,b,-)^2",c,413.362,1272.9,-67.525982,
K,"k4(d,s,b,-)^2",t,413.362,172600,-99.760509,
K,"k4(d,s,b,-)^2",A:mustar,413.362,1883.1,-78.048860,
K,"k4(d,s,b,-)^2",A:P_2me,413.362,1.022,+40346.441312,
K,"k4(d,s,b,-)^2",A:G,413.362,2306.32,-82.076969,
K,"k4(d,s,b,-)^2",A:tau,413.362,1776.93,-76.737306,
K,"k4(d,s,b,-)^2",A:mustar_plus_tau,413.362,3660.03,-88.706053,
K,"k4(d,s,b,-)^2",A:two_tau,413.362,3553.86,-88.368653,
K,"k4(d,s,b,-)^2",A:mustar_over_2,413.362,941.55,-56.097720,
K,"k4(d,s,b,-)^2",A:two_mustar,413.362,3766.2,-89.024430,
K,"k4(d,s,b,-)^2",A:one_point_five_mustar,413.362,2824.65,-85.365907,
K,"k4(d,s,t,+)^2",e,323014,0.510999,+63212097.201304,
K,"k4(d,s,t,+)^2",mu,323014,105.658,+305615.153085,
K,"k4(d,s,t,+)^2",tau,323014,1776.93,+18078.187346,
K,"k4(d,s,t,+)^2",u,323014,2.1978,+14697036.427644,
K,"k4(d,s,t,+)^2",c,323014,1272.9,+25276.201148,
K,"k4(d,s,t,+)^2",b,323014,4186,+7616.523278,
K,"k4(d,s,t,+)^2",A:mustar,323014,1883.1,+17053.298907,
K,"k4(d,s,t,+)^2",A:P_2me,323014,1.022,+31605998.600652,
K,"k4(d,s,t,+)^2",A:G,323014,2306.32,+13905.609909,
K,"k4(d,s,t,+)^2",A:tau,323014,1776.93,+18078.187346,
K,"k4(d,s,t,+)^2",A:mustar_plus_tau,323014,3660.03,+8725.439125,
K,"k4(d,s,t,+)^2",A:two_tau,323014,3553.86,+8989.093673,
K,"k4(d,s,t,+)^2",A:mustar_over_2,323014,941.55,+34206.597813,
K,"k4(d,s,t,+)^2",A:two_mustar,323014,3766.2,+8476.649453,
K,"k4(d,s,t,+)^2",A:one_point_five_mustar,323014,2824.65,+11335.532604,
K,"k4(d,s,t,-)^2",e,82012.8,0.510999,+16049402.791515,
K,"k4(d,s,t,-)^2",mu,82012.8,105.658,+77520.719103,
K,"k4(d,s,t,-)^2",tau,82012.8,1776.93,+4515.420464,
K,"k4(d,s,t,-)^2",u,82012.8,2.1978,+3731485.715516,
K,"k4(d,s,t,-)^2",c,82012.8,1272.9,+6342.987733,
K,"k4(d,s,t,-)^2",b,82012.8,4186,+1859.216217,
K,"k4(d,s,t,-)^2",A:mustar,82012.8,1883.1,+4255.202491,
K,"k4(d,s,t,-)^2",A:P_2me,82012.8,1.022,+8024651.395758,
K,"k4(d,s,t,-)^2",A:G,82012.8,2306.32,+3456.007943,
K,"k4(d,s,t,-)^2",A:tau,82012.8,1776.93,+4515.420464,
K,"k4(d,s,t,-)^2",A:mustar_plus_tau,82012.8,3660.03,+2140.768651,
K,"k4(d,s,t,-)^2",A:two_tau,82012.8,3553.86,+2207.710232,
K,"k4(d,s,t,-)^2",A:mustar_over_2,82012.8,941.55,+8610.404981,
K,"k4(d,s,t,-)^2",A:two_mustar,82012.8,3766.2,+2077.601245,
K,"k4(d,s,t,-)^2",A:one_point_five_mustar,82012.8,2824.65,+2803.468327,
K,"k4(d,c,b,+)^2",e,41257.3,0.510999,+8073754.806947,
K,"k4(d,c,b,+)^2",mu,41257.3,105.658,+38947.839936,
K,"k4(d,c,b,+)^2",tau,41257.3,1776.93,+2221.831099,
K,"k4(d,c,b,+)^2",u,41257.3,2.1978,+1877109.634349,
K,"k4(d,c,b,+)^2",s,41257.3,94.5258,+43546.639507,
K,"k4(d,c,b,+)^2",t,41257.3,172600,-76.096574,
K,"k4(d,c,b,+)^2",A:mustar,41257.3,1883.1,+2090.925976,
K,"k4(d,c,b,+)^2",A:P_2me,41257.3,1.022,+4036827.403473,
K,"k4(d,c,b,+)^2",A:G,41257.3,2306.32,+1688.883568,
K,"k4(d,c,b,+)^2",A:tau,41257.3,1776.93,+2221.831099,
K,"k4(d,c,b,+)^2",A:mustar_plus_tau,41257.3,3660.03,+1027.239951,
K,"k4(d,c,b,+)^2",A:two_tau,41257.3,3553.86,+1060.915549,
K,"k4(d,c,b,+)^2",A:mustar_over_2,41257.3,941.55,+4281.851951,
K,"k4(d,c,b,+)^2",A:two_mustar,41257.3,3766.2,+995.462988,
K,"k4(d,c,b,+)^2",A:one_point_five_mustar,41257.3,2824.65,+1360.617317,
K,"k4(d,c,b,-)^2",e,4.03514,0.510999,+689.656533,
K,"k4(d,c,b,-)^2",mu,4.03514,105.658,-96.180959,
K,"k4(d,c,b,-)^2",tau,4.03514,1776.93,-99.772915,
K,"k4(d,c,b,-)^2",u,4.03514,2.1978,+83.598899,
K,"k4(d,c,b,-)^2",s,4.03514,94.5258,-95.731177,
K,"k4(d,c,b,-)^2",t,4.03514,172600,-99.997662,
K,"k4(d,c,b,-)^2",A:mustar,4.03514,1883.1,-99.785718,
K,"k4(d,c,b,-)^2",A:P_2me,4.03514,1.022,+294.828267,
K,"k4(d,c,b,-)^2",A:G,4.03514,2306.32,-99.825040,
K,"k4(d,c,b,-)^2",A:tau,4.03514,1776.93,-99.772915,
K,"k4(d,c,b,-)^2",A:mustar_plus_tau,4.03514,3660.03,-99.889751,
K,"k4(d,c,b,-)^2",A:two_tau,4.03514,3553.86,-99.886458,
K,"k4(d,c,b,-)^2",A:mustar_over_2,4.03514,941.55,-99.571437,
K,"k4(d,c,b,-)^2",A:two_mustar,4.03514,3766.2,-99.892859,
K,"k4(d,c,b,-)^2",A:one_point_five_mustar,4.03514,2824.65,-99.857146,
K,"k4(d,c,t,+)^2",e,496719,0.510999,+97205429.222802,
K,"k4(d,c,t,+)^2",mu,496719,105.658,+470018.182293,
K,"k4(d,c,t,+)^2",tau,496719,1776.93,+27853.787394,
K,"k4(d,c,t,+)^2",u,496719,2.1978,+22600647.763272,
K,"k4(d,c,t,+)^2",s,496719,94.5258,+525385.631525,
K,"k4(d,c,t,+)^2",b,496719,4186,+11766.202445,
K,"k4(d,c,t,+)^2",A:mustar,496719,1883.1,+26277.749421,
K,"k4(d,c,t,+)^2",A:P_2me,496719,1.022,+48602664.611401,
K,"k4(d,c,t,+)^2",A:G,496719,2306.32,+21437.342215,
K,"k4(d,c,t,+)^2",A:tau,496719,1776.93,+27853.787394,
K,"k4(d,c,t,+)^2",A:mustar_plus_tau,496719,3660.03,+13471.454858,
K,"k4(d,c,t,+)^2",A:two_tau,496719,3553.86,+13876.893697,
K,"k4(d,c,t,+)^2",A:mustar_over_2,496719,941.55,+52655.498842,
K,"k4(d,c,t,+)^2",A:two_mustar,496719,3766.2,+13088.874711,
K,"k4(d,c,t,+)^2",A:one_point_five_mustar,496719,2824.65,+17485.166281,
K,"k4(d,c,t,-)^2",e,40743.1,0.510999,+7973120.230042,
K,"k4(d,c,t,-)^2",mu,40743.1,105.658,+38461.137741,
K,"k4(d,c,t,-)^2",tau,40743.1,1776.93,+2192.891206,
K,"k4(d,c,t,-)^2",u,40743.1,2.1978,+1853711.616695,
K,"k4(d,c,t,-)^2",s,40743.1,94.5258,+43002.616707,
K,"k4(d,c,t,-)^2",b,40743.1,4186,+873.317528,
K,"k4(d,c,t,-)^2",A:mustar,40743.1,1883.1,+2063.617718,
K,"k4(d,c,t,-)^2",A:P_2me,40743.1,1.022,+3986510.115021,
K,"k4(d,c,t,-)^2",A:G,40743.1,2306.32,+1666.586469,
K,"k4(d,c,t,-)^2",A:tau,40743.1,1776.93,+2192.891206,
K,"k4(d,c,t,-)^2",A:mustar_plus_tau,40743.1,3660.03,+1013.189746,
K,"k4(d,c,t,-)^2",A:two_tau,40743.1,3553.86,+1046.445603,
K,"k4(d,c,t,-)^2",A:mustar_over_2,40743.1,941.55,+4227.235436,
K,"k4(d,c,t,-)^2",A:two_mustar,40743.1,3766.2,+981.808859,
K,"k4(d,c,t,-)^2",A:one_point_five_mustar,40743.1,2824.65,+1342.411812,
K,"k4(d,b,t,+)^2",e,666803,0.510999,+130489894.273269,
K,"k4(d,b,t,+)^2",mu,666803,105.658,+630992.895699,
K,"k4(d,b,t,+)^2",tau,666803,1776.93,+37425.535699,
K,"k4(d,b,t,+)^2",u,666803,2.1978,+30339444.157423,
K,"k4(d,b,t,+)^2",s,666803,94.5258,+705318.895372,
K,"k4(d,b,t,+)^2",c,666803,1272.9,+52284.515790,
K,"k4(d,b,t,+)^2",A:mustar,666803,1883.1,+35309.841378,
K,"k4(d,b,t,+)^2",A:P_2me,666803,1.022,+65244897.136635,
K,"k4(d,b,t,+)^2",A:G,666803,2306.32,+28812.014417,
K,"k4(d,b,t,+)^2",A:tau,666803,1776.93,+37425.535699,
K,"k4(d,b,t,+)^2",A:mustar_plus_tau,666803,3660.03,+18118.501364,
K,"k4(d,b,t,+)^2",A:two_tau,666803,3553.86,+18662.767849,
K,"k4(d,b,t,+)^2",A:mustar_over_2,666803,941.55,+70719.682757,
K,"k4(d,b,t,+)^2",A:two_mustar,666803,3766.2,+17604.920689,
K,"k4(d,b,t,+)^2",A:one_point_five_mustar,666803,2824.65,+23506.560919,
K,"k4(d,b,t,-)^2",e,21932.3,0.510999,+4291947.971730,
K,"k4(d,b,t,-)^2",mu,21932.3,105.658,+20657.767659,
K,"k4(d,b,t,-)^2",tau,21932.3,1776.93,+1134.281604,
K,"k4(d,b,t,-)^2",u,21932.3,2.1978,+997821.562410,
K,"k4(d,b,t,-)^2",s,21932.3,94.5258,+23102.481968,
K,"k4(d,b,t,-)^2",c,21932.3,1272.9,+1623.019884,
K,"k4(d,b,t,-)^2",A:mustar,21932.3,1883.1,+1064.692655,
K,"k4(d,b,t,-)^2",A:P_2me,21932.3,1.022,+2145923.985865,
K,"k4(d,b,t,-)^2",A:G,21932.3,2306.32,+850.967571,
K,"k4(d,b,t,-)^2",A:tau,21932.3,1776.93,+1134.281604,
K,"k4(d,b,t,-)^2",A:mustar_plus_tau,21932.3,3660.03,+499.238909,
K,"k4(d,b,t,-)^2",A:two_tau,21932.3,3553.86,+517.140802,
K,"k4(d,b,t,-)^2",A:mustar_over_2,21932.3,941.55,+2229.385310,
K,"k4(d,b,t,-)^2",A:two_mustar,21932.3,3766.2,+482.346327,
K,"k4(d,b,t,-)^2",A:one_point_five_mustar,21932.3,2824.65,+676.461770,
K,"k4(s,c,b,+)^2",e,50497.2,0.510999,+9881964.445731,
K,"k4(s,c,b,+)^2",mu,50497.2,105.658,+47692.941530,
K,"k4(s,c,b,+)^2",tau,50497.2,1776.93,+2741.825262,
K,"k4(s,c,b,+)^2",u,50497.2,2.1978,+2297526.973528,
K,"k4(s,c,b,+)^2",d,50497.2,4.78225,+1055830.694217,
K,"k4(s,c,b,+)^2",t,50497.2,172600,-70.743195,
K,"k4(s,c,b,+)^2",A:mustar,50497.2,1883.1,+2581.602804,
K,"k4(s,c,b,+)^2",A:P_2me,50497.2,1.022,+4940932.222865,
K,"k4(s,c,b,+)^2",A:G,50497.2,2306.32,+2089.519521,
K,"k4(s,c,b,+)^2",A:tau,50497.2,1776.93,+2741.825262,
K,"k4(s,c,b,+)^2",A:mustar_plus_tau,50497.2,3660.03,+1279.695091,
K,"k4(s,c,b,+)^2",A:two_tau,50497.2,3553.86,+1320.912631,
K,"k4(s,c,b,+)^2",A:mustar_over_2,50497.2,941.55,+5263.205608,
K,"k4(s,c,b,+)^2",A:two_mustar,50497.2,3766.2,+1240.801402,
K,"k4(s,c,b,+)^2",A:one_point_five_mustar,50497.2,2824.65,+1687.735203,
K,"k4(s,c,b,-)^2",e,20.4032,0.510999,+3892.813482,
K,"k4(s,c,b,-)^2",mu,20.4032,105.658,-80.689430,
K,"k4(s,c,b,-)^2",tau,20.4032,1776.93,-98.851770,
K,"k4(s,c,b,-)^2",u,20.4032,2.1978,+828.348121,
K,"k4(s,c,b,-)^2",d,20.4032,4.78225,+326.645094,
K,"k4(s,c,b,-)^2",t,20.4032,172600,-99.988179,
K,"k4(s,c,b,-)^2",A:mustar,20.4032,1883.1,-98.916508,
K,"k4(s,c,b,-)^2",A:P_2me,20.4032,1.022,+1896.406741,
K,"k4(s,c,b,-)^2",A:G,20.4032,2306.32,-99.115332,
K,"k4(s,c,b,-)^2",A:tau,20.4032,1776.93,-98.851770,
K,"k4(s,c,b,-)^2",A:mustar_plus_tau,20.4032,3660.03,-99.442539,
K,"k4(s,c,b,-)^2",A:two_tau,20.4032,3553.86,-99.425885,
K,"k4(s,c,b,-)^2",A:mustar_over_2,20.4032,941.55,-97.833016,
K,"k4(s,c,b,-)^2",A:two_mustar,20.4032,3766.2,-99.458254,
K,"k4(s,c,b,-)^2",A:one_point_five_mustar,20.4032,2824.65,-99.277672,
K,"k4(s,c,t,+)^2",e,544704,0.510999,+106595847.086884,
K,"k4(s,c,t,+)^2",mu,544704,105.658,+515433.357876,
K,"k4(s,c,t,+)^2",tau,544704,1776.93,+30554.227859,
K,"k4(s,c,t,+)^2",u,544704,2.1978,+24783964.568753,
K,"k4(s,c,t,+)^2",d,544704,4.78225,+11390023.291171,
K,"k4(s,c,t,+)^2",b,544704,4186,+12912.522004,
K,"k4(s,c,t,+)^2",A:mustar,544704,1883.1,+28825.938720,
K,"k4(s,c,t,+)^2",A:P_2me,544704,1.022,+53297873.543442,
K,"k4(s,c,t,+)^2",A:G,544704,2306.32,+23517.930065,
K,"k4(s,c,t,+)^2",A:tau,544704,1776.93,+30554.227859,
K,"k4(s,c,t,+)^2",A:mustar_plus_tau,544704,3660.03,+14782.508181,
K,"k4(s,c,t,+)^2",A:two_tau,544704,3553.86,+15227.113929,
K,"k4(s,c,t,+)^2",A:mustar_over_2,544704,941.55,+57751.877440,
K,"k4(s,c,t,+)^2",A:two_mustar,544704,3766.2,+14362.969360,
K,"k4(s,c,t,+)^2",A:one_point_five_mustar,544704,2824.65,+19183.959147,
K,"k4(s,c,t,-)^2",e,33732,0.510999,+6601083.598139,
K,"k4(s,c,t,-)^2",mu,33732,105.658,+31825.513486,
K,"k4(s,c,t,-)^2",tau,33732,1776.93,+1798.329080,
K,"k4(s,c,t,-)^2",u,33732,2.1978,+1534706.575649,
K,"k4(s,c,t,-)^2",d,33732,4.78225,+705257.915617,
K,"k4(s,c,t,-)^2",b,33732,4186,+705.828450,
K,"k4(s,c,t,-)^2",A:mustar,33732,1883.1,+1691.301053,
K,"k4(s,c,t,-)^2",A:P_2me,33732,1.022,+3300491.799070,
K,"k4(s,c,t,-)^2",A:G,33732,2306.32,+1362.591185,
K,"k4(s,c,t,-)^2",A:tau,33732,1776.93,+1798.329080,
K,"k4(s,c,t,-)^2",A:mustar_plus_tau,33732,3660.03,+821.631371,
K,"k4(s,c,t,-)^2",A:two_tau,33732,3553.86,+849.164540,
K,"k4(s,c,t,-)^2",A:mustar_over_2,33732,941.55,+3482.602106,
K,"k4(s,c,t,-)^2",A:two_mustar,33732,3766.2,+795.650526,
K,"k4(s,c,t,-)^2",A:one_point_five_mustar,33732,2824.65,+1094.200702,
K,"k4(s,b,t,+)^2",e,714205,0.510999,+139766343.224585,
K,"k4(s,b,t,+)^2",mu,714205,105.658,+675856.879816,
K,"k4(s,b,t,+)^2",tau,714205,1776.93,+40093.201662,
K,"k4(s,b,t,+)^2",u,714205,2.1978,+32496262.648756,
K,"k4(s,b,t,+)^2",d,714205,4.78225,+14934398.579003,
K,"k4(s,b,t,+)^2",c,714205,1272.9,+56008.496999,
K,"k4(s,b,t,+)^2",A:mustar,714205,1883.1,+37827.104007,
K,"k4(s,b,t,+)^2",A:P_2me,714205,1.022,+69883121.612293,
K,"k4(s,b,t,+)^2",A:G,714205,2306.32,+30867.350746,
K,"k4(s,b,t,+)^2",A:tau,714205,1776.93,+40093.201662,
K,"k4(s,b,t,+)^2",A:mustar_plus_tau,714205,3660.03,+19413.642794,
K,"k4(s,b,t,+)^2",A:two_tau,714205,3553.86,+19996.600831,
K,"k4(s,b,t,+)^2",A:mustar_over_2,714205,941.55,+75754.208013,
K,"k4(s,b,t,+)^2",A:two_mustar,714205,3766.2,+18863.552003,
K,"k4(s,b,t,+)^2",A:one_point_five_mustar,714205,2824.65,+25184.736004,
K,"k4(s,b,t,-)^2",e,18127.9,0.510999,+3547450.812682,
K,"k4(s,b,t,-)^2",mu,18127.9,105.658,+17057.132449,
K,"k4(s,b,t,-)^2",tau,18127.9,1776.93,+920.183543,
K,"k4(s,b,t,-)^2",u,18127.9,2.1978,+824722.432796,
K,"k4(s,b,t,-)^2",d,18127.9,4.78225,+378967.330817,
K,"k4(s,b,t,-)^2",c,18127.9,1272.9,+1324.145450,
K,"k4(s,b,t,-)^2",A:mustar,18127.9,1883.1,+862.665469,
K,"k4(s,b,t,-)^2",A:P_2me,18127.9,1.022,+1773675.406341,
K,"k4(s,b,t,-)^2",A:G,18127.9,2306.32,+686.013064,
K,"k4(s,b,t,-)^2",A:tau,18127.9,1776.93,+920.183543,
K,"k4(s,b,t,-)^2",A:mustar_plus_tau,18127.9,3660.03,+395.295135,
K,"k4(s,b,t,-)^2",A:two_tau,18127.9,3553.86,+410.091771,
K,"k4(s,b,t,-)^2",A:mustar_over_2,18127.9,941.55,+1825.330938,
K,"k4(s,b,t,-)^2",A:two_mustar,18127.9,3766.2,+381.332735,
K,"k4(s,b,t,-)^2",A:one_point_five_mustar,18127.9,2824.65,+541.776979,
K,"k4(c,b,t,+)^2",e,874974,0.510999,+171228007.173516,
K,"k4(c,b,t,+)^2",mu,874974,105.658,+828015.922474,
K,"k4(c,b,t,+)^2",tau,874974,1776.93,+49140.759678,
K,"k4(c,b,t,+)^2",u,874974,2.1978,+39811249.119256,
K,"k4(c,b,t,+)^2",d,874974,4.78225,+18296179.595233,
K,"k4(c,b,t,+)^2",s,874974,94.5258,+925546.007509,
K,"k4(c,b,t,+)^2",A:mustar,874974,1883.1,+46364.559588,
K,"k4(c,b,t,+)^2",A:P_2me,874974,1.022,+85613953.586758,
K,"k4(c,b,t,+)^2",A:G,874974,2306.32,+37838.154038,
K,"k4(c,b,t,+)^2",A:tau,874974,1776.93,+49140.759678,
K,"k4(c,b,t,+)^2",A:mustar_plus_tau,874974,3660.03,+23806.196957,
K,"k4(c,b,t,+)^2",A:two_tau,874974,3553.86,+24520.379839,
K,"k4(c,b,t,+)^2",A:mustar_over_2,874974,941.55,+92829.119176,
K,"k4(c,b,t,+)^2",A:two_mustar,874974,3766.2,+23132.279794,
K,"k4(c,b,t,+)^2",A:one_point_five_mustar,874974,2824.65,+30876.373059,
K,"k4(c,b,t,-)^2",e,9265.38,0.510999,+1813088.797047,
K,"k4(c,b,t,-)^2",mu,9265.38,105.658,+8669.182455,
K,"k4(c,b,t,-)^2",tau,9265.38,1776.93,+421.426040,
K,"k4(c,b,t,-)^2",u,9265.38,2.1978,+421475.017151,
K,"k4(c,b,t,-)^2",d,9265.38,4.78225,+193645.114265,
K,"k4(c,b,t,-)^2",s,9265.38,94.5258,+9701.959495,
K,"k4(c,b,t,-)^2",A:mustar,9265.38,1883.1,+392.027975,
K,"k4(c,b,t,-)^2",A:P_2me,9265.38,1.022,+906494.398524,
K,"k4(c,b,t,-)^2",A:G,9265.38,2306.32,+301.739160,
K,"k4(c,b,t,-)^2",A:tau,9265.38,1776.93,+421.426040,
K,"k4(c,b,t,-)^2",A:mustar_plus_tau,9265.38,3660.03,+153.150311,
K,"k4(c,b,t,-)^2",A:two_tau,9265.38,3553.86,+160.713020,
K,"k4(c,b,t,-)^2",A:mustar_over_2,9265.38,941.55,+884.055951,
K,"k4(c,b,t,-)^2",A:two_mustar,9265.38,3766.2,+146.013988,
K,"k4(c,b,t,-)^2",A:one_point_five_mustar,9265.38,2824.65,+228.018650,
