universe,hits_0p1pct,hits_0p25pct,hits_0p5pct,hits_1p0pct,k_hits_0p5pct,pta_hits_0p5pct,sd_hits_0p5pct,min_abs_residual_pct,any_shorter_than_real_top
0,0,0,0,0,0,0,0,1.511471,0
1,0,1,3,4,2,1,0,0.180696,0
2,0,0,3,5,0,3,0,0.380557,0
3,0,0,0,2,0,0,0,0.571314,0
4,0,1,2,5,0,2,0,0.198806,0
5,1,2,3,4,1,0,2,0.078876,1
6,0,0,1,2,0,1,0,0.445776,0
7,0,1,2,4,1,1,0,0.185097,0
8,0,1,1,3,0,1,0,0.179075,0
9,0,1,3,7,0,3,0,0.246524,0
10,0,7,10,18,6,2,2,0.105834,1
11,0,0,0,0,0,0,0,1.055067,0
12,1,2,4,7,2,0,2,0.019638,1
13,0,2,3,7,1,2,0,0.135827,1
14,0,2,2,2,2,0,0,0.189323,0
15,4,6,8,12,0,2,6,0.028325,1
16,0,0,0,2,0,0,0,0.678134,0
17,0,0,1,6,1,0,0,0.337453,0
18,0,1,2,5,1,1,0,0.133590,1
19,0,0,1,3,0,1,0,0.458562,0
20,0,0,2,6,1,1,0,0.346321,0
21,1,1,2,5,1,0,1,0.073811,1
22,1,1,1,3,0,1,0,0.075502,1
23,0,0,0,1,0,0,0,0.929605,0
24,0,0,0,2,0,0,0,0.862984,0
25,0,0,0,0,0,0,0,1.244398,0
26,0,1,3,5,1,0,2,0.182055,0
27,0,0,0,0,0,0,0,1.099517,0
28,1,1,1,3,1,0,0,0.094399,1
29,0,2,2,3,0,2,0,0.169493,1
30,1,2,3,7,1,0,2,0.067438,1
31,0,0,0,0,0,0,0,1.288444,0
32,0,0,1,3,1,0,0,0.446765,0
33,0,0,2,5,0,2,0,0.273803,0
34,1,2,4,4,1,2,1,0.081684,1
35,0,0,1,1,1,0,0,0.404828,0
36,0,0,3,7,0,3,0,0.352824,0
37,0,2,11,12,6,2,3,0.105026,1
38,0,0,0,1,0,0,0,0.996719,0
39,0,0,0,0,0,0,0,1.013336,0
40,0,0,2,3,2,0,0,0.287099,0
41,5,5,5,5,5,0,0,0.003662,1
42,0,0,0,2,0,0,0,0.602865,0
43,2,3,3,4,0,0,3,0.059384,1
44,1,3,3,5,2,1,0,0.064947,1
45,1,1,1,1,0,1,0,0.010189,1
46,0,1,1,3,1,0,0,0.249412,0
47,0,3,7,13,1,2,4,0.118361,1
48,0,0,2,3,2,0,0,0.358109,0
49,1,1,1,1,0,1,0,0.060453,1
50,0,2,4,7,4,0,0,0.189321,0
51,1,2,2,3,0,2,0,0.063880,1
52,0,1,4,9,1,1,2,0.234631,0
53,1,2,2,2,0,2,0,0.066435,1
54,1,2,3,5,1,2,0,0.067104,1
55,0,0,0,0,0,0,0,1.022681,0
56,0,0,1,2,1,0,0,0.365437,0
57,0,0,0,0,0,0,0,1.199725,0
58,0,1,2,2,0,1,1,0.166101,1
59,0,3,4,10,0,1,3,0.167509,1
60,0,1,5,7,0,2,3,0.158986,1
61,5,7,9,10,8,1,0,0.018714,1
62,0,0,1,5,1,0,0,0.342587,0
63,3,4,5,7,0,1,4,0.048004,1
64,1,1,1,2,0,1,0,0.057591,1
65,2,5,7,9,5,2,0,0.005678,1
66,2,2,5,9,3,2,0,0.069718,1
67,0,1,1,3,0,1,0,0.139580,1
68,4,6,7,9,2,1,4,0.013916,1
69,0,1,1,2,1,0,0,0.197527,0
70,0,0,1,6,0,1,0,0.268952,0
71,1,1,3,8,0,3,0,0.081662,1
72,0,0,1,2,0,0,1,0.428697,0
73,0,0,0,1,0,0,0,0.635956,0
74,0,2,2,8,0,0,2,0.211537,0
75,0,0,0,2,0,0,0,0.821237,0
76,0,0,0,0,0,0,0,1.054601,0
77,1,2,6,9,4,0,2,0.080387,1
78,0,1,1,1,1,0,0,0.239429,0
79,0,0,0,0,0,0,0,1.330695,0
80,0,0,0,1,0,0,0,0.837097,0
81,0,0,2,5,2,0,0,0.326982,0
82,0,0,0,4,0,0,0,0.560582,0
83,0,1,1,5,0,1,0,0.216801,0
84,1,1,1,6,1,0,0,0.064571,1
85,0,0,0,4,0,0,0,0.545619,0
86,4,5,5,7,5,0,0,0.025382,1
87,1,4,6,9,5,1,0,0.090679,1
88,0,2,2,4,2,0,0,0.102342,1
89,0,0,1,7,0,1,0,0.327035,0
90,0,1,2,4,2,0,0,0.238968,0
91,2,2,3,3,0,2,1,0.036761,1
92,1,1,2,5,0,2,0,0.046074,1
93,1,1,2,3,1,1,0,0.020528,1
94,0,0,1,4,1,0,0,0.325195,0
95,0,2,2,4,2,0,0,0.102321,1
96,0,0,0,3,0,0,0,0.789303,0
97,0,0,1,8,0,0,1,0.420489,0
98,0,0,2,9,0,0,2,0.292324,0
99,1,3,3,3,1,2,0,0.083766,1
100,1,2,3,4,0,3,0,0.089502,1
101,0,0,0,1,0,0,0,0.861130,0
102,4,4,4,6,0,1,3,0.034282,1
103,0,2,3,5,2,0,1,0.104983,1
104,0,0,0,3,0,0,0,0.815046,0
105,0,1,1,2,1,0,0,0.144204,1
106,0,2,2,3,1,1,0,0.186595,0
107,0,2,2,2,0,2,0,0.127507,1
108,0,0,2,4,2,0,0,0.257261,0
109,0,0,0,2,0,0,0,0.592450,0
110,0,1,1,3,0,1,0,0.135248,1
111,0,1,1,3,0,1,0,0.129120,1
112,0,1,2,4,0,2,0,0.106092,1
113,0,0,2,4,1,0,1,0.312045,0
114,3,3,3,4,1,2,0,0.015986,1
115,0,0,0,0,0,0,0,1.719991,0
116,0,0,0,1,0,0,0,0.561366,0
117,0,1,1,2,0,1,0,0.106069,1
118,0,4,4,7,0,1,3,0.121170,1
119,5,6,7,11,6,1,0,0.034541,1
120,0,0,2,8,1,0,1,0.371621,0
121,2,4,5,6,5,0,0,0.078604,1
122,1,1,3,6,0,2,1,0.031467,1
123,0,0,1,3,1,0,0,0.314473,0
124,0,0,4,8,0,0,4,0.300325,0
125,1,2,2,3,0,0,2,0.033265,1
126,0,1,1,3,0,1,0,0.243265,0
127,4,7,9,12,6,2,1,0.018687,1
128,0,1,3,11,0,3,0,0.188560,0
129,1,1,1,1,0,1,0,0.037060,1
130,0,0,0,6,0,0,0,0.537326,0
131,0,0,1,3,0,0,1,0.280586,0
132,0,0,1,3,0,1,0,0.290756,0
133,2,4,4,4,0,0,4,0.041388,1
134,0,0,2,2,0,2,0,0.353670,0
135,0,1,4,7,4,0,0,0.167993,1
136,3,3,5,7,1,2,2,0.046567,1
137,1,1,1,1,1,0,0,0.024623,1
138,0,0,4,7,1,3,0,0.250578,0
139,0,1,3,5,2,1,0,0.123554,1
140,0,0,0,4,0,0,0,0.648929,0
141,0,2,7,14,1,3,3,0.119060,1
142,1,2,4,6,3,1,0,0.086794,1
143,1,2,3,5,3,0,0,0.066684,1
144,0,1,1,2,0,1,0,0.155888,1
145,0,1,2,4,1,0,1,0.117882,1
146,0,0,1,2,1,0,0,0.383343,0
147,0,0,1,1,1,0,0,0.460846,0
148,0,1,2,11,2,0,0,0.202692,0
149,0,0,0,1,0,0,0,0.881264,0
150,2,2,5,7,2,2,1,0.005112,1
151,0,1,1,3,0,0,1,0.219938,0
152,0,0,1,4,0,1,0,0.354985,0
153,0,0,0,1,0,0,0,0.778942,0
154,0,1,3,3,2,1,0,0.204295,0
155,3,6,8,13,5,3,0,0.035086,1
156,0,0,1,4,0,0,1,0.455974,0
157,0,2,4,7,3,0,1,0.167310,1
158,1,2,5,8,1,1,3,0.008813,1
159,3,4,4,4,0,0,4,0.067103,1
160,0,0,0,1,0,0,0,0.984087,0
161,0,0,0,0,0,0,0,2.511319,0
162,0,0,0,2,0,0,0,0.595300,0
163,0,0,6,8,0,0,6,0.433667,0
164,0,2,3,7,3,0,0,0.213983,0
165,0,0,0,1,0,0,0,0.801809,0
166,0,1,4,7,1,1,2,0.159625,1
167,1,1,1,2,0,1,0,0.091423,1
168,0,0,2,6,2,0,0,0.276617,0
169,0,0,2,6,0,2,0,0.321736,0
170,2,3,4,10,0,2,2,0.052213,1
171,0,0,1,2,1,0,0,0.314462,0
172,0,1,3,4,1,1,1,0.166221,1
173,0,0,3,4,1,2,0,0.379381,0
174,2,5,8,11,4,4,0,0.047367,1
175,0,2,6,8,5,1,0,0.161482,1
176,1,1,1,2,0,1,0,0.024362,1
177,0,0,2,8,1,1,0,0.257266,0
178,0,2,2,4,2,0,0,0.143227,1
179,1,1,2,2,1,0,1,0.091735,1
180,0,1,3,6,1,1,1,0.236514,0
181,0,0,0,3,0,0,0,0.770434,0
182,0,0,0,0,0,0,0,1.359355,0
183,0,1,2,7,0,2,0,0.171561,1
184,2,2,2,7,2,0,0,0.004202,1
185,0,0,1,3,0,1,0,0.251603,0
186,2,2,4,4,0,1,3,0.024552,1
187,5,5,5,8,4,1,0,0.014250,1
188,0,0,0,1,0,0,0,0.952936,0
189,0,0,1,2,1,0,0,0.424483,0
190,0,0,3,9,3,0,0,0.396751,0
191,0,1,1,5,0,0,1,0.108685,1
192,0,0,0,1,0,0,0,0.747708,0
193,0,0,0,1,0,0,0,0.904903,0
194,0,0,0,1,0,0,0,0.764735,0
195,0,0,0,0,0,0,0,1.030414,0
196,0,0,0,0,0,0,0,1.012667,0
197,0,1,1,1,0,0,1,0.195716,0
198,0,0,0,1,0,0,0,0.789781,0
199,0,0,0,0,0,0,0,1.214781,0
200,0,0,3,7,0,1,2,0.402379,0
201,0,1,2,5,1,1,0,0.137673,1
202,0,0,0,0,0,0,0,1.684740,0
203,0,0,2,8,0,2,0,0.364754,0
204,0,0,0,10,0,0,0,0.522774,0
205,0,0,1,2,1,0,0,0.383515,0
206,1,1,2,4,0,2,0,0.081542,1
207,0,0,1,3,1,0,0,0.277783,0
208,0,0,0,5,0,0,0,0.687053,0
209,1,4,6,6,4,2,0,0.080889,1
210,0,1,1,3,1,0,0,0.108787,1
211,0,0,2,7,0,0,2,0.332448,0
212,0,1,1,3,0,1,0,0.117748,1
213,1,1,2,3,0,2,0,0.006614,1
214,2,3,5,6,0,2,3,0.020056,1
215,0,0,2,2,0,2,0,0.345284,0
216,0,0,3,6,0,0,3,0.317361,0
217,1,3,4,5,2,1,1,0.008443,1
218,0,0,0,5,0,0,0,0.500293,0
219,0,1,2,3,1,1,0,0.138838,1
220,1,1,2,8,0,2,0,0.040281,1
221,0,0,0,1,0,0,0,0.711024,0
222,0,0,2,3,2,0,0,0.361876,0
223,0,0,0,3,0,0,0,0.622400,0
224,0,4,5,6,4,1,0,0.106175,1
225,1,1,1,3,1,0,0,0.037042,1
226,0,0,2,5,2,0,0,0.415993,0
227,1,3,3,3,3,0,0,0.082634,1
228,0,1,4,5,0,1,3,0.216906,0
229,0,0,1,3,0,1,0,0.451082,0
230,0,0,0,3,0,0,0,0.870216,0
231,1,4,5,8,2,3,0,0.093428,1
232,3,7,10,10,9,1,0,0.039768,1
233,1,3,7,7,4,1,2,0.046179,1
234,0,2,2,3,0,2,0,0.197444,0
235,2,3,3,9,3,0,0,0.018484,1
236,1,4,5,10,1,2,2,0.095406,1
237,0,0,1,3,0,1,0,0.476910,0
238,0,0,0,0,0,0,0,2.318862,0
239,1,1,5,7,2,3,0,0.061637,1
240,0,0,0,0,0,0,0,2.471898,0
241,0,0,0,1,0,0,0,0.941475,0
242,0,0,3,5,0,3,0,0.255968,0
243,0,0,0,4,0,0,0,0.676605,0
244,0,0,0,0,0,0,0,1.757182,0
245,0,0,4,5,2,0,2,0.310328,0
246,0,0,0,2,0,0,0,0.622003,0
247,0,1,4,5,4,0,0,0.200647,0
248,1,1,2,10,0,1,1,0.043971,1
249,1,2,3,5,2,0,1,0.085390,1
250,0,0,2,5,2,0,0,0.355040,0
251,1,2,4,10,2,0,2,0.099874,1
252,0,2,4,7,1,3,0,0.121604,1
253,0,2,4,18,0,0,4,0.201912,0
254,0,1,5,7,2,0,3,0.185585,0
255,0,0,0,4,0,0,0,0.808823,0
256,0,1,2,2,0,2,0,0.204705,0
257,0,1,1,1,0,1,0,0.157593,1
258,0,0,2,4,0,0,2,0.391710,0
259,1,2,2,13,0,2,0,0.041611,1
260,0,0,3,7,1,2,0,0.310141,0
261,0,0,0,3,0,0,0,0.791533,0
262,0,0,0,3,0,0,0,0.636065,0
263,0,2,2,3,0,0,2,0.190194,0
264,0,0,1,1,0,1,0,0.254796,0
265,1,1,2,5,0,2,0,0.086528,1
266,0,0,0,1,0,0,0,0.819188,0
267,0,0,1,1,0,1,0,0.428954,0
268,0,0,1,2,0,1,0,0.373483,0
269,0,0,2,7,0,0,2,0.258886,0
270,0,1,2,2,1,1,0,0.150693,1
271,0,0,0,2,0,0,0,0.681163,0
272,1,1,1,3,0,1,0,0.097734,1
273,1,1,2,6,0,2,0,0.024885,1
274,0,0,0,1,0,0,0,0.611637,0
275,0,2,5,5,3,2,0,0.116964,1
276,0,0,2,3,0,0,2,0.426354,0
277,1,1,1,2,0,1,0,0.007636,1
278,0,0,0,3,0,0,0,0.641427,0
279,1,1,1,4,0,0,1,0.044227,1
280,0,0,0,5,0,0,0,0.606721,0
281,1,2,4,4,1,2,1,0.079212,1
282,0,0,0,1,0,0,0,0.513998,0
283,1,3,3,7,0,1,2,0.049138,1
284,0,1,1,4,1,0,0,0.204725,0
285,0,0,0,5,0,0,0,0.574446,0
286,1,1,2,2,0,2,0,0.060102,1
287,1,3,6,9,6,0,0,0.099368,1
288,0,1,2,11,0,0,2,0.231916,0
289,0,2,6,11,4,2,0,0.167954,1
290,0,2,2,3,0,2,0,0.169451,1
291,0,0,0,0,0,0,0,1.003919,0
292,0,0,0,2,0,0,0,0.514197,0
293,0,0,1,2,0,1,0,0.309117,0
294,0,5,8,12,4,3,1,0.113674,1
295,1,1,1,2,1,0,0,0.033725,1
296,0,0,5,6,2,3,0,0.268108,0
297,0,0,2,3,0,2,0,0.384061,0
298,0,0,3,5,0,3,0,0.347182,0
299,0,0,0,0,0,0,0,1.009405,0
300,0,0,0,1,0,0,0,0.778335,0
301,0,0,0,1,0,0,0,0.677421,0
302,0,0,0,0,0,0,0,1.801286,0
303,1,1,3,4,2,1,0,0.063781,1
304,0,0,0,2,0,0,0,0.578080,0
305,0,0,1,1,1,0,0,0.355149,0
306,0,0,1,2,0,1,0,0.369579,0
307,2,5,10,24,2,2,6,0.089792,1
308,1,4,4,8,1,0,3,0.079160,1
309,1,3,5,11,1,1,3,0.077125,1
310,0,0,1,3,0,1,0,0.400395,0
311,4,10,14,20,4,0,10,0.035280,1
312,0,2,7,9,3,1,3,0.149882,1
313,0,1,1,2,1,0,0,0.127872,1
314,1,1,2,2,0,1,1,0.044712,1
315,0,0,1,4,1,0,0,0.357149,0
316,0,0,0,2,0,0,0,0.614442,0
317,0,0,1,2,0,0,1,0.454324,0
318,0,0,0,1,0,0,0,0.842814,0
319,0,0,1,1,0,1,0,0.358278,0
320,1,1,1,2,0,0,1,0.060862,1
321,0,0,0,0,0,0,0,2.248548,0
322,0,0,2,4,2,0,0,0.358892,0
323,0,1,2,6,0,2,0,0.240578,0
324,3,5,8,10,8,0,0,0.054636,1
325,0,1,2,12,0,1,1,0.142413,1
326,2,3,5,10,0,1,4,0.063780,1
327,0,2,3,3,1,2,0,0.140949,1
328,0,0,0,1,0,0,0,0.661030,0
329,0,1,3,4,1,2,0,0.219923,0
330,0,0,0,0,0,0,0,1.723656,0
331,0,0,1,5,1,0,0,0.300434,0
332,0,0,6,7,1,2,3,0.318099,0
333,1,1,1,3,1,0,0,0.075211,1
334,2,2,4,8,3,0,1,0.056984,1
335,1,1,3,4,1,2,0,0.029474,1
336,3,6,8,11,7,1,0,0.010023,1
337,0,0,0,1,0,0,0,0.513818,0
338,0,1,1,1,0,1,0,0.155943,1
339,0,0,0,1,0,0,0,0.620640,0
340,2,3,3,4,2,1,0,0.034195,1
341,0,0,0,1,0,0,0,0.777397,0
342,0,0,3,6,2,1,0,0.262123,0
343,0,1,2,4,2,0,0,0.215537,0
344,0,0,0,0,0,0,0,1.271365,0
345,1,1,2,2,1,1,0,0.056184,1
346,0,0,0,0,0,0,0,1.062991,0
347,0,0,1,6,0,1,0,0.284341,0
348,0,4,7,14,4,1,2,0.107021,1
349,1,1,3,4,2,1,0,0.054382,1
350,0,0,0,2,0,0,0,0.993947,0
351,1,6,12,19,5,1,6,0.097656,1
352,0,1,4,10,3,1,0,0.233478,0
353,1,1,3,3,0,1,2,0.038542,1
354,0,0,0,1,0,0,0,0.859611,0
355,0,0,3,3,0,1,2,0.306578,0
356,0,0,1,2,0,1,0,0.435577,0
357,1,1,1,1,0,1,0,0.037126,1
358,0,0,0,3,0,0,0,0.513461,0
359,1,3,4,5,2,2,0,0.072473,1
360,0,2,3,3,3,0,0,0.212578,0
361,0,0,0,1,0,0,0,0.503926,0
362,0,0,0,5,0,0,0,0.746919,0
363,0,0,3,6,0,1,2,0.355233,0
364,0,0,0,0,0,0,0,1.182709,0
365,0,0,1,1,1,0,0,0.292431,0
366,0,1,2,4,1,1,0,0.167194,1
367,1,5,6,10,2,0,4,0.053589,1
368,0,2,6,8,6,0,0,0.108131,1
369,0,0,0,3,0,0,0,0.541949,0
370,0,1,3,8,0,1,2,0.117941,1
371,0,0,2,6,1,1,0,0.270699,0
372,3,5,6,9,5,1,0,0.032489,1
373,0,0,0,5,0,0,0,0.593787,0
374,1,2,4,8,0,1,3,0.096523,1
375,0,0,0,4,0,0,0,0.600741,0
376,0,0,0,2,0,0,0,0.606249,0
377,0,0,0,0,0,0,0,1.103712,0
378,0,0,1,4,0,1,0,0.322827,0
379,0,3,4,5,1,0,3,0.191447,0
380,0,0,2,2,2,0,0,0.390277,0
381,0,1,2,3,1,1,0,0.117040,1
382,0,1,2,2,1,0,1,0.185066,0
383,0,0,2,5,1,0,1,0.266364,0
384,0,0,0,2,0,0,0,0.544150,0
385,0,3,5,5,0,5,0,0.112637,1
386,0,0,0,0,0,0,0,1.805246,0
387,0,2,3,11,0,1,2,0.183153,0
388,0,0,0,4,0,0,0,0.588037,0
389,0,0,2,2,0,1,1,0.298377,0
390,0,0,1,5,0,0,1,0.322869,0
391,0,0,0,3,0,0,0,0.613542,0
392,1,1,1,1,1,0,0,0.083633,1
393,0,0,2,3,0,0,2,0.328709,0
394,0,0,0,1,0,0,0,0.979564,0
395,0,1,1,2,0,1,0,0.248039,0
396,0,0,3,6,2,1,0,0.261027,0
397,2,2,5,5,3,1,1,0.001628,1
398,0,1,3,3,3,0,0,0.187140,0
399,3,10,17,25,0,5,12,0.043779,1
400,0,0,2,9,0,2,0,0.328852,0
401,6,12,26,39,13,4,9,0.027836,1
402,0,0,1,4,1,0,0,0.295425,0
403,0,0,0,0,0,0,0,1.267037,0
404,0,2,3,8,0,3,0,0.140977,1
405,2,2,3,4,0,3,0,0.000674,1
406,0,0,1,1,0,1,0,0.258789,0
407,0,0,0,1,0,0,0,0.772156,0
408,0,3,5,7,5,0,0,0.183935,0
409,0,3,5,6,2,3,0,0.155319,1
410,0,0,3,3,0,3,0,0.321910,0
411,0,3,3,8,3,0,0,0.133404,1
412,1,1,1,5,1,0,0,0.095037,1
413,0,1,9,9,0,3,6,0.190759,0
414,0,1,1,1,0,1,0,0.183033,0
415,1,6,10,15,7,3,0,0.060203,1
416,0,2,3,6,1,0,2,0.183420,0
417,0,0,0,1,0,0,0,0.704964,0
418,0,2,9,11,7,2,0,0.211465,0
419,0,0,0,0,0,0,0,1.199110,0
420,0,1,1,1,0,1,0,0.195552,0
421,0,0,0,1,0,0,0,0.642661,0
422,0,1,2,3,1,1,0,0.126227,1
423,1,2,2,2,1,1,0,0.049884,1
424,0,0,0,2,0,0,0,0.683309,0
425,0,0,1,2,1,0,0,0.383855,0
426,0,0,0,3,0,0,0,0.623747,0
427,1,1,3,4,0,1,2,0.035021,1
428,0,0,0,1,0,0,0,0.919747,0
429,0,2,3,8,1,0,2,0.163255,1
430,0,0,1,3,1,0,0,0.264312,0
431,0,0,1,6,1,0,0,0.398497,0
432,0,1,2,3,1,0,1,0.106336,1
433,0,0,1,1,1,0,0,0.482500,0
434,0,0,0,3,0,0,0,0.528456,0
435,0,0,0,1,0,0,0,0.706208,0
436,0,1,1,4,0,1,0,0.215907,0
437,0,1,3,6,0,2,1,0.208240,0
438,0,0,0,2,0,0,0,0.880680,0
439,0,0,3,5,0,1,2,0.349037,0
440,0,1,2,5,0,2,0,0.225211,0
441,0,3,3,5,3,0,0,0.139772,1
442,1,1,2,3,0,2,0,0.085059,1
443,0,2,8,17,0,2,6,0.241800,0
444,0,1,4,5,3,1,0,0.165245,1
445,1,1,1,5,1,0,0,0.052817,1
446,0,0,1,2,0,1,0,0.457798,0
447,0,0,1,6,1,0,0,0.359877,0
448,0,0,4,9,0,0,4,0.382140,0
449,0,0,2,4,0,1,1,0.303920,0
450,2,2,2,4,0,0,2,0.020621,1
451,0,0,0,1,0,0,0,0.562677,0
452,0,0,0,1,0,0,0,0.620906,0
453,1,2,2,2,0,1,1,0.037359,1
454,0,0,1,4,0,1,0,0.495827,0
455,0,0,0,1,0,0,0,0.604587,0
456,0,1,3,4,0,1,2,0.102177,1
457,1,1,1,5,0,1,0,0.001857,1
458,0,2,4,7,4,0,0,0.199400,0
459,0,1,2,4,1,0,1,0.243220,0
460,0,4,7,9,1,2,4,0.166922,1
461,0,1,1,1,0,1,0,0.125970,1
462,0,0,1,4,1,0,0,0.413122,0
463,0,0,0,2,0,0,0,0.736364,0
464,0,1,2,3,0,1,1,0.180127,0
465,0,0,1,4,1,0,0,0.409110,0
466,0,0,0,1,0,0,0,0.673682,0
467,0,0,1,4,1,0,0,0.413040,0
468,1,3,4,7,4,0,0,0.082097,1
469,0,2,3,5,0,2,1,0.109218,1
470,0,0,0,2,0,0,0,0.508797,0
471,1,1,2,4,2,0,0,0.082086,1
472,0,0,1,4,1,0,0,0.476723,0
473,0,0,1,2,0,1,0,0.439787,0
474,0,0,3,6,1,2,0,0.338337,0
475,0,1,4,8,0,2,2,0.182918,0
476,0,4,6,8,1,2,3,0.176866,0
477,0,0,5,8,1,0,4,0.273544,0
478,1,2,3,3,0,0,3,0.087530,1
479,0,0,0,2,0,0,0,0.540242,0
480,1,1,1,1,1,0,0,0.015602,1
481,0,0,3,8,0,0,3,0.400944,0
482,0,0,0,4,0,0,0,0.723008,0
483,0,2,2,2,0,0,2,0.159730,1
484,0,0,0,6,0,0,0,0.525696,0
485,0,0,1,2,1,0,0,0.371712,0
486,0,1,1,3,0,1,0,0.136210,1
487,0,0,2,3,1,1,0,0.410314,0
488,0,1,1,3,0,0,1,0.200409,0
489,1,1,2,4,1,1,0,0.083426,1
490,0,0,0,1,0,0,0,0.533273,0
491,1,1,1,1,1,0,0,0.084391,1
492,0,1,4,7,0,4,0,0.188922,0
493,0,1,3,4,0,2,1,0.148291,1
494,0,1,1,3,0,0,1,0.186528,0
495,0,0,3,6,0,0,3,0.378522,0
496,1,3,3,4,3,0,0,0.085347,1
497,1,2,3,6,2,1,0,0.026157,1
498,1,1,2,6,0,2,0,0.050500,1
499,0,0,1,3,1,0,0,0.428198,0
500,0,0,1,2,0,1,0,0.496848,0
501,1,1,1,5,0,0,1,0.042692,1
502,1,1,1,2,1,0,0,0.014575,1
503,2,4,4,4,0,0,4,0.004587,1
504,0,0,0,0,0,0,0,1.929354,0
505,0,0,0,2,0,0,0,0.662103,0
506,0,0,2,4,0,1,1,0.315465,0
507,0,0,0,4,0,0,0,0.573022,0
508,1,2,2,4,0,0,2,0.001886,1
509,0,0,0,0,0,0,0,1.116994,0
510,0,2,2,2,0,2,0,0.149312,1
511,0,3,6,8,4,2,0,0.197912,0
512,3,3,3,5,3,0,0,0.030820,1
513,0,1,4,8,2,0,2,0.208702,0
514,2,4,7,12,5,2,0,0.044780,1
515,0,1,1,2,0,1,0,0.223839,0
516,1,1,1,1,0,0,1,0.099049,1
517,0,0,2,2,0,2,0,0.310469,0
518,0,4,4,6,4,0,0,0.124648,1
519,0,0,0,2,0,0,0,0.583190,0
520,0,1,1,2,1,0,0,0.197282,0
521,1,1,1,3,1,0,0,0.060667,1
522,0,1,4,10,0,2,2,0.166368,1
523,0,3,6,7,1,1,4,0.170584,1
524,0,0,2,3,1,0,1,0.426235,0
525,0,1,2,5,1,0,1,0.105583,1
526,0,1,1,6,0,1,0,0.182500,0
527,0,1,2,7,0,1,1,0.200054,0
528,0,0,1,1,0,1,0,0.257866,0
529,6,6,8,9,5,1,2,0.013115,1
530,2,3,5,5,1,3,1,0.048192,1
531,0,1,4,7,4,0,0,0.141486,1
532,0,0,1,3,1,0,0,0.414456,0
533,1,2,4,7,2,2,0,0.085308,1
534,0,2,3,4,3,0,0,0.164077,1
535,1,3,5,7,2,3,0,0.072305,1
536,0,0,0,0,0,0,0,1.216370,0
537,4,4,4,7,4,0,0,0.014525,1
538,0,0,0,2,0,0,0,0.613118,0
539,1,2,3,4,0,0,3,0.087014,1
540,0,1,1,6,1,0,0,0.144281,1
541,0,2,3,5,3,0,0,0.124451,1
542,2,3,4,6,0,1,3,0.054764,1
543,0,0,2,3,1,0,1,0.412268,0
544,0,0,0,3,0,0,0,0.501118,0
545,1,3,5,6,2,1,2,0.020127,1
546,1,1,1,2,0,1,0,0.022832,1
547,4,4,4,5,0,0,4,0.016412,1
548,1,2,3,4,0,3,0,0.053625,1
549,1,2,2,2,0,2,0,0.058721,1
550,0,0,4,5,0,0,4,0.262716,0
551,0,0,0,1,0,0,0,0.514359,0
552,2,2,3,5,3,0,0,0.084593,1
553,0,1,4,6,1,1,2,0.152161,1
554,0,0,0,3,0,0,0,0.629906,0
555,0,0,0,1,0,0,0,0.573811,0
556,2,2,2,4,0,2,0,0.079208,1
557,1,1,1,5,1,0,0,0.003576,1
558,0,0,0,3,0,0,0,0.829880,0
559,0,1,1,5,1,0,0,0.221788,0
560,0,0,0,1,0,0,0,0.901885,0
561,0,0,0,1,0,0,0,0.850831,0
562,0,0,1,3,1,0,0,0.463412,0
563,0,0,0,2,0,0,0,0.568408,0
564,0,0,0,1,0,0,0,0.503975,0
565,0,2,4,6,3,1,0,0.163952,1
566,0,3,5,7,4,0,1,0.130531,1
567,0,0,4,6,0,1,3,0.433147,0
568,0,2,2,2,0,0,2,0.160595,1
569,0,0,0,3,0,0,0,0.680243,0
570,0,1,1,3,0,1,0,0.191155,0
571,1,1,2,5,1,0,1,0.070500,1
572,0,0,1,3,0,1,0,0.364474,0
573,0,0,0,0,0,0,0,1.189530,0
574,0,0,0,2,0,0,0,0.856169,0
575,1,3,4,5,3,1,0,0.025754,1
576,1,3,6,13,2,0,4,0.036798,1
577,0,0,0,1,0,0,0,0.807740,0
578,0,0,0,0,0,0,0,1.184679,0
579,0,0,0,3,0,0,0,0.591894,0
580,0,2,2,4,0,2,0,0.190825,0
581,1,1,5,7,2,3,0,0.073608,1
582,1,1,2,3,1,1,0,0.022420,1
583,0,1,6,12,5,1,0,0.174013,1
584,0,0,1,2,0,1,0,0.498115,0
585,0,1,4,6,1,3,0,0.143342,1
586,0,1,1,5,0,0,1,0.244758,0
587,1,2,2,3,2,0,0,0.014498,1
588,1,1,2,7,1,0,1,0.004380,1
589,1,1,1,1,0,1,0,0.049553,1
590,0,2,4,4,2,0,2,0.163816,1
591,0,3,5,8,1,1,3,0.116906,1
592,1,2,2,4,0,1,1,0.007284,1
593,0,2,4,5,0,2,2,0.127129,1
594,1,3,3,3,2,1,0,0.057745,1
595,0,2,2,4,1,1,0,0.208599,0
596,0,1,1,3,0,1,0,0.237719,0
597,2,2,3,6,2,1,0,0.062372,1
598,0,3,3,4,3,0,0,0.102338,1
599,0,1,5,6,1,3,1,0.188782,0
600,0,2,2,4,0,2,0,0.189591,0
601,0,0,0,3,0,0,0,0.524317,0
602,0,0,0,9,0,0,0,0.504723,0
603,0,1,3,5,2,1,0,0.145572,1
604,0,3,5,8,2,3,0,0.146408,1
605,1,3,5,6,3,1,1,0.062089,1
606,1,3,3,6,0,1,2,0.009373,1
607,0,0,0,2,0,0,0,0.909493,0
608,0,0,2,6,1,1,0,0.315048,0
609,0,1,1,1,0,1,0,0.141729,1
610,0,0,2,2,0,0,2,0.462492,0
611,0,1,2,2,0,2,0,0.203562,0
612,0,0,1,3,0,1,0,0.297626,0
613,0,0,0,1,0,0,0,0.706018,0
614,0,0,1,4,0,1,0,0.496782,0
615,1,2,4,7,0,2,2,0.082253,1
616,0,0,0,5,0,0,0,0.589266,0
617,0,0,0,1,0,0,0,0.694701,0
618,1,1,3,4,1,2,0,0.000752,1
619,1,3,8,14,0,3,5,0.079321,1
620,3,4,5,7,5,0,0,0.043942,1
621,0,0,0,5,0,0,0,0.702977,0
622,0,0,3,4,0,0,3,0.317212,0
623,1,1,2,4,0,2,0,0.086992,1
624,0,1,2,3,0,0,2,0.248327,0
625,1,1,1,2,1,0,0,0.091140,1
626,0,0,1,1,0,1,0,0.495969,0
627,0,2,3,5,1,0,2,0.117995,1
628,0,2,4,9,2,1,1,0.185107,0
629,0,0,1,2,1,0,0,0.270964,0
630,0,0,1,5,0,1,0,0.307812,0
631,4,5,6,7,6,0,0,0.027877,1
632,0,0,1,3,1,0,0,0.487013,0
633,0,1,2,9,2,0,0,0.246123,0
634,0,1,1,3,0,1,0,0.154280,1
635,0,0,0,3,0,0,0,0.510941,0
636,0,0,3,5,1,0,2,0.276322,0
637,1,3,6,7,1,5,0,0.004828,1
638,0,2,2,3,0,0,2,0.187471,0
639,0,0,0,2,0,0,0,0.649549,0
640,0,0,1,2,0,0,1,0.455770,0
641,0,0,0,2,0,0,0,0.582948,0
642,0,2,6,12,0,4,2,0.205676,0
643,0,0,2,4,2,0,0,0.305087,0
644,1,1,2,4,2,0,0,0.039463,1
645,2,2,3,10,0,0,3,0.068691,1
646,0,0,0,1,0,0,0,0.528154,0
647,0,2,5,6,1,4,0,0.128025,1
648,0,0,0,4,0,0,0,0.830917,0
649,0,1,2,5,0,2,0,0.190546,0
650,0,1,1,2,0,1,0,0.217884,0
651,1,2,3,4,0,3,0,0.041174,1
652,0,0,0,3,0,0,0,0.502438,0
653,1,1,1,2,0,1,0,0.061418,1
654,0,1,1,2,0,1,0,0.107455,1
655,0,0,1,5,0,1,0,0.333709,0
656,0,0,0,1,0,0,0,0.798444,0
657,1,3,5,7,1,2,2,0.076947,1
658,0,0,2,4,0,2,0,0.280952,0
659,0,2,3,4,1,2,0,0.190841,0
660,1,1,2,6,1,1,0,0.086073,1
661,0,0,1,3,0,0,1,0.469315,0
662,1,1,5,7,1,3,1,0.093756,1
663,2,2,6,15,5,1,0,0.039039,1
664,0,1,2,6,2,0,0,0.187055,0
665,0,1,1,4,0,1,0,0.249435,0
666,0,1,1,4,0,1,0,0.142408,1
667,0,1,6,18,1,1,4,0.153733,1
668,0,0,3,8,1,0,2,0.386603,0
669,0,1,3,5,3,0,0,0.247641,0
670,0,1,2,7,1,1,0,0.209517,0
671,2,2,6,6,0,2,4,0.055393,1
672,0,0,0,2,0,0,0,0.925398,0
673,1,1,1,1,0,1,0,0.011126,1
674,0,2,4,4,1,3,0,0.186567,0
675,0,0,1,5,0,1,0,0.342209,0
676,0,2,5,8,0,1,4,0.132907,1
677,0,0,4,6,0,3,1,0.440628,0
678,0,0,1,1,1,0,0,0.400925,0
679,1,1,2,4,1,1,0,0.017135,1
680,0,0,0,3,0,0,0,0.684760,0
681,1,1,2,4,1,0,1,0.068810,1
682,1,1,1,2,0,1,0,0.036964,1
683,2,5,7,7,0,1,6,0.081977,1
684,0,1,3,3,0,3,0,0.235720,0
685,0,1,1,1,1,0,0,0.149830,1
686,0,1,3,4,0,0,3,0.239810,0
687,0,0,0,1,0,0,0,0.930386,0
688,0,3,4,4,0,4,0,0.192860,0
689,0,1,2,5,2,0,0,0.187535,0
690,0,0,1,3,0,1,0,0.441911,0
691,0,1,3,8,2,0,1,0.211801,0
692,0,0,3,3,1,0,2,0.386560,0
693,0,1,2,3,2,0,0,0.242378,0
694,0,0,2,3,1,1,0,0.273513,0
695,0,0,1,2,0,1,0,0.341605,0
696,0,0,0,0,0,0,0,1.043423,0
697,0,0,2,7,1,0,1,0.273537,0
698,1,2,2,2,0,2,0,0.066923,1
699,0,2,4,5,2,2,0,0.128990,1
700,0,1,1,4,1,0,0,0.221831,0
701,0,2,5,7,4,1,0,0.117263,1
702,1,1,2,8,2,0,0,0.070819,1
703,3,4,4,5,0,4,0,0.073505,1
704,0,1,2,13,1,0,1,0.111671,1
705,0,1,2,4,0,1,1,0.231571,0
706,0,1,1,1,0,1,0,0.184024,0
707,0,2,2,2,2,0,0,0.109196,1
708,2,2,2,4,0,2,0,0.089006,1
709,0,1,1,2,0,1,0,0.169613,1
710,2,3,4,5,4,0,0,0.055748,1
711,0,0,1,3,1,0,0,0.456531,0
712,0,1,2,3,0,1,1,0.204278,0
713,1,1,2,3,1,1,0,0.084029,1
714,0,0,5,6,0,4,1,0.252156,0
715,2,2,4,7,3,1,0,0.065292,1
716,0,0,1,2,1,0,0,0.470123,0
717,1,1,2,2,1,1,0,0.027631,1
718,1,3,5,12,0,4,1,0.038263,1
719,0,0,2,4,0,2,0,0.330505,0
720,0,0,0,0,0,0,0,1.288233,0
721,3,4,6,10,5,0,1,0.016218,1
722,0,0,1,6,0,1,0,0.380185,0
723,0,1,2,6,2,0,0,0.196599,0
724,0,0,1,2,1,0,0,0.474313,0
725,0,0,5,9,1,4,0,0.404739,0
726,0,1,2,3,1,1,0,0.144769,1
727,1,2,3,5,1,2,0,0.023874,1
728,1,2,2,3,1,1,0,0.079100,1
729,0,0,0,2,0,0,0,0.902506,0
730,1,1,2,2,1,1,0,0.022103,1
731,0,1,4,9,4,0,0,0.176457,0
732,2,3,3,4,0,2,1,0.034020,1
733,1,2,4,12,3,1,0,0.070913,1
734,0,0,0,0,0,0,0,1.116663,0
735,2,5,6,11,0,2,4,0.073721,1
736,0,2,2,7,2,0,0,0.118520,1
737,0,0,1,1,0,1,0,0.413789,0
738,0,1,3,3,0,1,2,0.149015,1
739,1,3,3,5,0,2,1,0.071477,1
740,0,1,3,6,3,0,0,0.202448,0
741,0,1,2,4,0,1,1,0.155087,1
742,1,5,7,10,1,5,1,0.050812,1
743,0,0,1,1,1,0,0,0.415816,0
744,0,2,4,4,4,0,0,0.194592,0
745,0,0,2,8,1,1,0,0.348463,0
746,0,0,1,2,1,0,0,0.446436,0
747,0,2,2,6,0,0,2,0.178952,0
748,0,0,0,6,0,0,0,0.500724,0
749,1,1,1,1,1,0,0,0.082683,1
750,0,0,0,4,0,0,0,0.673863,0
751,0,0,0,1,0,0,0,0.955687,0
752,0,0,0,3,0,0,0,0.519142,0
753,0,0,1,4,0,0,1,0.459434,0
754,0,0,0,5,0,0,0,0.509861,0
755,1,1,1,2,0,1,0,0.092893,1
756,0,1,1,2,0,1,0,0.212367,0
757,0,0,2,5,1,1,0,0.356523,0
758,0,1,1,3,0,1,0,0.151998,1
759,0,0,0,2,0,0,0,0.528634,0
760,1,2,4,7,3,1,0,0.072441,1
761,0,0,1,2,0,1,0,0.465757,0
762,4,6,7,8,0,6,1,0.041715,1
763,0,0,0,2,0,0,0,0.543900,0
764,0,0,0,1,0,0,0,0.655434,0
765,1,1,1,4,1,0,0,0.099965,1
766,0,2,3,3,1,0,2,0.111468,1
767,1,3,5,6,4,1,0,0.059430,1
768,0,2,5,10,4,1,0,0.141572,1
769,3,3,3,3,0,0,3,0.024499,1
770,1,2,4,5,4,0,0,0.071458,1
771,1,4,4,4,1,0,3,0.011988,1
772,1,1,6,11,3,1,2,0.002017,1
773,5,8,9,11,8,1,0,0.012141,1
774,2,2,7,10,0,3,4,0.085563,1
775,0,2,3,3,0,3,0,0.118174,1
776,0,0,0,2,0,0,0,0.649299,0
777,0,0,0,3,0,0,0,0.660876,0
778,0,0,2,4,0,2,0,0.252528,0
779,0,0,3,4,2,1,0,0.357856,0
780,0,0,1,4,0,0,1,0.443991,0
781,0,0,2,2,0,2,0,0.305128,0
782,3,3,4,7,0,2,2,0.059928,1
783,0,0,0,1,0,0,0,0.542500,0
784,0,0,0,3,0,0,0,0.502793,0
785,0,0,0,1,0,0,0,0.618847,0
786,0,0,0,2,0,0,0,0.505169,0
787,0,3,6,7,4,2,0,0.101856,1
788,0,1,3,7,0,1,2,0.122291,1
789,0,1,1,4,0,1,0,0.183575,0
790,1,1,1,3,0,0,1,0.030730,1
791,0,0,0,0,0,0,0,1.461721,0
792,1,2,5,11,1,0,4,0.005493,1
793,0,0,0,1,0,0,0,0.610885,0
794,0,1,3,6,1,2,0,0.191150,0
795,1,1,1,3,1,0,0,0.086193,1
796,3,3,3,7,0,0,3,0.011408,1
797,1,1,3,5,0,1,2,0.098480,1
798,0,2,3,6,0,2,1,0.158591,1
799,0,1,2,3,1,1,0,0.170565,1
800,0,3,7,7,2,0,5,0.175085,0
801,1,1,3,4,0,1,2,0.033821,1
802,0,1,1,3,1,0,0,0.118200,1
803,0,0,2,3,1,1,0,0.382003,0
804,0,1,2,5,2,0,0,0.223723,0
805,2,2,4,6,2,1,1,0.048145,1
806,0,0,1,6,0,1,0,0.386732,0
807,3,3,3,3,0,0,3,0.019502,1
808,0,0,1,2,1,0,0,0.394836,0
809,1,2,4,6,0,3,1,0.043152,1
810,0,0,0,0,0,0,0,1.083202,0
811,1,2,5,6,2,3,0,0.084536,1
812,1,1,3,3,2,1,0,0.064124,1
813,0,1,1,4,0,0,1,0.195455,0
814,0,0,1,1,0,0,1,0.475789,0
815,0,0,0,1,0,0,0,0.677881,0
816,0,0,0,1,0,0,0,0.947833,0
817,0,1,2,3,1,1,0,0.106630,1
818,0,0,0,2,0,0,0,0.573358,0
819,0,0,1,6,1,0,0,0.478621,0
820,0,2,6,9,2,1,3,0.106285,1
821,0,0,0,1,0,0,0,0.766361,0
822,0,0,18,30,0,2,16,0.255659,0
823,0,0,0,1,0,0,0,0.891721,0
824,0,0,1,4,0,0,1,0.417939,0
825,0,0,2,3,0,2,0,0.303768,0
826,0,1,2,3,1,1,0,0.226163,0
827,0,0,1,1,1,0,0,0.299258,0
828,2,3,3,4,0,1,2,0.041773,1
829,3,5,6,7,2,0,4,0.012509,1
830,1,2,3,4,2,1,0,0.033923,1
831,0,0,3,7,0,0,3,0.445560,0
832,3,4,4,10,4,0,0,0.012617,1
833,0,0,2,5,0,2,0,0.349578,0
834,0,1,4,5,4,0,0,0.213691,0
835,0,0,1,4,0,0,1,0.477713,0
836,0,3,3,5,0,1,2,0.132645,1
837,0,0,0,3,0,0,0,0.526120,0
838,0,0,0,2,0,0,0,0.605121,0
839,1,1,1,2,1,0,0,0.099617,1
840,0,2,3,4,0,0,3,0.195118,0
841,1,1,2,5,1,1,0,0.026193,1
842,0,2,4,8,4,0,0,0.115336,1
843,0,2,2,2,0,2,0,0.135052,1
844,2,2,2,5,1,1,0,0.037587,1
845,2,2,4,8,1,3,0,0.035396,1
846,0,1,1,1,0,1,0,0.164841,1
847,0,3,7,11,5,2,0,0.162017,1
848,0,1,3,6,2,1,0,0.232304,0
849,0,2,4,6,1,2,1,0.194539,0
850,0,0,2,4,0,2,0,0.265191,0
851,0,0,0,1,0,0,0,0.974399,0
852,0,0,0,2,0,0,0,0.688210,0
853,0,0,1,3,0,1,0,0.366156,0
854,0,0,0,1,0,0,0,0.608121,0
855,0,0,0,1,0,0,0,0.645725,0
856,0,0,0,2,0,0,0,0.644063,0
857,0,1,2,3,0,2,0,0.166483,1
858,0,3,4,6,3,0,1,0.102823,1
859,0,0,0,1,0,0,0,0.760508,0
860,0,2,4,8,1,3,0,0.154450,1
861,0,0,1,2,0,1,0,0.319842,0
862,0,0,0,2,0,0,0,0.871895,0
863,1,3,5,5,4,1,0,0.092605,1
864,0,1,2,3,2,0,0,0.200081,0
865,0,0,0,1,0,0,0,0.976424,0
866,0,0,1,4,0,1,0,0.421697,0
867,0,1,4,5,1,2,1,0.184895,0
868,0,0,1,3,1,0,0,0.479732,0
869,0,0,0,3,0,0,0,0.518474,0
870,0,1,4,8,2,2,0,0.180752,0
871,1,1,2,7,0,1,1,0.036638,1
872,0,0,2,4,0,2,0,0.427421,0
873,2,6,8,13,0,0,8,0.075332,1
874,0,0,0,2,0,0,0,0.570881,0
875,1,1,1,2,1,0,0,0.012086,1
876,0,1,2,6,0,0,2,0.187147,0
877,0,2,5,7,0,1,4,0.199732,0
878,0,0,0,3,0,0,0,0.558453,0
879,1,4,4,7,1,1,2,0.006888,1
880,0,3,6,15,0,1,5,0.146821,1
881,0,0,1,4,1,0,0,0.418475,0
882,0,1,2,5,1,1,0,0.203701,0
883,0,1,1,1,0,1,0,0.163326,1
884,1,1,3,5,0,1,2,0.037014,1
885,1,2,3,7,2,1,0,0.008710,1
886,1,2,2,3,1,1,0,0.016861,1
887,0,0,0,0,0,0,0,1.825133,0
888,0,0,1,5,1,0,0,0.393042,0
889,0,1,1,6,1,0,0,0.215700,0
890,0,0,0,3,0,0,0,0.608512,0
891,0,0,0,0,0,0,0,1.257066,0
892,0,0,0,1,0,0,0,0.554746,0
893,0,0,0,3,0,0,0,0.777898,0
894,1,3,5,10,0,2,3,0.029083,1
895,0,4,4,6,1,0,3,0.169104,1
896,2,3,6,8,1,3,2,0.058152,1
897,0,1,2,6,1,1,0,0.136953,1
898,1,3,3,4,1,0,2,0.082701,1
899,0,0,0,0,0,0,0,2.806889,0
900,0,0,2,3,2,0,0,0.278910,0
901,0,1,2,3,0,0,2,0.213546,0
902,2,2,2,3,0,2,0,0.089498,1
903,0,0,0,5,0,0,0,0.541946,0
904,0,0,0,1,0,0,0,0.603357,0
905,2,3,3,4,1,0,2,0.034709,1
906,0,0,0,4,0,0,0,0.555387,0
907,0,0,0,2,0,0,0,0.985657,0
908,1,3,3,6,0,1,2,0.093256,1
909,0,0,0,1,0,0,0,0.883113,0
910,1,2,3,4,1,2,0,0.062335,1
911,0,0,0,0,0,0,0,1.032933,0
912,0,0,0,2,0,0,0,0.523178,0
913,0,2,2,6,0,0,2,0.229649,0
914,0,0,0,1,0,0,0,0.564635,0
915,0,2,7,8,3,0,4,0.159382,1
916,0,0,0,1,0,0,0,0.849396,0
917,0,1,3,3,3,0,0,0.185211,0
918,1,2,3,4,0,2,1,0.099507,1
919,2,3,5,7,2,3,0,0.040652,1
920,0,0,2,2,0,2,0,0.325362,0
921,1,2,5,6,4,1,0,0.087013,1
922,0,1,1,2,0,1,0,0.205928,0
923,0,0,1,5,0,1,0,0.480201,0
924,0,0,0,2,0,0,0,0.659591,0
925,0,1,6,9,2,1,3,0.100229,1
926,1,1,4,9,0,1,3,0.004665,1
927,0,0,0,0,0,0,0,1.410645,0
928,0,0,2,3,0,2,0,0.344425,0
929,0,0,0,2,0,0,0,0.875915,0
930,3,5,6,12,5,0,1,0.031480,1
931,0,0,2,3,0,2,0,0.366696,0
932,2,4,5,6,5,0,0,0.019597,1
933,0,0,0,4,0,0,0,0.766646,0
934,0,0,0,1,0,0,0,0.734139,0
935,1,1,5,8,2,3,0,0.070037,1
936,0,1,1,2,0,1,0,0.123467,1
937,0,0,0,1,0,0,0,0.539909,0
938,0,2,2,3,0,0,2,0.205031,0
939,0,0,1,2,0,1,0,0.404815,0
940,0,1,2,6,0,2,0,0.220275,0
941,1,1,3,9,1,1,1,0.069169,1
942,0,3,3,5,2,1,0,0.204709,0
943,0,0,0,4,0,0,0,0.659374,0
944,0,0,2,3,0,0,2,0.478114,0
945,0,0,2,11,1,0,1,0.294232,0
946,0,2,5,10,0,0,5,0.105619,1
947,0,2,3,5,2,1,0,0.192972,0
948,0,0,1,3,0,1,0,0.466490,0
949,4,5,6,7,5,1,0,0.018718,1
950,0,0,1,4,1,0,0,0.452070,0
951,0,3,5,8,2,1,2,0.145804,1
952,0,1,5,13,0,3,2,0.137497,1
953,0,2,2,3,2,0,0,0.156022,1
954,0,0,0,1,0,0,0,0.623158,0
955,0,0,1,4,0,1,0,0.483080,0
956,0,0,0,6,0,0,0,0.657044,0
957,0,1,2,8,1,1,0,0.248428,0
958,0,0,0,2,0,0,0,0.878022,0
959,0,0,0,2,0,0,0,0.874696,0
960,2,2,3,4,0,3,0,0.019570,1
961,0,0,0,3,0,0,0,0.728893,0
962,1,1,1,2,0,1,0,0.031064,1
963,0,0,0,1,0,0,0,0.663035,0
964,0,0,0,1,0,0,0,0.649871,0
965,0,0,1,3,0,1,0,0.330997,0
966,1,1,2,5,1,0,1,0.094736,1
967,0,2,4,6,4,0,0,0.197507,0
968,2,3,4,5,1,2,1,0.025549,1
969,0,0,1,2,1,0,0,0.262547,0
970,0,0,0,4,0,0,0,0.519043,0
971,0,0,0,2,0,0,0,0.578156,0
972,0,2,4,4,4,0,0,0.148134,1
973,0,0,0,0,0,0,0,1.407702,0
974,0,2,2,5,2,0,0,0.248758,0
975,1,2,3,7,1,2,0,0.076926,1
976,2,4,6,8,6,0,0,0.052383,1
977,2,2,3,3,0,2,1,0.020757,1
978,2,2,2,2,1,1,0,0.013621,1
979,0,1,2,4,0,1,1,0.130743,1
980,1,2,3,5,1,1,1,0.048292,1
981,0,1,1,3,1,0,0,0.122997,1
982,0,4,4,7,2,1,1,0.122779,1
983,0,1,2,4,0,1,1,0.236492,0
984,0,0,0,1,0,0,0,0.543519,0
985,0,2,5,6,3,0,2,0.227833,0
986,6,10,13,17,11,2,0,0.000592,1
987,0,1,2,2,0,2,0,0.121701,1
988,1,3,3,4,1,2,0,0.066934,1
989,0,2,3,7,2,0,1,0.142183,1
990,0,0,3,4,3,0,0,0.264009,0
991,0,0,0,3,0,0,0,0.671391,0
992,0,1,1,4,1,0,0,0.139113,1
993,2,2,3,4,1,2,0,0.001476,1
994,0,1,5,11,3,2,0,0.213235,0
995,0,0,1,2,0,1,0,0.404186,0
996,0,1,1,4,1,0,0,0.179629,0
997,0,0,0,1,0,0,0,0.926210,0
998,1,3,4,4,3,1,0,0.098010,1
999,1,2,2,2,0,0,2,0.028384,1
1000,0,0,0,1,0,0,0,0.815095,0
1001,0,0,1,4,1,0,0,0.400807,0
1002,2,6,6,9,0,3,3,0.038965,1
1003,0,0,2,2,2,0,0,0.261604,0
1004,0,0,3,8,0,1,2,0.442885,0
1005,1,1,2,12,2,0,0,0.037572,1
1006,0,0,0,1,0,0,0,0.823445,0
1007,0,2,2,3,2,0,0,0.156025,1
1008,1,1,1,2,0,0,1,0.089037,1
1009,0,0,0,1,0,0,0,0.862032,0
1010,0,0,2,4,2,0,0,0.257157,0
1011,0,0,0,5,0,0,0,0.650093,0
1012,0,0,1,4,0,1,0,0.343203,0
1013,0,0,0,0,0,0,0,1.004411,0
1014,0,1,1,2,1,0,0,0.162132,1
1015,0,0,0,2,0,0,0,0.602990,0
1016,0,0,1,3,0,1,0,0.470370,0
1017,1,4,5,7,4,1,0,0.060236,1
1018,4,5,5,7,4,1,0,0.001335,1
1019,2,2,3,8,3,0,0,0.004029,1
1020,0,3,8,10,2,3,3,0.125861,1
1021,0,1,2,3,0,1,1,0.174842,0
1022,0,0,1,2,0,1,0,0.493367,0
1023,0,1,1,3,0,1,0,0.113624,1
1024,0,0,1,1,0,1,0,0.431757,0
1025,0,0,0,1,0,0,0,0.565341,0
1026,0,0,0,2,0,0,0,0.630759,0
1027,0,0,0,6,0,0,0,0.596032,0
1028,0,0,1,3,1,0,0,0.329884,0
1029,1,1,1,2,1,0,0,0.055311,1
1030,0,0,2,3,2,0,0,0.325004,0
1031,1,1,4,5,2,2,0,0.093935,1
1032,1,2,2,4,0,0,2,0.044794,1
1033,0,0,0,1,0,0,0,0.896871,0
1034,0,1,3,7,0,2,1,0.178770,0
1035,0,0,0,2,0,0,0,0.815418,0
1036,1,1,1,6,1,0,0,0.087198,1
1037,0,2,5,7,0,3,2,0.156743,1
1038,0,2,2,3,0,2,0,0.113723,1
1039,0,0,1,5,0,1,0,0.353656,0
1040,0,0,2,3,0,1,1,0.353199,0
1041,2,3,6,9,6,0,0,0.030094,1
1042,1,1,1,1,1,0,0,0.034571,1
1043,0,2,2,2,1,1,0,0.110841,1
1044,0,0,0,0,0,0,0,1.005097,0
1045,3,3,4,5,0,0,4,0.062905,1
1046,0,0,1,3,0,1,0,0.318858,0
1047,0,1,2,4,2,0,0,0.247302,0
1048,4,4,4,5,0,1,3,0.043325,1
1049,0,3,5,14,0,0,5,0.163448,1
1050,0,0,3,8,2,0,1,0.351982,0
1051,1,4,6,8,1,3,2,0.014709,1
1052,0,1,4,6,2,0,2,0.143478,1
1053,2,6,8,11,7,0,1,0.053078,1
1054,0,0,3,4,1,0,2,0.312763,0
1055,0,3,5,7,3,2,0,0.121394,1
1056,3,3,4,5,0,1,3,0.024175,1
1057,0,2,4,5,1,1,2,0.192595,0
1058,0,1,2,6,0,0,2,0.206623,0
1059,0,0,4,11,0,4,0,0.264928,0
1060,0,1,2,4,0,2,0,0.228316,0
1061,0,2,4,4,1,1,2,0.127541,1
1062,0,0,0,2,0,0,0,0.858945,0
1063,2,4,4,7,0,3,1,0.052287,1
1064,0,0,1,1,0,1,0,0.435300,0
1065,0,0,0,3,0,0,0,0.513272,0
1066,0,0,1,2,0,1,0,0.487774,0
1067,1,3,3,6,2,0,1,0.005921,1
1068,0,3,4,6,2,2,0,0.206324,0
1069,2,3,5,6,1,1,3,0.049591,1
1070,0,4,5,6,3,2,0,0.126019,1
1071,2,2,3,7,0,1,2,0.021263,1
1072,0,1,1,2,0,1,0,0.238070,0
1073,2,7,8,12,0,2,6,0.049450,1
1074,0,0,1,2,1,0,0,0.486355,0
1075,0,0,2,4,2,0,0,0.410493,0
1076,1,2,3,7,1,1,1,0.044104,1
1077,0,1,1,3,1,0,0,0.164613,1
1078,0,1,4,4,4,0,0,0.239096,0
1079,0,2,2,3,2,0,0,0.153902,1
1080,0,1,3,3,2,1,0,0.152754,1
1081,0,0,2,5,1,1,0,0.362772,0
1082,1,1,3,7,2,1,0,0.090872,1
1083,1,1,2,11,2,0,0,0.017727,1
1084,0,0,0,3,0,0,0,0.668807,0
1085,3,3,4,7,4,0,0,0.018180,1
1086,0,0,0,2,0,0,0,0.679252,0
1087,0,0,1,2,0,1,0,0.430888,0
1088,0,0,2,3,0,2,0,0.334455,0
1089,0,1,1,2,0,1,0,0.131110,1
1090,5,5,7,10,5,2,0,0.002668,1
1091,0,0,1,1,0,1,0,0.467894,0
1092,0,2,5,8,4,1,0,0.109666,1
1093,1,2,2,6,1,1,0,0.038717,1
1094,0,0,0,0,0,0,0,1.058496,0
1095,0,1,1,3,1,0,0,0.232211,0
1096,0,2,4,7,0,2,2,0.184453,0
1097,0,0,0,0,0,0,0,1.144849,0
1098,0,0,2,5,0,0,2,0.372543,0
1099,0,0,1,1,1,0,0,0.303920,0
1100,0,0,1,1,0,1,0,0.341621,0
1101,0,3,4,6,0,2,2,0.131309,1
1102,1,1,1,9,1,0,0,0.087484,1
1103,0,0,3,8,3,0,0,0.324300,0
1104,0,0,3,4,0,1,2,0.353301,0
1105,0,1,5,27,2,1,2,0.113905,1
1106,0,1,1,1,0,1,0,0.220335,0
1107,1,1,6,9,5,0,1,0.044596,1
1108,0,0,1,1,1,0,0,0.350368,0
1109,0,0,1,2,0,1,0,0.331536,0
1110,0,0,0,0,0,0,0,1.347537,0
1111,3,3,4,4,4,0,0,0.022719,1
1112,0,0,0,3,0,0,0,0.572048,0
1113,0,0,0,2,0,0,0,0.706301,0
1114,0,0,0,2,0,0,0,0.893061,0
1115,0,0,2,5,1,1,0,0.317724,0
1116,1,2,4,11,2,0,2,0.079983,1
1117,0,1,3,6,1,1,1,0.193412,0
1118,0,1,3,7,2,1,0,0.237377,0
1119,0,0,0,5,0,0,0,0.640531,0
1120,0,1,3,7,2,1,0,0.169117,1
1121,1,2,2,4,1,1,0,0.025868,1
1122,0,2,2,4,1,1,0,0.207648,0
1123,0,0,3,4,2,1,0,0.320786,0
1124,0,0,1,1,0,1,0,0.482306,0
1125,0,0,0,2,0,0,0,0.792553,0
1126,0,0,3,4,2,1,0,0.257398,0
1127,2,3,4,10,0,1,3,0.047067,1
1128,0,1,1,1,0,1,0,0.112894,1
1129,0,0,0,2,0,0,0,0.696307,0
1130,0,2,4,5,0,4,0,0.115573,1
1131,0,1,3,5,1,2,0,0.149812,1
1132,0,2,3,10,3,0,0,0.148571,1
1133,1,2,2,3,0,2,0,0.084389,1
1134,1,1,2,3,0,0,2,0.021971,1
1135,0,0,1,2,0,1,0,0.300700,0
1136,0,0,0,0,0,0,0,1.065693,0
1137,0,0,2,4,2,0,0,0.333452,0
1138,1,2,6,10,1,2,3,0.055378,1
1139,1,1,2,4,1,1,0,0.092280,1
1140,1,2,3,5,2,1,0,0.060519,1
1141,0,0,0,1,0,0,0,0.562847,0
1142,0,0,0,1,0,0,0,0.955707,0
1143,0,0,1,2,1,0,0,0.331700,0
1144,0,1,2,6,2,0,0,0.173431,1
1145,0,0,0,0,0,0,0,1.408857,0
1146,0,0,0,5,0,0,0,0.521586,0
1147,0,1,1,3,0,1,0,0.139639,1
1148,0,1,1,4,1,0,0,0.133554,1
1149,0,0,2,4,0,2,0,0.283935,0
1150,0,2,2,2,2,0,0,0.197630,0
1151,0,0,1,2,1,0,0,0.395202,0
1152,0,0,1,2,1,0,0,0.340089,0
1153,0,0,1,3,0,1,0,0.472448,0
1154,0,0,2,3,2,0,0,0.335254,0
1155,0,0,0,1,0,0,0,0.881591,0
1156,1,1,1,1,0,1,0,0.016736,1
1157,0,0,1,3,1,0,0,0.392192,0
1158,0,0,1,7,1,0,0,0.393488,0
1159,0,0,0,1,0,0,0,0.649944,0
1160,0,0,0,0,0,0,0,1.262323,0
1161,2,3,8,15,0,1,7,0.074536,1
1162,0,0,1,4,1,0,0,0.428826,0
1163,0,1,1,7,0,1,0,0.121305,1
1164,0,0,0,1,0,0,0,0.575945,0
1165,0,1,1,2,0,1,0,0.227859,0
1166,0,0,2,3,2,0,0,0.381799,0
1167,0,0,2,3,2,0,0,0.366461,0
1168,0,2,3,7,1,2,0,0.160814,1
1169,0,1,1,1,1,0,0,0.199132,0
1170,0,0,0,0,0,0,0,2.048887,0
1171,2,4,6,8,4,0,2,0.020686,1
1172,0,2,3,5,2,0,1,0.116138,1
1173,0,1,2,3,0,1,1,0.115071,1
1174,0,0,2,4,1,1,0,0.279168,0
1175,2,2,2,3,0,2,0,0.031153,1
1176,4,6,8,12,0,1,7,0.000372,1
1177,0,0,0,3,0,0,0,0.633517,0
1178,4,6,6,10,2,2,2,0.015622,1
1179,0,0,0,2,0,0,0,0.842952,0
1180,0,0,0,1,0,0,0,0.982011,0
1181,0,0,0,1,0,0,0,0.772109,0
1182,0,0,1,2,0,1,0,0.339226,0
1183,5,9,10,14,2,4,4,0.052039,1
1184,1,1,4,6,1,3,0,0.057039,1
1185,4,5,8,9,2,4,2,0.032157,1
1186,0,1,3,3,2,1,0,0.138423,1
1187,0,1,4,5,0,3,1,0.163332,1
1188,0,1,1,2,1,0,0,0.110353,1
1189,1,1,2,5,2,0,0,0.038088,1
1190,0,0,0,3,0,0,0,0.743347,0
1191,0,0,0,1,0,0,0,0.921582,0
1192,0,0,0,1,0,0,0,0.828419,0
1193,0,1,1,2,1,0,0,0.168221,1
1194,2,2,6,9,2,4,0,0.055418,1
1195,0,0,0,3,0,0,0,0.564113,0
1196,1,1,1,4,0,1,0,0.096365,1
1197,1,2,5,5,1,3,1,0.042259,1
1198,0,0,0,0,0,0,0,1.002594,0
1199,0,1,2,5,1,1,0,0.120259,1
1200,0,1,3,7,1,2,0,0.145077,1
1201,0,0,0,0,0,0,0,1.003032,0
1202,0,0,1,2,0,1,0,0.353016,0
1203,0,0,0,2,0,0,0,0.930034,0
1204,0,0,1,4,1,0,0,0.431964,0
1205,1,2,4,4,1,3,0,0.029246,1
1206,0,0,0,1,0,0,0,0.961397,0
1207,0,1,3,4,2,1,0,0.149413,1
1208,1,1,1,2,1,0,0,0.022570,1
1209,0,0,1,1,0,1,0,0.461093,0
1210,0,3,5,6,0,2,3,0.115471,1
1211,0,0,0,3,0,0,0,0.663924,0
1212,2,4,8,13,0,0,8,0.031774,1
1213,0,0,0,1,0,0,0,0.878258,0
1214,0,0,0,3,0,0,0,0.592724,0
1215,1,1,2,2,2,0,0,0.092773,1
1216,0,0,1,4,0,1,0,0.367144,0
1217,0,0,2,4,2,0,0,0.335841,0
1218,0,0,3,4,3,0,0,0.254652,0
1219,0,0,0,1,0,0,0,0.773208,0
1220,2,3,4,6,1,2,1,0.047335,1
1221,3,3,9,14,1,4,4,0.040337,1
1222,0,1,1,3,0,1,0,0.160194,1
1223,0,1,3,5,0,0,3,0.151126,1
1224,2,6,7,17,7,0,0,0.062587,1
1225,0,0,2,5,0,0,2,0.252406,0
1226,4,4,4,5,1,0,3,0.002589,1
1227,1,1,2,2,0,1,1,0.032244,1
1228,0,0,3,5,0,1,2,0.301052,0
1229,0,0,1,3,0,1,0,0.375028,0
1230,1,1,3,5,2,1,0,0.051260,1
1231,0,1,2,6,1,1,0,0.220200,0
1232,0,0,0,0,0,0,0,1.083759,0
1233,0,1,1,3,1,0,0,0.123855,1
1234,0,0,0,1,0,0,0,0.756508,0
1235,0,0,0,1,0,0,0,0.825507,0
1236,0,0,0,2,0,0,0,0.556542,0
1237,0,1,1,3,1,0,0,0.133052,1
1238,0,2,4,5,0,3,1,0.137202,1
1239,1,1,3,5,0,3,0,0.097133,1
1240,0,1,1,1,1,0,0,0.167635,1
1241,0,0,3,3,1,0,2,0.251902,0
1242,0,0,0,3,0,0,0,0.841727,0
1243,0,0,1,3,0,1,0,0.309456,0
1244,0,2,4,6,1,3,0,0.186213,0
1245,0,1,2,4,2,0,0,0.114289,1
1246,0,0,3,4,1,2,0,0.343617,0
1247,0,1,2,3,0,1,1,0.241809,0
1248,2,3,5,8,1,1,3,0.021114,1
1249,1,1,2,6,0,2,0,0.063926,1
1250,0,3,3,3,1,2,0,0.161360,1
1251,0,1,1,2,0,1,0,0.152272,1
1252,0,1,1,4,0,1,0,0.236062,0
1253,0,1,2,3,1,1,0,0.146865,1
1254,5,16,31,47,6,7,18,0.048228,1
1255,1,1,2,5,1,1,0,0.020540,1
1256,0,1,3,10,1,0,2,0.178675,0
1257,0,0,2,4,0,0,2,0.266436,0
1258,0,0,0,0,0,0,0,1.603284,0
1259,1,1,3,5,2,1,0,0.047759,1
1260,0,0,0,0,0,0,0,1.172609,0
1261,0,1,1,3,1,0,0,0.196432,0
1262,0,0,0,0,0,0,0,1.099094,0
1263,2,2,2,4,0,0,2,0.057325,1
1264,0,0,1,9,0,0,1,0.312068,0
1265,0,2,5,6,3,0,2,0.149187,1
1266,0,0,1,6,1,0,0,0.390308,0
1267,1,1,1,1,1,0,0,0.000962,1
1268,0,0,0,1,0,0,0,0.773581,0
1269,2,2,5,8,0,4,1,0.021145,1
1270,5,5,7,10,7,0,0,0.000104,1
1271,0,0,0,1,0,0,0,0.712366,0
1272,1,1,1,5,0,1,0,0.095801,1
1273,0,0,0,0,0,0,0,1.458392,0
1274,1,1,2,5,0,0,2,0.086166,1
1275,0,0,0,1,0,0,0,0.725251,0
1276,0,1,2,3,0,1,1,0.105286,1
1277,0,0,0,0,0,0,0,1.237511,0
1278,0,0,1,2,1,0,0,0.288674,0
1279,0,1,2,4,1,1,0,0.116977,1
1280,0,1,2,4,1,1,0,0.188168,0
1281,1,1,1,3,0,0,1,0.089130,1
1282,0,2,4,6,0,4,0,0.147406,1
1283,0,0,0,3,0,0,0,0.741044,0
1284,1,3,3,4,0,0,3,0.081782,1
1285,0,3,5,5,0,5,0,0.179403,0
1286,0,0,0,1,0,0,0,0.749785,0
1287,0,0,1,3,0,0,1,0.389361,0
1288,0,0,0,0,0,0,0,1.230232,0
1289,1,1,1,2,1,0,0,0.036213,1
1290,1,2,3,4,0,3,0,0.073492,1
1291,0,0,0,1,0,0,0,0.918470,0
1292,0,0,4,7,3,1,0,0.295512,0
1293,0,0,4,8,0,1,3,0.264036,0
1294,0,0,0,0,0,0,0,1.507540,0
1295,3,3,4,4,2,1,1,0.039649,1
1296,0,0,1,2,1,0,0,0.375809,0
1297,0,0,0,0,0,0,0,1.126784,0
1298,0,1,2,4,1,1,0,0.110091,1
1299,0,0,0,1,0,0,0,0.743966,0
1300,0,0,1,3,1,0,0,0.359395,0
1301,1,1,4,5,3,1,0,0.094506,1
1302,0,0,0,0,0,0,0,1.265803,0
1303,2,3,5,9,3,0,2,0.014355,1
1304,0,0,1,3,1,0,0,0.429882,0
1305,2,3,6,6,1,2,3,0.000331,1
1306,0,3,5,6,3,1,1,0.129373,1
1307,0,3,6,6,0,4,2,0.118564,1
1308,0,0,0,0,0,0,0,1.245902,0
1309,2,2,4,6,2,1,1,0.010396,1
1310,0,2,2,4,0,0,2,0.175037,0
1311,0,2,3,7,1,2,0,0.156214,1
1312,0,0,0,6,0,0,0,0.575194,0
1313,0,1,1,1,1,0,0,0.139247,1
1314,0,0,0,3,0,0,0,0.541840,0
1315,0,0,2,2,0,2,0,0.297519,0
1316,0,0,4,10,0,3,1,0.365595,0
1317,0,0,0,2,0,0,0,0.558823,0
1318,0,1,1,4,0,1,0,0.121868,1
1319,0,0,2,6,1,0,1,0.262847,0
1320,3,4,4,6,0,0,4,0.061541,1
1321,0,0,0,5,0,0,0,0.502511,0
1322,0,0,0,4,0,0,0,0.641038,0
1323,3,5,5,5,0,5,0,0.089104,1
1324,6,7,12,16,6,0,6,0.005685,1
1325,0,0,2,8,1,1,0,0.281069,0
1326,1,3,4,7,0,1,3,0.010496,1
1327,0,0,1,5,1,0,0,0.371394,0
1328,0,0,0,1,0,0,0,0.585012,0
1329,0,0,0,1,0,0,0,0.927881,0
1330,1,1,4,8,2,2,0,0.069658,1
1331,0,2,2,5,0,0,2,0.134629,1
1332,1,2,5,9,4,1,0,0.096781,1
1333,0,0,2,8,1,1,0,0.331702,0
1334,0,2,3,10,3,0,0,0.228049,0
1335,0,2,2,5,0,0,2,0.115886,1
1336,0,1,1,3,1,0,0,0.237077,0
1337,0,1,2,6,0,2,0,0.219104,0
1338,0,0,4,7,1,3,0,0.340991,0
1339,0,1,3,3,0,2,1,0.158255,1
1340,1,1,2,4,0,1,1,0.080230,1
1341,7,7,7,9,5,0,2,0.001760,1
1342,0,1,1,1,0,1,0,0.114808,1
1343,0,0,0,1,0,0,0,0.643678,0
1344,0,0,2,4,1,1,0,0.440141,0
1345,1,2,3,7,1,2,0,0.038537,1
1346,0,0,1,2,0,1,0,0.432679,0
1347,0,1,1,2,0,1,0,0.128366,1
1348,0,0,0,0,0,0,0,1.281277,0
1349,0,0,1,1,0,1,0,0.413076,0
1350,0,0,0,1,0,0,0,0.705345,0
1351,2,4,6,9,2,1,3,0.057559,1
1352,0,0,2,6,0,0,2,0.298200,0
1353,1,2,2,2,0,2,0,0.093904,1
1354,0,1,6,10,3,3,0,0.191813,0
1355,0,0,1,2,0,1,0,0.262260,0
1356,1,1,2,3,1,0,1,0.025191,1
1357,0,2,3,3,0,3,0,0.121774,1
1358,0,1,2,5,2,0,0,0.158742,1
1359,0,0,1,1,1,0,0,0.335627,0
1360,0,1,1,2,1,0,0,0.219487,0
1361,0,3,7,9,0,2,5,0.103549,1
1362,0,0,2,2,1,1,0,0.256724,0
1363,0,0,1,5,0,1,0,0.250533,0
1364,1,1,2,4,1,1,0,0.019032,1
1365,0,1,4,8,0,4,0,0.189272,0
1366,1,1,3,6,0,3,0,0.010716,1
1367,0,5,6,6,0,2,4,0.108994,1
1368,1,1,2,2,0,1,1,0.061091,1
1369,1,1,1,4,0,1,0,0.085935,1
1370,1,1,1,4,0,0,1,0.020374,1
1371,0,2,2,3,0,0,2,0.151309,1
1372,4,5,7,8,0,1,6,0.036587,1
1373,2,3,5,8,5,0,0,0.054750,1
1374,1,2,3,8,1,2,0,0.067202,1
1375,0,0,1,2,0,0,1,0.439683,0
1376,0,0,0,2,0,0,0,0.641274,0
1377,0,0,0,0,0,0,0,1.097161,0
1378,0,1,2,3,1,0,1,0.225644,0
1379,0,0,2,5,0,2,0,0.421703,0
1380,1,3,4,5,0,3,1,0.004068,1
1381,0,0,1,3,0,1,0,0.257151,0
1382,0,4,7,12,2,1,4,0.210197,0
1383,0,0,0,0,0,0,0,1.180781,0
1384,1,1,3,4,2,1,0,0.041522,1
1385,0,0,2,5,1,1,0,0.284039,0
1386,0,0,2,6,0,1,1,0.268417,0
1387,0,0,0,0,0,0,0,1.035510,0
1388,0,0,1,1,0,1,0,0.276562,0
1389,1,4,5,8,0,5,0,0.093317,1
1390,0,0,2,3,2,0,0,0.314525,0
1391,0,0,0,2,0,0,0,0.734525,0
1392,1,2,5,11,4,1,0,0.063576,1
1393,0,2,4,6,0,1,3,0.131027,1
1394,0,1,1,1,0,0,1,0.214552,0
1395,0,2,3,4,3,0,0,0.176320,0
1396,0,0,0,1,0,0,0,0.976316,0
1397,0,0,0,1,0,0,0,0.772947,0
1398,0,2,2,2,0,0,2,0.213332,0
1399,1,1,4,7,1,1,2,0.085179,1
1400,1,1,1,7,0,1,0,0.079422,1
1401,1,3,8,9,6,2,0,0.073383,1
1402,0,0,0,1,0,0,0,0.811787,0
1403,0,0,2,4,1,1,0,0.318155,0
1404,0,0,0,2,0,0,0,0.649276,0
1405,1,1,1,2,1,0,0,0.042670,1
1406,0,1,3,6,3,0,0,0.125266,1
1407,0,0,0,1,0,0,0,0.630886,0
1408,0,0,0,1,0,0,0,0.763889,0
1409,0,0,1,1,1,0,0,0.418828,0
1410,1,2,6,6,0,3,3,0.022291,1
1411,0,4,6,12,5,1,0,0.135860,1
1412,0,0,2,3,1,1,0,0.332760,0
1413,0,0,3,3,0,3,0,0.336215,0
1414,0,0,1,2,0,1,0,0.493560,0
1415,2,2,3,4,1,2,0,0.020789,1
1416,0,2,2,6,0,0,2,0.184691,0
1417,0,0,3,7,0,3,0,0.492215,0
1418,1,2,5,15,3,1,1,0.013797,1
1419,0,0,1,2,1,0,0,0.310091,0
1420,0,0,4,5,0,1,3,0.339545,0
1421,0,0,1,1,0,1,0,0.485674,0
1422,2,5,7,7,4,1,2,0.073354,1
1423,0,0,2,3,0,0,2,0.278586,0
1424,0,1,1,2,0,1,0,0.241410,0
1425,0,2,4,6,2,0,2,0.198212,0
1426,0,2,3,4,0,0,3,0.160285,1
1427,0,1,1,4,1,0,0,0.138558,1
1428,1,3,3,4,2,1,0,0.063369,1
1429,2,2,2,6,0,0,2,0.087285,1
1430,2,2,2,5,0,2,0,0.027992,1
1431,0,0,0,2,0,0,0,0.508572,0
1432,0,1,4,8,0,2,2,0.209619,0
1433,0,1,2,3,1,1,0,0.169089,1
1434,1,2,4,5,2,2,0,0.068434,1
1435,0,0,1,2,0,1,0,0.276572,0
1436,0,0,0,0,0,0,0,1.018852,0
1437,0,0,0,0,0,0,0,1.077770,0
1438,0,3,3,8,0,1,2,0.145998,1
1439,1,3,3,6,0,1,2,0.081336,1
1440,0,0,1,3,1,0,0,0.391028,0
1441,0,2,5,6,4,0,1,0.115573,1
1442,0,1,2,3,0,2,0,0.225299,0
1443,0,1,5,7,2,1,2,0.197108,0
1444,1,4,8,16,2,2,4,0.096872,1
1445,0,0,2,6,0,1,1,0.256170,0
1446,1,2,4,6,0,3,1,0.089677,1
1447,0,1,3,5,3,0,0,0.204863,0
1448,0,3,4,14,1,0,3,0.114830,1
1449,0,1,4,7,1,1,2,0.174906,0
1450,0,1,2,4,1,1,0,0.163594,1
1451,0,0,0,4,0,0,0,0.568167,0
1452,0,0,2,2,1,1,0,0.461666,0
1453,0,0,0,0,0,0,0,1.102431,0
1454,0,1,1,1,1,0,0,0.153671,1
1455,0,1,1,2,0,1,0,0.139312,1
1456,1,2,2,5,1,0,1,0.098750,1
1457,0,0,2,3,2,0,0,0.413181,0
1458,0,1,1,4,0,0,1,0.173634,1
1459,0,0,1,1,0,1,0,0.283919,0
1460,5,5,6,7,5,1,0,0.008582,1
1461,0,0,0,3,0,0,0,0.884913,0
1462,0,0,0,1,0,0,0,0.901412,0
1463,0,0,2,5,1,1,0,0.315059,0
1464,0,0,0,3,0,0,0,0.513612,0
1465,0,0,0,3,0,0,0,0.641209,0
1466,0,0,1,1,0,1,0,0.481345,0
1467,1,1,3,5,0,1,2,0.002786,1
1468,0,0,3,5,0,0,3,0.318512,0
1469,1,1,2,6,1,1,0,0.067734,1
1470,1,1,1,3,1,0,0,0.087483,1
1471,0,1,5,5,2,3,0,0.238209,0
1472,1,1,1,1,0,1,0,0.034375,1
1473,1,1,1,5,0,1,0,0.043080,1
1474,0,0,1,2,0,1,0,0.418568,0
1475,1,1,1,4,0,1,0,0.056651,1
1476,0,0,1,3,1,0,0,0.461759,0
1477,0,2,2,3,1,0,1,0.104941,1
1478,0,2,3,5,3,0,0,0.194550,0
1479,0,0,0,0,0,0,0,1.110025,0
1480,0,1,1,2,0,0,1,0.240742,0
1481,4,7,10,17,9,1,0,0.024218,1
1482,0,1,3,4,2,1,0,0.151177,1
1483,1,1,5,6,2,3,0,0.016164,1
1484,0,0,0,2,0,0,0,0.731335,0
1485,0,0,0,2,0,0,0,0.596735,0
1486,0,0,3,6,1,0,2,0.314537,0
1487,1,1,2,5,2,0,0,0.062520,1
1488,0,0,0,5,0,0,0,0.768235,0
1489,1,1,1,6,0,0,1,0.039707,1
1490,0,0,0,2,0,0,0,0.517886,0
1491,0,0,2,3,1,0,1,0.265738,0
1492,1,2,2,3,1,1,0,0.032560,1
1493,0,0,1,3,0,1,0,0.288177,0
1494,0,0,0,1,0,0,0,0.513137,0
1495,1,1,1,4,0,1,0,0.016226,1
1496,2,2,3,3,0,2,1,0.010410,1
1497,0,1,1,4,0,1,0,0.108021,1
1498,1,2,3,4,1,1,1,0.065756,1
1499,1,4,5,7,4,1,0,0.060454,1
1500,0,0,0,3,0,0,0,0.567654,0
1501,0,1,5,8,0,2,3,0.228091,0
1502,0,1,1,1,0,1,0,0.130167,1
1503,1,2,2,4,1,0,1,0.094202,1
1504,0,2,2,4,1,1,0,0.107289,1
1505,0,0,0,0,0,0,0,1.140556,0
1506,0,2,4,4,3,1,0,0.140105,1
1507,0,0,0,2,0,0,0,0.603993,0
1508,2,2,2,3,1,1,0,0.068187,1
1509,0,0,0,2,0,0,0,0.629803,0
1510,0,0,1,5,0,0,1,0.364073,0
1511,1,1,3,6,3,0,0,0.063839,1
1512,0,0,0,0,0,0,0,1.318843,0
1513,0,0,0,2,0,0,0,0.510672,0
1514,1,1,3,6,2,1,0,0.036439,1
1515,0,0,2,8,1,1,0,0.258358,0
1516,2,3,3,5,3,0,0,0.059106,1
1517,0,1,2,3,0,1,1,0.221198,0
1518,1,1,3,8,2,1,0,0.007590,1
1519,1,1,3,3,0,3,0,0.056873,1
1520,0,0,0,2,0,0,0,0.532634,0
1521,0,0,0,3,0,0,0,0.612184,0
1522,0,1,3,3,1,0,2,0.248704,0
1523,0,0,2,4,1,1,0,0.442651,0
1524,0,0,2,2,0,2,0,0.260205,0
1525,1,1,1,2,0,0,1,0.032464,1
1526,0,1,2,8,1,1,0,0.203281,0
1527,0,3,4,6,0,2,2,0.113680,1
1528,0,0,0,3,0,0,0,0.758587,0
1529,0,0,0,7,0,0,0,0.560988,0
1530,1,3,4,8,3,1,0,0.040854,1
1531,0,0,1,6,1,0,0,0.492003,0
1532,0,0,2,3,2,0,0,0.415644,0
1533,0,0,2,2,0,0,2,0.383367,0
1534,0,0,2,5,1,1,0,0.273091,0
1535,1,3,6,6,1,1,4,0.063909,1
1536,2,6,7,7,0,2,5,0.078961,1
1537,0,0,0,1,0,0,0,0.706771,0
1538,1,1,1,2,0,1,0,0.009016,1
1539,0,1,1,5,0,1,0,0.159107,1
1540,0,2,5,5,5,0,0,0.107632,1
1541,1,3,3,7,0,2,1,0.024746,1
1542,0,1,1,3,0,1,0,0.226316,0
1543,1,2,4,7,1,0,3,0.012364,1
1544,0,1,1,2,0,1,0,0.236786,0
1545,0,0,1,5,1,0,0,0.296099,0
1546,0,0,0,0,0,0,0,1.435030,0
1547,0,0,2,7,1,1,0,0.456134,0
1548,0,1,1,4,0,1,0,0.142090,1
1549,0,0,0,1,0,0,0,0.527054,0
1550,0,0,0,3,0,0,0,0.735188,0
1551,0,0,2,3,2,0,0,0.453128,0
1552,0,0,0,2,0,0,0,0.699724,0
1553,5,6,9,14,0,4,5,0.043004,1
1554,0,1,1,4,0,1,0,0.196667,0
1555,5,8,12,17,7,1,4,0.010998,1
1556,0,0,1,11,1,0,0,0.391136,0
1557,0,0,0,5,0,0,0,0.649618,0
1558,0,0,0,4,0,0,0,0.525807,0
1559,0,0,0,4,0,0,0,0.508679,0
1560,1,1,1,1,0,1,0,0.001580,1
1561,0,1,1,3,1,0,0,0.224365,0
1562,1,1,3,3,0,3,0,0.076410,1
1563,1,2,3,4,1,2,0,0.054297,1
1564,0,1,3,6,3,0,0,0.120348,1
1565,0,0,0,1,0,0,0,0.943538,0
1566,0,0,0,0,0,0,0,1.236602,0
1567,0,0,2,3,0,1,1,0.424588,0
1568,0,0,0,2,0,0,0,0.615135,0
1569,1,4,6,10,1,1,4,0.000855,1
1570,0,4,6,8,5,1,0,0.210512,0
1571,0,0,0,2,0,0,0,0.883585,0
1572,0,2,3,6,0,1,2,0.133497,1
1573,1,1,3,7,0,3,0,0.097671,1
1574,1,4,5,7,5,0,0,0.069626,1
1575,0,0,2,2,0,1,1,0.258891,0
1576,0,3,6,7,3,1,2,0.108221,1
1577,0,0,0,7,0,0,0,0.505526,0
1578,0,1,2,4,0,1,1,0.210706,0
1579,0,0,3,4,0,3,0,0.463628,0
1580,1,1,1,4,1,0,0,0.083385,1
1581,1,2,2,6,2,0,0,0.098878,1
1582,0,0,0,0,0,0,0,1.032258,0
1583,1,1,2,4,1,1,0,0.008614,1
1584,0,1,1,2,0,1,0,0.210201,0
1585,0,0,2,3,2,0,0,0.264989,0
1586,0,0,1,6,0,1,0,0.370180,0
1587,1,1,1,4,0,1,0,0.055609,1
1588,3,3,3,5,3,0,0,0.041861,1
1589,0,1,1,6,0,1,0,0.115561,1
1590,2,6,6,6,0,0,6,0.007900,1
1591,0,0,0,0,0,0,0,1.758242,0
1592,0,0,0,3,0,0,0,0.866315,0
1593,0,0,0,4,0,0,0,0.570063,0
1594,0,5,7,12,4,1,2,0.151958,1
1595,0,0,1,1,1,0,0,0.461809,0
1596,0,2,2,4,2,0,0,0.143465,1
1597,0,4,7,9,4,3,0,0.175479,0
1598,1,1,2,3,1,1,0,0.078868,1
1599,0,0,0,3,0,0,0,0.815962,0
1600,1,1,1,2,1,0,0,0.039753,1
1601,2,2,3,5,0,3,0,0.036822,1
1602,0,3,9,13,8,1,0,0.152108,1
1603,0,1,3,8,3,0,0,0.209021,0
1604,0,0,2,8,2,0,0,0.323744,0
1605,0,0,3,8,1,2,0,0.360589,0
1606,1,1,2,6,0,1,1,0.010373,1
1607,3,5,6,8,5,1,0,0.027938,1
1608,0,0,3,6,2,0,1,0.270539,0
1609,0,0,1,4,1,0,0,0.488741,0
1610,0,1,3,8,0,2,1,0.194965,0
1611,1,2,3,7,1,1,1,0.006115,1
1612,0,2,2,3,2,0,0,0.179496,0
1613,0,0,0,0,0,0,0,1.203252,0
1614,0,0,0,0,0,0,0,1.303257,0
1615,0,0,0,1,0,0,0,0.751631,0
1616,0,1,2,3,0,2,0,0.111063,1
1617,0,0,0,0,0,0,0,1.102323,0
1618,0,1,2,4,0,1,1,0.183240,0
1619,0,0,4,7,0,2,2,0.353355,0
1620,0,1,2,3,0,1,1,0.110302,1
1621,0,0,1,1,1,0,0,0.429210,0
1622,1,2,6,7,5,1,0,0.080061,1
1623,3,5,6,8,1,0,5,0.061431,1
1624,0,0,0,1,0,0,0,0.788457,0
1625,0,0,1,1,0,1,0,0.332784,0
1626,1,1,2,5,1,1,0,0.071038,1
1627,0,0,2,3,0,2,0,0.447466,0
1628,0,0,1,2,1,0,0,0.289363,0
1629,0,0,0,0,0,0,0,1.587906,0
1630,1,1,2,6,0,1,1,0.072954,1
1631,0,0,0,0,0,0,0,1.381393,0
1632,3,5,5,6,0,0,5,0.013390,1
1633,0,0,2,9,1,1,0,0.308500,0
1634,0,0,0,2,0,0,0,0.695954,0
1635,1,2,4,5,1,3,0,0.060478,1
1636,0,1,3,8,2,1,0,0.130100,1
1637,0,1,3,8,3,0,0,0.242009,0
1638,0,1,2,5,1,1,0,0.119653,1
1639,0,0,3,4,0,3,0,0.287996,0
1640,0,0,4,7,1,3,0,0.357243,0
1641,0,0,0,3,0,0,0,0.672376,0
1642,0,0,0,1,0,0,0,0.641769,0
1643,1,3,6,10,0,1,5,0.062480,1
1644,4,4,7,9,3,2,2,0.000697,1
1645,0,0,3,5,0,2,1,0.271303,0
1646,0,1,1,2,0,1,0,0.127914,1
1647,0,0,0,1,0,0,0,0.800157,0
1648,0,2,2,5,2,0,0,0.124900,1
1649,0,1,4,7,2,0,2,0.107242,1
1650,0,1,3,6,1,1,1,0.205030,0
1651,2,2,4,6,1,3,0,0.073414,1
1652,1,1,1,3,0,1,0,0.094733,1
1653,1,1,1,2,1,0,0,0.067839,1
1654,0,0,0,0,0,0,0,1.036964,0
1655,2,3,7,8,0,1,6,0.053214,1
1656,0,0,1,1,1,0,0,0.489525,0
1657,0,0,2,2,0,2,0,0.268769,0
1658,0,1,5,9,2,3,0,0.199941,0
1659,0,1,5,7,1,4,0,0.229545,0
1660,0,0,5,10,1,1,3,0.257656,0
1661,0,0,0,1,0,0,0,0.790172,0
1662,0,2,4,10,0,0,4,0.182895,0
1663,1,1,1,2,1,0,0,0.053555,1
1664,1,2,3,4,1,2,0,0.034635,1
1665,0,3,5,6,5,0,0,0.131329,1
1666,1,2,3,5,2,1,0,0.004432,1
1667,0,1,3,5,3,0,0,0.222494,0
1668,0,1,4,5,0,1,3,0.186193,0
1669,0,0,1,4,0,0,1,0.470330,0
1670,1,1,2,4,1,1,0,0.074570,1
1671,0,0,1,4,0,1,0,0.494138,0
1672,0,2,3,5,0,3,0,0.182823,0
1673,0,0,2,3,0,0,2,0.280414,0
1674,1,1,1,5,0,1,0,0.096589,1
1675,0,1,2,3,1,1,0,0.234052,0
1676,1,1,3,9,1,2,0,0.078917,1
1677,2,3,6,7,1,3,2,0.041456,1
1678,0,1,3,6,3,0,0,0.137506,1
1679,0,0,2,3,2,0,0,0.366935,0
1680,0,1,3,12,2,1,0,0.210473,0
1681,0,0,2,3,0,0,2,0.318890,0
1682,0,1,3,7,2,1,0,0.203887,0
1683,1,1,1,2,1,0,0,0.066777,1
1684,0,1,4,7,4,0,0,0.176214,0
1685,0,0,0,1,0,0,0,0.799738,0
1686,0,0,0,3,0,0,0,0.702003,0
1687,0,0,0,3,0,0,0,0.531819,0
1688,0,4,6,12,3,3,0,0.107205,1
1689,0,3,6,12,2,1,3,0.138844,1
1690,1,1,1,3,1,0,0,0.054246,1
1691,1,1,2,3,1,0,1,0.094107,1
1692,0,1,6,9,4,2,0,0.116690,1
1693,0,0,4,8,1,2,1,0.374745,0
1694,0,1,2,3,0,1,1,0.194730,0
1695,2,4,5,10,2,0,3,0.044416,1
1696,2,2,3,6,1,2,0,0.072616,1
1697,0,1,1,3,0,1,0,0.230253,0
1698,0,0,0,1,0,0,0,0.898914,0
1699,0,2,2,4,0,2,0,0.238901,0
1700,0,0,1,3,1,0,0,0.259376,0
1701,1,1,2,3,0,1,1,0.012762,1
1702,0,0,0,3,0,0,0,0.603352,0
1703,0,0,0,1,0,0,0,0.718571,0
1704,0,1,2,3,0,1,1,0.238530,0
1705,2,3,4,5,3,1,0,0.016818,1
1706,0,1,3,3,2,1,0,0.122008,1
1707,0,0,0,1,0,0,0,0.514274,0
1708,0,0,3,4,2,0,1,0.406377,0
1709,0,1,5,9,0,1,4,0.106821,1
1710,0,0,1,5,0,1,0,0.435045,0
1711,0,0,0,0,0,0,0,1.174665,0
1712,3,5,6,6,6,0,0,0.031936,1
1713,0,0,0,4,0,0,0,0.636091,0
1714,1,1,2,2,1,1,0,0.018663,1
1715,0,2,6,9,4,2,0,0.198385,0
1716,0,0,0,0,0,0,0,1.347127,0
1717,0,0,0,0,0,0,0,1.176227,0
1718,1,2,3,6,1,0,2,0.050446,1
1719,1,2,4,5,3,1,0,0.019531,1
1720,1,4,5,6,3,2,0,0.099375,1
1721,3,3,3,7,0,0,3,0.019789,1
1722,1,4,5,8,5,0,0,0.045063,1
1723,0,0,2,2,1,1,0,0.282650,0
1724,0,1,1,3,1,0,0,0.156179,1
1725,0,0,0,2,0,0,0,0.635679,0
1726,1,1,1,1,0,0,1,0.024928,1
1727,0,0,0,3,0,0,0,0.520619,0
1728,1,1,2,3,2,0,0,0.051823,1
1729,1,2,2,4,0,2,0,0.011195,1
1730,0,0,0,3,0,0,0,0.642195,0
1731,0,0,0,1,0,0,0,0.612205,0
1732,0,1,1,2,0,1,0,0.149654,1
1733,1,1,1,1,0,1,0,0.053994,1
1734,0,0,0,0,0,0,0,2.124456,0
1735,0,0,1,5,1,0,0,0.305553,0
1736,0,1,1,7,0,1,0,0.107283,1
1737,1,1,4,7,1,0,3,0.008673,1
1738,0,0,0,2,0,0,0,0.580839,0
1739,1,1,5,7,0,5,0,0.024010,1
1740,0,0,0,0,0,0,0,1.224083,0
1741,0,2,2,3,2,0,0,0.126852,1
1742,0,2,2,2,0,2,0,0.186816,0
1743,0,1,3,4,2,0,1,0.101997,1
1744,0,0,0,1,0,0,0,0.810745,0
1745,1,1,1,5,1,0,0,0.060626,1
1746,1,1,1,3,0,1,0,0.045327,1
1747,1,1,1,4,0,1,0,0.034024,1
1748,0,0,1,1,0,1,0,0.393384,0
1749,1,2,2,2,1,0,1,0.076306,1
1750,1,1,1,2,1,0,0,0.038659,1
1751,0,1,1,3,0,1,0,0.119292,1
1752,0,4,5,8,0,2,3,0.189101,0
1753,0,0,2,5,0,2,0,0.254273,0
1754,0,1,2,4,2,0,0,0.197213,0
1755,0,0,0,2,0,0,0,0.530194,0
1756,0,3,3,7,0,0,3,0.108481,1
1757,1,1,2,3,2,0,0,0.090476,1
1758,0,2,2,7,1,0,1,0.165293,1
1759,0,0,1,6,1,0,0,0.418207,0
1760,6,6,7,15,3,4,0,0.003794,1
1761,1,1,2,4,0,2,0,0.014330,1
1762,0,0,0,2,0,0,0,0.778140,0
1763,0,0,0,2,0,0,0,0.716283,0
1764,0,0,1,5,0,1,0,0.266045,0
1765,0,0,1,1,0,1,0,0.467471,0
1766,0,2,2,2,0,2,0,0.156826,1
1767,0,1,1,5,0,1,0,0.115738,1
1768,0,0,1,2,0,1,0,0.274647,0
1769,1,1,3,6,1,1,1,0.018711,1
1770,0,1,2,5,0,1,1,0.201810,0
1771,0,1,1,5,0,1,0,0.226474,0
1772,1,1,3,3,1,2,0,0.073310,1
1773,0,0,4,7,3,1,0,0.252352,0
1774,0,0,4,11,0,1,3,0.348306,0
1775,0,0,0,1,0,0,0,0.594840,0
1776,0,1,3,6,3,0,0,0.186903,0
1777,0,0,0,3,0,0,0,0.578564,0
1778,0,1,2,7,0,2,0,0.120755,1
1779,0,0,1,3,0,1,0,0.393389,0
1780,0,1,2,4,1,1,0,0.217785,0
1781,0,0,1,1,1,0,0,0.346982,0
1782,2,4,4,7,3,1,0,0.064559,1
1783,2,4,5,8,1,1,3,0.049560,1
1784,0,0,1,1,1,0,0,0.487724,0
1785,0,0,4,5,0,2,2,0.333196,0
1786,0,4,4,9,0,0,4,0.120354,1
1787,0,0,2,3,1,1,0,0.272740,0
1788,0,1,1,6,1,0,0,0.244536,0
1789,0,1,1,1,0,1,0,0.126093,1
1790,0,1,1,1,0,1,0,0.212630,0
1791,0,0,3,4,1,1,1,0.298789,0
1792,1,3,6,11,6,0,0,0.071019,1
1793,0,0,2,2,1,0,1,0.437764,0
1794,0,0,0,2,0,0,0,0.521148,0
1795,0,0,1,4,0,1,0,0.285932,0
1796,0,2,4,9,1,1,2,0.193453,0
1797,0,0,0,5,0,0,0,0.540856,0
1798,1,1,1,4,1,0,0,0.001278,1
1799,0,1,1,1,1,0,0,0.153639,1
1800,0,1,2,3,1,1,0,0.142647,1
1801,0,1,3,5,3,0,0,0.212498,0
1802,0,0,0,0,0,0,0,1.213046,0
1803,0,0,1,1,0,0,1,0.252585,0
1804,0,0,0,1,0,0,0,0.610062,0
1805,0,0,0,1,0,0,0,0.663627,0
1806,1,2,2,3,0,1,1,0.022626,1
1807,0,0,1,2,1,0,0,0.376792,0
1808,0,1,4,5,3,1,0,0.169574,1
1809,0,1,1,2,1,0,0,0.133684,1
1810,0,0,0,1,0,0,0,0.835945,0
1811,0,0,0,0,0,0,0,2.667483,0
1812,0,0,0,5,0,0,0,0.913271,0
1813,0,1,1,4,1,0,0,0.249210,0
1814,0,0,0,1,0,0,0,0.585779,0
1815,0,1,2,5,0,2,0,0.183246,0
1816,2,2,3,3,0,1,2,0.050443,1
1817,0,2,6,10,6,0,0,0.150164,1
1818,1,5,6,11,1,1,4,0.099904,1
1819,0,0,1,1,0,1,0,0.486121,0
1820,0,3,3,9,0,0,3,0.242831,0
1821,0,1,1,3,0,0,1,0.114133,1
1822,0,0,0,1,0,0,0,0.783576,0
1823,0,0,0,1,0,0,0,0.687815,0
1824,0,0,2,2,2,0,0,0.250492,0
1825,0,0,0,1,0,0,0,0.873554,0
1826,4,4,4,8,0,0,4,0.001748,1
1827,0,0,0,2,0,0,0,0.676205,0
1828,0,0,1,5,1,0,0,0.404500,0
1829,0,1,1,2,0,1,0,0.189243,0
1830,0,0,2,6,1,1,0,0.354442,0
1831,0,0,1,3,0,0,1,0.255288,0
1832,0,0,0,3,0,0,0,0.513899,0
1833,0,0,1,1,1,0,0,0.330605,0
1834,0,0,2,3,0,0,2,0.377191,0
1835,1,2,2,4,2,0,0,0.072089,1
1836,0,0,0,0,0,0,0,1.308351,0
1837,1,3,7,10,7,0,0,0.067915,1
1838,1,3,3,5,0,1,2,0.056722,1
1839,1,1,3,8,3,0,0,0.009642,1
1840,0,0,0,2,0,0,0,0.530957,0
1841,0,0,0,4,0,0,0,0.667174,0
1842,0,0,0,1,0,0,0,0.659766,0
1843,1,1,2,5,1,1,0,0.097275,1
1844,0,0,0,2,0,0,0,0.515790,0
1845,0,0,1,4,1,0,0,0.368169,0
1846,0,1,2,5,2,0,0,0.174925,0
1847,0,2,2,5,1,0,1,0.124494,1
1848,0,1,1,3,0,1,0,0.139128,1
1849,0,2,2,3,2,0,0,0.173661,1
1850,0,0,1,1,0,1,0,0.328620,0
1851,1,2,2,2,1,1,0,0.001479,1
1852,0,0,3,6,0,2,1,0.382540,0
1853,0,0,1,2,0,1,0,0.425494,0
1854,0,0,1,2,0,1,0,0.315026,0
1855,1,2,4,10,2,1,1,0.083485,1
1856,1,1,2,4,1,1,0,0.050198,1
1857,1,1,3,6,0,3,0,0.095671,1
1858,0,0,0,3,0,0,0,0.510667,0
1859,2,2,4,5,2,2,0,0.069065,1
1860,0,0,0,3,0,0,0,0.545339,0
1861,2,2,2,6,0,0,2,0.070010,1
1862,0,1,5,8,2,1,2,0.112192,1
1863,0,1,5,8,1,3,1,0.232642,0
1864,0,1,3,4,3,0,0,0.246053,0
1865,0,0,1,2,0,1,0,0.258376,0
1866,0,0,0,0,0,0,0,1.620150,0
1867,0,0,0,0,0,0,0,1.075078,0
1868,0,2,2,4,2,0,0,0.174676,0
1869,1,1,1,2,0,1,0,0.024129,1
1870,1,1,1,5,0,0,1,0.032204,1
1871,0,0,0,2,0,0,0,0.556473,0
1872,0,2,2,2,1,1,0,0.173425,1
1873,0,1,2,4,2,0,0,0.233185,0
1874,0,1,1,3,0,1,0,0.183258,0
1875,0,0,3,4,3,0,0,0.284839,0
1876,0,1,1,2,0,1,0,0.168017,1
1877,0,0,1,4,0,0,1,0.281541,0
1878,0,0,0,0,0,0,0,2.345480,0
1879,0,2,4,6,3,0,1,0.170807,1
1880,1,2,2,3,2,0,0,0.088004,1
1881,1,1,1,7,0,1,0,0.048763,1
1882,0,0,2,3,2,0,0,0.344205,0
1883,2,8,8,8,3,0,5,0.043023,1
1884,0,1,1,4,0,1,0,0.227856,0
1885,0,0,1,7,0,1,0,0.303308,0
1886,0,0,2,3,2,0,0,0.349407,0
1887,0,0,2,4,0,0,2,0.320305,0
1888,0,1,4,4,0,2,2,0.239453,0
1889,1,1,2,6,2,0,0,0.010616,1
1890,0,1,2,2,1,0,1,0.135488,1
1891,1,3,4,4,4,0,0,0.047403,1
1892,1,4,6,8,0,6,0,0.068522,1
1893,0,0,0,2,0,0,0,0.871464,0
1894,0,0,0,0,0,0,0,1.050920,0
1895,0,2,2,4,0,0,2,0.103006,1
1896,0,2,2,7,0,2,0,0.228046,0
1897,0,0,1,4,1,0,0,0.454241,0
1898,0,0,0,5,0,0,0,0.749371,0
1899,0,0,3,9,2,1,0,0.253863,0
1900,0,4,8,12,6,1,1,0.149514,1
1901,2,5,5,7,2,0,3,0.012539,1
1902,0,0,0,0,0,0,0,1.548342,0
1903,0,1,1,1,0,1,0,0.191555,0
1904,0,0,2,3,0,2,0,0.291194,0
1905,0,0,0,3,0,0,0,0.723292,0
1906,0,4,5,10,2,1,2,0.124046,1
1907,0,0,2,3,2,0,0,0.309599,0
1908,2,2,3,4,2,1,0,0.027214,1
1909,0,0,1,4,1,0,0,0.357769,0
1910,0,0,1,2,0,1,0,0.447106,0
1911,0,3,3,3,2,1,0,0.100115,1
1912,1,1,1,5,0,1,0,0.049415,1
1913,1,1,2,2,1,1,0,0.051312,1
1914,0,0,1,4,0,1,0,0.382791,0
1915,0,0,2,9,1,0,1,0.444621,0
1916,4,4,7,15,5,1,1,0.004664,1
1917,0,0,0,1,0,0,0,0.775927,0
1918,0,1,1,1,0,1,0,0.127570,1
1919,0,0,2,3,1,1,0,0.424288,0
1920,0,1,3,3,0,2,1,0.236243,0
1921,0,0,0,1,0,0,0,0.832629,0
1922,2,2,3,8,1,2,0,0.077919,1
1923,0,0,1,5,1,0,0,0.360390,0
1924,1,1,1,2,0,1,0,0.068285,1
1925,0,2,5,6,4,1,0,0.242821,0
1926,0,0,1,2,0,1,0,0.281615,0
1927,0,0,2,6,1,0,1,0.413747,0
1928,0,1,1,2,0,1,0,0.238468,0
1929,0,1,2,5,0,0,2,0.208532,0
1930,1,3,3,3,1,0,2,0.026677,1
1931,1,1,2,5,1,1,0,0.063003,1
1932,0,0,2,2,2,0,0,0.335015,0
1933,0,0,1,3,0,1,0,0.321853,0
1934,0,1,1,2,1,0,0,0.135519,1
1935,0,0,1,1,1,0,0,0.383951,0
1936,0,0,1,3,1,0,0,0.447639,0
1937,0,0,1,4,0,1,0,0.284748,0
1938,0,0,2,4,1,1,0,0.272431,0
1939,0,0,0,3,0,0,0,0.779454,0
1940,0,0,0,2,0,0,0,0.932017,0
1941,0,0,1,3,0,1,0,0.395740,0
1942,0,0,0,1,0,0,0,0.748343,0
1943,0,2,6,9,1,1,4,0.142931,1
1944,0,0,1,4,0,0,1,0.391249,0
1945,0,0,1,4,1,0,0,0.422030,0
1946,0,0,0,0,0,0,0,1.083702,0
1947,0,0,4,8,4,0,0,0.280088,0
1948,0,0,0,1,0,0,0,0.688423,0
1949,0,0,0,0,0,0,0,1.019118,0
1950,0,3,4,6,2,2,0,0.118078,1
1951,0,1,3,3,0,3,0,0.171234,1
1952,2,2,2,6,0,2,0,0.064844,1
1953,1,1,2,2,0,2,0,0.055381,1
1954,0,3,4,8,0,2,2,0.137063,1
1955,0,0,0,2,0,0,0,0.500465,0
1956,2,3,4,8,0,3,1,0.019898,1
1957,0,1,1,1,0,1,0,0.107904,1
1958,0,1,2,5,1,1,0,0.154705,1
1959,0,0,0,2,0,0,0,0.519883,0
1960,0,0,2,6,1,0,1,0.278882,0
1961,0,0,0,1,0,0,0,0.686311,0
1962,0,0,0,3,0,0,0,0.654692,0
1963,0,2,2,6,0,0,2,0.129357,1
1964,0,0,1,3,1,0,0,0.374535,0
1965,0,0,1,1,0,1,0,0.328158,0
1966,0,0,4,9,2,2,0,0.311185,0
1967,0,2,5,6,3,2,0,0.135400,1
1968,0,0,0,3,0,0,0,0.724700,0
1969,2,2,2,3,1,1,0,0.024440,1
1970,1,2,3,4,2,1,0,0.037456,1
1971,0,0,1,1,0,0,1,0.284822,0
1972,3,5,5,10,1,0,4,0.037988,1
1973,0,1,1,2,1,0,0,0.241753,0
1974,0,2,5,8,5,0,0,0.204422,0
1975,0,0,0,1,0,0,0,0.750633,0
1976,0,0,1,2,1,0,0,0.397517,0
1977,0,0,6,6,0,3,3,0.385260,0
1978,2,2,2,2,2,0,0,0.013315,1
1979,0,0,0,1,0,0,0,0.649511,0
1980,0,0,1,7,0,0,1,0.452516,0
1981,1,2,5,8,1,3,1,0.024038,1
1982,0,1,2,8,1,0,1,0.182067,0
1983,1,2,4,7,1,1,2,0.086896,1
1984,0,0,3,4,1,2,0,0.343819,0
1985,0,3,4,7,0,2,2,0.166992,1
1986,0,0,0,2,0,0,0,0.605000,0
1987,0,0,2,3,0,1,1,0.265990,0
1988,0,0,1,2,1,0,0,0.302072,0
1989,0,0,1,1,1,0,0,0.273390,0
1990,1,2,3,8,2,1,0,0.068578,1
1991,0,0,2,3,2,0,0,0.278305,0
1992,1,1,2,2,0,2,0,0.064006,1
1993,0,0,1,1,1,0,0,0.332318,0
1994,0,0,1,2,1,0,0,0.371418,0
1995,2,2,7,10,1,2,4,0.021178,1
1996,4,4,4,6,0,0,4,0.029823,1
1997,0,2,3,7,0,3,0,0.116584,1
1998,0,0,0,5,0,0,0,0.584289,0
1999,0,0,2,8,0,0,2,0.451007,0
2000,0,0,1,2,0,1,0,0.431231,0
2001,0,1,3,11,3,0,0,0.193262,0
2002,0,0,1,10,1,0,0,0.451268,0
2003,1,1,2,6,0,1,1,0.008480,1
2004,1,1,1,4,0,1,0,0.035448,1
2005,0,1,4,7,0,2,2,0.201199,0
2006,0,3,6,28,0,3,3,0.127252,1
2007,0,1,3,8,1,2,0,0.190271,0
2008,1,1,3,3,2,1,0,0.036424,1
2009,0,1,1,2,0,1,0,0.197283,0
2010,0,0,1,2,0,1,0,0.390561,0
2011,0,0,0,2,0,0,0,0.940336,0
2012,1,1,2,5,1,1,0,0.010610,1
2013,0,1,1,4,0,1,0,0.218490,0
2014,1,1,1,3,1,0,0,0.029649,1
2015,0,0,0,0,0,0,0,1.335979,0
2016,1,1,1,2,1,0,0,0.045336,1
2017,0,0,0,3,0,0,0,0.614825,0
2018,0,0,0,1,0,0,0,0.591050,0
2019,1,2,3,5,3,0,0,0.092188,1
2020,0,0,0,0,0,0,0,1.625528,0
2021,0,1,1,1,0,0,1,0.137931,1
2022,1,3,5,10,2,0,3,0.026246,1
2023,0,0,0,2,0,0,0,0.522427,0
2024,0,0,1,1,0,1,0,0.411733,0
2025,0,0,0,0,0,0,0,1.774716,0
2026,0,1,2,2,1,1,0,0.149803,1
2027,0,0,1,6,1,0,0,0.371279,0
2028,0,0,1,4,0,1,0,0.393172,0
2029,0,0,0,1,0,0,0,0.546512,0
2030,0,0,1,6,0,1,0,0.429343,0
2031,1,2,3,5,1,2,0,0.086277,1
2032,0,2,5,6,1,4,0,0.165673,1
2033,1,3,7,10,6,1,0,0.047901,1
2034,0,0,1,2,0,1,0,0.388937,0
2035,3,7,9,12,6,3,0,0.052143,1
2036,0,1,2,4,0,2,0,0.115833,1
2037,1,4,5,7,0,3,2,0.030036,1
2038,3,5,5,7,5,0,0,0.019872,1
2039,0,0,1,2,1,0,0,0.293727,0
2040,1,1,1,5,0,1,0,0.068596,1
2041,0,1,1,3,0,1,0,0.240623,0
2042,0,0,1,6,0,0,1,0.395326,0
2043,1,2,2,3,1,1,0,0.051238,1
2044,0,0,0,3,0,0,0,0.651110,0
2045,0,0,4,7,0,1,3,0.256148,0
2046,0,0,0,4,0,0,0,0.562441,0
2047,0,1,3,6,0,2,1,0.144592,1
2048,0,1,1,3,0,1,0,0.225836,0
2049,0,3,4,6,2,0,2,0.121266,1
2050,0,3,4,6,0,1,3,0.207876,0
2051,0,0,1,3,0,1,0,0.345765,0
2052,0,0,2,4,0,2,0,0.270137,0
2053,0,0,1,2,0,0,1,0.274343,0
2054,0,0,2,2,2,0,0,0.300417,0
2055,0,0,1,3,1,0,0,0.463506,0
2056,0,0,0,2,0,0,0,0.589013,0
2057,1,1,1,2,0,0,1,0.068583,1
2058,1,1,2,3,0,2,0,0.085527,1
2059,0,0,0,2,0,0,0,0.629505,0
2060,0,0,1,7,0,0,1,0.449320,0
2061,0,1,3,6,0,1,2,0.122503,1
2062,0,0,1,2,0,1,0,0.286104,0
2063,0,1,3,5,0,2,1,0.159137,1
2064,0,1,2,6,0,1,1,0.192878,0
2065,0,0,0,0,0,0,0,1.301755,0
2066,0,0,1,3,0,1,0,0.328690,0
2067,1,2,3,8,1,1,1,0.050223,1
2068,0,1,3,8,0,2,1,0.235462,0
2069,0,1,2,3,0,1,1,0.116935,1
2070,2,2,2,4,2,0,0,0.059385,1
2071,3,3,4,7,1,0,3,0.090796,1
2072,0,1,4,5,4,0,0,0.204484,0
2073,2,2,2,4,2,0,0,0.053825,1
2074,2,10,16,20,15,1,0,0.048151,1
2075,0,2,4,4,0,1,3,0.118401,1
2076,0,0,0,7,0,0,0,0.507611,0
2077,0,0,0,2,0,0,0,0.722396,0
2078,0,0,2,5,1,0,1,0.320631,0
2079,0,0,0,3,0,0,0,0.867994,0
2080,0,2,2,2,0,2,0,0.145066,1
2081,1,2,2,6,1,1,0,0.066677,1
2082,0,1,3,4,1,2,0,0.139631,1
2083,0,0,2,2,0,0,2,0.411217,0
2084,0,2,6,10,2,2,2,0.128757,1
2085,1,2,2,7,0,1,1,0.067775,1
2086,0,0,3,7,2,1,0,0.257952,0
2087,0,1,6,7,1,5,0,0.104365,1
2088,0,0,1,3,0,0,1,0.289481,0
2089,0,1,2,7,2,0,0,0.246840,0
2090,0,2,2,3,2,0,0,0.159090,1
2091,0,2,3,5,3,0,0,0.102937,1
2092,0,0,1,4,0,1,0,0.335956,0
2093,0,0,0,4,0,0,0,0.572356,0
2094,2,5,8,12,0,7,1,0.033746,1
2095,0,0,2,2,0,1,1,0.255708,0
2096,0,1,1,2,0,1,0,0.125782,1
2097,0,0,2,6,2,0,0,0.354873,0
2098,0,0,1,3,0,1,0,0.422460,0
2099,0,4,6,6,2,4,0,0.195518,0
2100,0,1,2,8,1,0,1,0.156029,1
2101,0,0,3,6,0,2,1,0.334588,0
2102,0,0,0,3,0,0,0,0.575588,0
2103,0,0,0,2,0,0,0,0.668444,0
2104,0,0,2,2,2,0,0,0.305851,0
2105,0,0,2,6,1,1,0,0.275002,0
2106,0,0,0,1,0,0,0,0.831206,0
2107,0,0,1,3,0,1,0,0.317172,0
2108,0,0,0,4,0,0,0,0.640030,0
2109,0,0,2,4,0,0,2,0.313397,0
2110,0,0,0,1,0,0,0,0.740669,0
2111,4,5,5,8,4,1,0,0.017439,1
2112,0,1,1,2,0,0,1,0.143622,1
2113,0,0,0,2,0,0,0,0.602444,0
2114,0,0,0,1,0,0,0,0.837257,0
2115,2,3,4,11,3,0,1,0.066718,1
2116,0,0,0,0,0,0,0,1.050173,0
2117,0,1,1,2,1,0,0,0.209379,0
2118,0,0,1,2,0,1,0,0.386933,0
2119,4,5,7,9,4,2,1,0.018002,1
2120,0,1,3,3,2,1,0,0.237047,0
2121,2,3,9,13,9,0,0,0.018497,1
2122,1,1,1,1,0,1,0,0.003918,1
2123,2,5,6,12,1,0,5,0.024751,1
2124,0,0,0,0,0,0,0,1.006493,0
2125,0,0,0,2,0,0,0,0.580833,0
2126,2,2,2,2,0,0,2,0.055507,1
2127,0,0,0,3,0,0,0,0.827323,0
2128,1,2,2,4,0,2,0,0.029266,1
2129,3,3,4,11,0,0,4,0.028041,1
2130,1,2,3,7,3,0,0,0.085066,1
2131,0,1,3,5,0,1,2,0.100733,1
2132,0,0,0,0,0,0,0,1.171094,0
2133,1,2,5,6,1,3,1,0.021739,1
2134,3,3,6,8,6,0,0,0.027828,1
2135,0,0,0,2,0,0,0,0.904336,0
2136,0,2,2,4,2,0,0,0.104028,1
2137,0,0,0,2,0,0,0,0.752489,0
2138,0,0,1,2,0,1,0,0.487740,0
2139,1,5,7,7,0,6,1,0.025677,1
2140,0,0,0,5,0,0,0,0.593863,0
2141,0,0,1,5,0,1,0,0.460463,0
2142,1,1,1,6,0,1,0,0.079044,1
2143,0,2,2,2,0,2,0,0.231419,0
2144,0,0,1,6,1,0,0,0.364213,0
2145,0,0,0,1,0,0,0,0.882379,0
2146,0,0,0,3,0,0,0,0.587124,0
2147,0,0,3,9,0,1,2,0.265362,0
2148,0,1,4,7,1,1,2,0.192869,0
2149,0,1,2,5,0,2,0,0.178354,0
2150,0,0,1,1,0,0,1,0.333525,0
2151,0,0,0,0,0,0,0,1.496167,0
2152,0,0,0,2,0,0,0,0.630052,0
2153,1,2,2,2,0,1,1,0.073324,1
2154,0,0,1,2,0,0,1,0.399855,0
2155,0,0,1,2,0,1,0,0.433668,0
2156,0,0,1,7,0,0,1,0.269782,0
2157,0,0,0,1,0,0,0,0.517964,0
2158,0,0,0,2,0,0,0,0.571936,0
2159,0,1,4,8,4,0,0,0.229375,0
2160,0,0,1,3,1,0,0,0.488571,0
2161,0,0,1,2,0,0,1,0.349220,0
2162,0,0,2,6,0,0,2,0.450866,0
2163,0,2,3,4,2,1,0,0.116371,1
2164,0,0,0,2,0,0,0,0.850728,0
2165,1,1,2,3,0,2,0,0.081462,1
2166,0,1,2,4,1,1,0,0.247720,0
2167,0,0,0,0,0,0,0,1.012666,0
2168,0,0,0,1,0,0,0,0.957005,0
2169,0,0,0,1,0,0,0,0.977086,0
2170,0,1,4,8,1,3,0,0.223232,0
2171,0,2,2,4,1,1,0,0.198082,0
2172,0,1,2,2,2,0,0,0.171610,1
2173,1,8,10,16,4,1,5,0.074887,1
2174,0,1,3,3,2,0,1,0.162220,1
2175,0,1,1,1,0,1,0,0.128219,1
2176,1,1,1,5,1,0,0,0.040407,1
2177,0,1,3,4,3,0,0,0.227481,0
2178,0,0,0,0,0,0,0,1.231786,0
2179,1,4,7,9,0,2,5,0.084789,1
2180,0,0,0,7,0,0,0,0.535442,0
2181,1,2,5,10,5,0,0,0.087969,1
2182,0,1,2,9,2,0,0,0.173778,1
2183,0,0,0,3,0,0,0,0.561646,0
2184,0,2,3,6,2,1,0,0.125566,1
2185,0,2,4,5,1,2,1,0.149895,1
2186,0,0,1,2,0,0,1,0.277845,0
2187,0,0,2,5,0,2,0,0.337137,0
2188,1,1,2,11,0,1,1,0.072287,1
2189,1,5,7,9,2,5,0,0.001316,1
2190,0,1,2,5,0,1,1,0.244049,0
2191,0,0,1,3,0,1,0,0.418185,0
2192,6,9,13,15,8,4,1,0.010732,1
2193,0,1,2,9,0,0,2,0.247932,0
2194,1,1,3,3,1,1,1,0.010595,1
2195,2,4,4,8,1,2,1,0.044983,1
2196,0,1,1,4,0,1,0,0.125155,1
2197,0,1,1,2,0,1,0,0.169390,1
2198,0,0,0,1,0,0,0,0.924568,0
2199,0,0,0,2,0,0,0,0.970158,0
2200,0,0,0,0,0,0,0,1.278174,0
2201,0,0,3,5,0,3,0,0.284844,0
2202,0,0,0,1,0,0,0,0.779558,0
2203,0,2,2,5,2,0,0,0.105767,1
2204,0,0,0,4,0,0,0,0.592717,0
2205,0,0,0,3,0,0,0,0.535983,0
2206,1,1,4,5,0,3,1,0.072163,1
2207,0,1,1,1,1,0,0,0.242007,0
2208,0,1,4,7,2,0,2,0.232777,0
2209,0,0,1,3,0,1,0,0.257801,0
2210,1,1,2,4,1,0,1,0.065718,1
2211,0,1,6,14,2,1,3,0.227517,0
2212,0,3,5,9,0,4,1,0.198744,0
2213,0,2,2,4,1,1,0,0.148272,1
2214,0,0,2,2,2,0,0,0.324678,0
2215,2,2,3,5,1,2,0,0.001813,1
2216,0,1,5,11,5,0,0,0.164126,1
2217,2,2,4,7,3,1,0,0.024449,1
2218,2,2,5,17,2,0,3,0.084188,1
2219,2,2,6,13,3,0,3,0.056740,1
2220,0,0,1,1,0,1,0,0.373978,0
2221,0,1,3,3,0,0,3,0.214305,0
2222,2,2,5,9,5,0,0,0.067664,1
2223,1,5,8,9,7,1,0,0.086400,1
2224,0,0,2,4,2,0,0,0.346417,0
2225,0,1,1,2,1,0,0,0.188096,0
2226,1,5,8,14,7,1,0,0.061982,1
2227,3,4,4,4,0,4,0,0.087428,1
2228,0,3,4,10,0,0,4,0.110660,1
2229,1,1,3,6,2,0,1,0.079133,1
2230,3,5,5,12,2,0,3,0.002807,1
2231,0,2,4,9,3,1,0,0.107422,1
2232,0,0,0,3,0,0,0,0.594913,0
2233,4,8,9,14,0,0,9,0.054574,1
2234,0,0,0,0,0,0,0,1.523273,0
2235,0,0,0,4,0,0,0,0.518081,0
2236,0,1,3,4,0,0,3,0.171186,1
2237,1,1,1,5,0,0,1,0.025987,1
2238,0,0,0,0,0,0,0,1.076082,0
2239,2,4,9,17,0,1,8,0.095111,1
2240,1,2,2,2,1,1,0,0.028815,1
2241,0,0,1,5,1,0,0,0.416896,0
2242,0,1,3,8,2,1,0,0.123324,1
2243,0,0,4,13,2,2,0,0.394193,0
2244,1,1,1,3,0,0,1,0.029713,1
2245,0,1,4,9,3,0,1,0.115491,1
2246,4,4,4,10,3,0,1,0.024467,1
2247,2,2,6,8,1,2,3,0.013057,1
2248,0,0,1,2,0,1,0,0.344679,0
2249,0,0,0,5,0,0,0,0.518808,0
2250,1,1,1,2,0,1,0,0.025346,1
2251,0,0,0,3,0,0,0,0.713474,0
2252,0,1,2,4,1,1,0,0.124573,1
2253,1,1,1,1,1,0,0,0.034752,1
2254,0,0,5,10,4,0,1,0.286757,0
2255,1,3,5,8,4,1,0,0.062002,1
2256,0,2,8,13,4,0,4,0.183082,0
2257,0,0,1,4,0,1,0,0.322648,0
2258,3,7,7,10,0,3,4,0.041823,1
2259,0,0,0,0,0,0,0,1.397393,0
2260,0,1,2,4,1,0,1,0.216594,0
2261,0,0,0,1,0,0,0,0.837145,0
2262,0,0,1,5,0,1,0,0.483072,0
2263,0,0,0,0,0,0,0,2.133827,0
2264,2,2,2,5,0,2,0,0.033924,1
2265,0,1,2,5,0,1,1,0.246288,0
2266,0,1,1,2,1,0,0,0.113019,1
2267,0,1,1,7,1,0,0,0.198068,0
2268,0,0,1,3,1,0,0,0.444974,0
2269,1,2,3,6,0,0,3,0.072548,1
2270,0,0,2,2,0,2,0,0.300231,0
2271,0,0,0,3,0,0,0,0.755862,0
2272,0,0,0,1,0,0,0,0.921870,0
2273,0,0,0,5,0,0,0,0.548715,0
2274,4,6,6,6,0,0,6,0.015929,1
2275,1,2,2,3,0,2,0,0.041288,1
2276,0,0,1,1,0,1,0,0.487163,0
2277,0,0,0,5,0,0,0,0.567568,0
2278,0,0,0,2,0,0,0,0.869651,0
2279,0,0,3,6,0,3,0,0.330009,0
2280,1,1,2,2,1,1,0,0.042482,1
2281,0,0,1,3,0,1,0,0.401287,0
2282,1,1,1,4,1,0,0,0.062583,1
2283,0,0,1,3,0,1,0,0.425914,0
2284,3,7,12,12,12,0,0,0.069688,1
2285,0,0,0,1,0,0,0,0.677140,0
2286,1,1,4,8,1,2,1,0.057811,1
2287,5,5,6,8,4,1,1,0.018106,1
2288,0,1,4,5,0,2,2,0.235369,0
2289,0,0,1,6,1,0,0,0.457466,0
2290,0,1,3,7,3,0,0,0.209029,0
2291,0,0,1,3,0,1,0,0.292318,0
2292,0,1,4,7,2,0,2,0.188709,0
2293,1,2,3,5,2,0,1,0.037571,1
2294,1,2,2,3,1,1,0,0.026799,1
2295,0,0,1,2,1,0,0,0.469661,0
2296,0,1,2,3,2,0,0,0.245273,0
2297,0,1,7,8,0,3,4,0.144404,1
2298,1,3,4,4,0,1,3,0.069150,1
2299,2,3,8,11,6,0,2,0.026501,1
2300,0,2,16,18,0,0,16,0.170101,1
2301,0,0,0,1,0,0,0,0.707176,0
2302,0,0,2,4,0,0,2,0.410665,0
2303,0,0,4,6,0,2,2,0.293396,0
2304,0,0,1,5,0,1,0,0.466531,0
2305,2,2,4,4,0,4,0,0.073480,1
2306,0,0,0,2,0,0,0,0.700195,0
2307,0,0,0,2,0,0,0,0.719737,0
2308,0,0,0,0,0,0,0,2.123459,0
2309,0,2,5,10,5,0,0,0.153698,1
2310,3,4,5,8,1,0,4,0.046111,1
2311,0,0,0,0,0,0,0,1.165205,0
2312,0,0,3,6,1,2,0,0.401243,0
2313,1,1,1,3,0,1,0,0.056345,1
2314,0,1,3,3,2,1,0,0.244259,0
2315,0,4,7,19,3,2,2,0.145960,1
2316,0,1,2,5,0,1,1,0.224907,0
2317,2,3,4,7,3,1,0,0.078832,1
2318,2,4,6,6,1,2,3,0.082895,1
2319,0,0,0,4,0,0,0,0.542048,0
2320,0,0,1,4,0,0,1,0.331741,0
2321,0,0,1,1,0,1,0,0.360542,0
2322,0,0,1,2,0,0,1,0.334342,0
2323,0,0,1,3,0,1,0,0.373260,0
2324,0,0,1,1,1,0,0,0.422987,0
2325,5,9,9,10,6,1,2,0.000117,1
2326,0,1,4,10,1,1,2,0.229991,0
2327,1,1,5,8,2,0,3,0.044942,1
2328,0,1,1,4,1,0,0,0.106639,1
2329,0,0,2,4,1,1,0,0.433238,0
2330,0,0,0,0,0,0,0,1.484243,0
2331,0,0,1,2,1,0,0,0.394685,0
2332,1,3,3,6,3,0,0,0.072000,1
2333,0,0,1,1,0,1,0,0.459779,0
2334,0,0,2,7,0,0,2,0.254202,0
2335,0,0,1,1,1,0,0,0.276225,0
2336,1,1,3,4,0,2,1,0.051253,1
2337,0,0,0,1,0,0,0,0.680381,0
2338,0,1,2,7,1,1,0,0.206425,0
2339,0,0,0,5,0,0,0,0.552207,0
2340,0,0,0,2,0,0,0,0.894606,0
2341,0,2,4,7,3,1,0,0.180045,0
2342,0,0,1,3,0,1,0,0.254535,0
2343,0,0,0,0,0,0,0,1.556878,0
2344,1,1,1,1,0,0,1,0.028897,1
2345,0,0,4,5,2,2,0,0.254708,0
2346,1,1,1,2,0,1,0,0.016881,1
2347,1,1,2,4,1,1,0,0.051504,1
2348,0,1,3,4,1,2,0,0.177891,0
2349,1,1,1,3,0,1,0,0.094444,1
2350,2,6,6,7,0,4,2,0.058108,1
2351,0,0,0,0,0,0,0,1.691057,0
2352,0,1,2,3,2,0,0,0.215313,0
2353,1,2,2,6,0,2,0,0.000211,1
2354,1,1,3,3,2,1,0,0.071650,1
2355,1,2,2,3,0,2,0,0.097064,1
2356,0,0,1,5,1,0,0,0.440629,0
2357,1,1,2,7,0,0,2,0.000542,1
2358,0,1,3,3,3,0,0,0.192568,0
2359,0,0,0,0,0,0,0,1.240849,0
2360,0,6,8,15,0,7,1,0.111413,1
2361,1,1,1,2,0,1,0,0.022483,1
2362,0,0,0,1,0,0,0,0.939502,0
2363,0,4,4,5,0,1,3,0.105716,1
2364,2,3,3,4,0,0,3,0.001744,1
2365,2,3,5,8,1,3,1,0.045454,1
2366,0,0,0,6,0,0,0,0.500591,0
2367,1,2,3,4,3,0,0,0.011962,1
2368,1,1,1,1,1,0,0,0.024308,1
2369,0,1,2,10,1,1,0,0.234743,0
2370,2,4,4,5,0,4,0,0.034338,1
2371,0,0,3,6,0,2,1,0.414221,0
2372,1,2,3,6,0,3,0,0.031263,1
2373,1,1,1,3,1,0,0,0.048838,1
2374,0,0,3,6,3,0,0,0.322507,0
2375,0,0,2,5,2,0,0,0.330384,0
2376,1,1,1,3,1,0,0,0.019272,1
2377,0,0,0,2,0,0,0,0.552556,0
2378,1,1,3,5,0,2,1,0.023748,1
2379,0,0,1,3,0,1,0,0.464928,0
2380,0,0,1,1,0,0,1,0.480702,0
2381,0,0,4,9,2,2,0,0.385488,0
2382,0,0,0,1,0,0,0,0.945593,0
2383,0,0,0,1,0,0,0,0.893837,0
2384,0,2,2,2,0,0,2,0.137349,1
2385,4,6,10,12,1,2,7,0.058021,1
2386,0,0,2,3,2,0,0,0.264897,0
2387,0,0,1,4,1,0,0,0.479872,0
2388,1,3,6,9,1,2,3,0.072903,1
2389,0,0,0,1,0,0,0,0.966855,0
2390,0,0,1,1,1,0,0,0.253699,0
2391,0,1,2,8,0,2,0,0.228907,0
2392,1,1,2,2,0,1,1,0.034863,1
2393,0,0,0,2,0,0,0,0.578106,0
2394,1,2,2,6,2,0,0,0.009040,1
2395,0,0,1,5,1,0,0,0.428608,0
2396,0,2,2,3,2,0,0,0.124505,1
2397,0,0,4,5,0,1,3,0.374863,0
2398,0,1,1,4,0,1,0,0.168453,1
2399,0,0,4,5,0,4,0,0.262301,0
2400,0,2,7,10,4,1,2,0.186060,0
2401,0,0,2,4,1,1,0,0.281173,0
2402,0,0,3,5,3,0,0,0.286287,0
2403,0,0,0,1,0,0,0,0.611016,0
2404,1,2,4,9,1,2,1,0.088384,1
2405,0,0,1,4,1,0,0,0.393923,0
2406,0,1,1,1,0,1,0,0.208125,0
2407,4,5,6,9,2,1,3,0.036350,1
2408,0,0,0,0,0,0,0,1.730468,0
2409,0,0,0,0,0,0,0,1.184515,0
2410,0,0,2,2,0,2,0,0.492000,0
2411,0,3,4,5,1,3,0,0.113990,1
2412,1,1,1,2,1,0,0,0.008549,1
2413,2,4,6,8,2,3,1,0.094237,1
2414,0,1,2,6,0,0,2,0.248879,0
2415,0,1,1,2,0,0,1,0.235464,0
2416,0,0,0,3,0,0,0,0.529385,0
2417,0,0,0,0,0,0,0,1.098929,0
2418,0,1,2,2,1,1,0,0.186589,0
2419,0,0,1,1,1,0,0,0.358246,0
2420,0,1,3,13,3,0,0,0.138991,1
2421,1,2,4,8,3,1,0,0.049464,1
2422,0,0,1,2,0,0,1,0.321258,0
2423,0,0,2,5,1,1,0,0.316847,0
2424,0,0,1,4,1,0,0,0.337611,0
2425,0,0,1,4,0,0,1,0.274833,0
2426,0,0,0,3,0,0,0,0.558880,0
2427,1,1,1,2,0,0,1,0.006986,1
2428,0,1,1,1,1,0,0,0.220453,0
2429,0,1,1,8,1,0,0,0.137027,1
2430,0,1,4,9,4,0,0,0.175319,0
2431,0,0,0,0,0,0,0,1.264427,0
2432,0,0,1,2,0,0,1,0.379032,0
2433,5,9,11,11,5,2,4,0.018310,1
2434,1,2,2,4,1,0,1,0.020994,1
2435,0,0,0,1,0,0,0,0.658967,0
2436,0,0,0,1,0,0,0,0.560950,0
2437,0,0,2,4,1,1,0,0.379987,0
2438,2,2,2,5,0,0,2,0.096254,1
2439,0,1,2,3,1,1,0,0.228146,0
2440,0,0,3,5,3,0,0,0.450666,0
2441,0,0,0,1,0,0,0,0.878663,0
2442,1,3,3,3,0,3,0,0.013254,1
2443,0,0,0,2,0,0,0,0.555794,0
2444,0,0,0,4,0,0,0,0.811877,0
2445,0,0,0,2,0,0,0,0.681144,0
2446,0,0,1,4,1,0,0,0.397328,0
2447,0,0,1,1,0,1,0,0.314699,0
2448,1,2,4,8,2,1,1,0.040848,1
2449,0,0,2,4,1,1,0,0.464574,0
2450,0,0,2,3,0,0,2,0.475115,0
2451,2,2,2,3,0,2,0,0.075543,1
2452,0,1,1,3,0,1,0,0.240413,0
2453,0,4,4,6,0,4,0,0.102482,1
2454,1,2,2,3,2,0,0,0.053735,1
2455,0,2,5,5,2,3,0,0.122943,1
2456,0,0,0,4,0,0,0,0.750311,0
2457,3,6,8,12,5,0,3,0.046051,1
2458,3,4,6,6,1,1,4,0.016131,1
2459,1,1,1,1,1,0,0,0.035252,1
2460,0,0,2,5,0,1,1,0.275640,0
2461,0,1,1,4,0,0,1,0.155295,1
2462,0,0,0,0,0,0,0,1.283416,0
2463,0,0,0,3,0,0,0,0.656114,0
2464,2,4,10,13,4,3,3,0.053419,1
2465,1,2,6,12,0,2,4,0.048845,1
2466,0,2,2,4,1,1,0,0.183001,0
2467,0,0,0,3,0,0,0,0.819313,0
2468,0,1,2,5,2,0,0,0.240235,0
2469,0,0,1,1,0,1,0,0.385372,0
2470,1,1,2,2,0,2,0,0.020789,1
2471,1,1,2,4,0,1,1,0.037498,1
2472,0,0,0,3,0,0,0,0.557961,0
2473,0,1,3,6,1,1,1,0.120477,1
2474,0,1,2,3,0,2,0,0.100294,1
2475,0,0,0,0,0,0,0,1.246933,0
2476,0,0,1,3,1,0,0,0.256788,0
2477,0,2,5,6,4,0,1,0.108968,1
2478,1,3,5,8,2,2,1,0.053519,1
2479,0,0,1,5,1,0,0,0.498974,0
2480,0,0,0,3,0,0,0,0.563256,0
2481,0,4,5,7,0,1,4,0.120989,1
2482,0,1,1,2,0,1,0,0.136849,1
2483,1,1,1,3,1,0,0,0.019351,1
2484,0,1,2,5,1,1,0,0.107935,1
2485,2,2,7,11,5,2,0,0.000809,1
2486,0,0,1,2,1,0,0,0.344113,0
2487,0,0,2,4,2,0,0,0.427303,0
2488,0,0,1,2,1,0,0,0.487661,0
2489,0,1,2,5,2,0,0,0.138761,1
2490,1,2,4,4,2,1,1,0.009311,1
2491,0,3,4,7,1,1,2,0.130028,1
2492,0,0,0,1,0,0,0,0.854271,0
2493,1,3,5,7,4,1,0,0.098096,1
2494,0,0,0,1,0,0,0,0.742110,0
2495,0,0,1,5,0,1,0,0.350094,0
2496,2,4,6,15,0,2,4,0.019965,1
2497,0,3,9,10,0,3,6,0.147264,1
2498,0,2,2,2,1,1,0,0.134447,1
2499,3,3,6,7,3,3,0,0.006281,1
2500,1,1,1,4,0,1,0,0.059992,1
2501,0,0,1,2,0,1,0,0.408605,0
2502,0,1,2,2,0,0,2,0.244081,0
2503,0,2,5,5,3,0,2,0.197449,0
2504,0,0,0,0,0,0,0,1.296487,0
2505,0,0,3,4,1,0,2,0.294664,0
2506,1,3,4,10,0,4,0,0.083771,1
2507,0,0,0,2,0,0,0,0.948391,0
2508,0,0,0,3,0,0,0,0.865364,0
2509,0,0,0,1,0,0,0,0.810285,0
2510,0,0,0,6,0,0,0,0.505020,0
2511,0,0,0,0,0,0,0,1.006904,0
2512,0,0,0,5,0,0,0,0.506486,0
2513,0,2,4,6,0,2,2,0.131000,1
2514,0,0,1,4,1,0,0,0.315863,0
2515,1,2,2,3,1,1,0,0.048958,1
2516,0,0,2,5,0,0,2,0.356593,0
2517,1,3,3,6,1,2,0,0.069559,1
2518,0,1,1,2,0,0,1,0.162407,1
2519,1,1,2,4,1,0,1,0.027053,1
2520,0,1,4,8,4,0,0,0.138249,1
2521,0,1,2,5,1,1,0,0.216346,0
2522,0,0,0,0,0,0,0,1.047299,0
2523,0,1,2,3,2,0,0,0.245381,0
2524,1,1,1,3,1,0,0,0.084516,1
2525,0,1,2,2,1,1,0,0.194070,0
2526,2,2,2,4,0,0,2,0.066139,1
2527,0,0,0,3,0,0,0,0.500226,0
2528,0,0,2,5,1,1,0,0.362305,0
2529,3,3,4,5,0,1,3,0.004526,1
2530,0,0,1,3,0,1,0,0.254666,0
2531,0,1,1,3,0,1,0,0.133618,1
2532,0,0,0,0,0,0,0,1.199795,0
2533,0,1,1,2,0,1,0,0.236355,0
2534,1,1,1,3,0,1,0,0.002057,1
2535,0,0,1,2,0,0,1,0.422244,0
2536,0,0,0,4,0,0,0,0.714287,0
2537,0,0,1,5,0,1,0,0.409947,0
2538,0,1,2,2,2,0,0,0.139099,1
2539,0,0,0,1,0,0,0,0.757603,0
2540,0,0,3,4,0,3,0,0.362613,0
2541,0,0,0,0,0,0,0,1.058666,0
2542,0,0,1,3,0,1,0,0.343790,0
2543,0,0,4,4,2,0,2,0.257639,0
2544,0,1,2,4,0,2,0,0.151147,1
2545,1,1,2,2,2,0,0,0.065563,1
2546,0,1,1,2,1,0,0,0.157379,1
2547,0,1,2,2,1,0,1,0.208243,0
2548,0,1,5,7,1,1,3,0.182829,0
2549,0,0,0,0,0,0,0,1.020901,0
2550,1,3,6,7,4,2,0,0.075672,1
2551,0,0,0,3,0,0,0,0.655693,0
2552,0,0,1,3,1,0,0,0.319131,0
2553,0,1,2,4,2,0,0,0.196383,0
2554,0,1,1,6,0,1,0,0.200567,0
2555,1,1,2,4,0,2,0,0.003408,1
2556,1,1,1,1,1,0,0,0.035487,1
2557,1,1,4,5,3,1,0,0.026419,1
2558,0,0,3,5,1,2,0,0.398265,0
2559,3,3,5,9,4,1,0,0.019472,1
2560,0,0,1,3,1,0,0,0.374301,0
2561,0,1,3,5,0,1,2,0.122301,1
2562,0,0,3,4,0,2,1,0.309330,0
2563,0,0,0,9,0,0,0,0.694668,0
2564,0,0,0,0,0,0,0,1.485471,0
2565,0,0,0,0,0,0,0,1.797562,0
2566,2,2,3,5,0,2,1,0.027728,1
2567,0,0,4,7,2,1,1,0.290621,0
2568,0,2,2,4,0,2,0,0.137877,1
2569,0,1,1,4,0,1,0,0.159471,1
2570,3,3,4,6,0,0,4,0.030113,1
2571,0,0,1,6,0,0,1,0.317270,0
2572,0,0,0,1,0,0,0,0.959320,0
2573,0,0,1,4,0,1,0,0.418518,0
2574,0,0,1,2,0,0,1,0.350537,0
2575,0,1,1,4,0,1,0,0.162505,1
2576,1,2,4,9,0,0,4,0.099667,1
2577,0,1,4,8,1,2,1,0.222112,0
2578,0,0,1,3,0,1,0,0.271429,0
2579,2,2,3,3,0,0,3,0.056178,1
2580,5,6,9,10,0,0,9,0.006361,1
2581,3,4,6,9,2,1,3,0.019382,1
2582,0,0,2,5,1,1,0,0.321353,0
2583,1,1,4,6,1,1,2,0.031941,1
2584,1,1,2,4,1,1,0,0.009595,1
2585,1,4,14,18,2,4,8,0.097892,1
2586,0,0,2,10,1,1,0,0.416334,0
2587,0,4,6,16,0,0,6,0.183557,0
2588,0,0,0,1,0,0,0,0.635136,0
2589,0,0,0,3,0,0,0,0.795704,0
2590,0,0,0,1,0,0,0,0.844936,0
2591,1,1,2,7,0,2,0,0.082188,1
2592,0,0,1,2,0,1,0,0.374636,0
2593,0,0,1,4,1,0,0,0.480588,0
2594,0,0,4,6,0,1,3,0.352017,0
2595,1,2,2,2,0,2,0,0.020166,1
2596,2,2,2,3,0,0,2,0.092180,1
2597,0,2,3,9,1,0,2,0.114527,1
2598,0,0,0,1,0,0,0,0.680116,0
2599,0,1,2,4,0,1,1,0.199797,0
2600,4,13,18,19,0,1,17,0.003777,1
2601,0,1,2,2,1,1,0,0.174731,0
2602,0,0,1,6,0,0,1,0.399561,0
2603,0,0,0,1,0,0,0,0.595613,0
2604,0,0,0,4,0,0,0,0.528659,0
2605,1,2,3,5,1,0,2,0.017014,1
2606,0,0,0,4,0,0,0,0.544502,0
2607,0,0,2,3,1,1,0,0.388506,0
2608,0,0,0,1,0,0,0,0.688578,0
2609,0,1,2,5,0,0,2,0.237271,0
2610,0,3,3,8,0,2,1,0.197208,0
2611,0,0,0,3,0,0,0,0.644719,0
2612,0,0,1,2,1,0,0,0.423126,0
2613,0,0,1,3,0,1,0,0.291043,0
2614,1,1,3,5,2,0,1,0.053346,1
2615,0,0,0,1,0,0,0,0.718883,0
2616,0,1,2,5,1,1,0,0.100316,1
2617,0,0,0,1,0,0,0,0.748118,0
2618,1,1,5,9,1,2,2,0.043225,1
2619,0,0,0,2,0,0,0,0.813155,0
2620,0,0,2,7,0,0,2,0.348266,0
2621,2,3,4,6,0,1,3,0.043574,1
2622,0,0,0,3,0,0,0,0.807565,0
2623,1,1,1,4,0,1,0,0.093483,1
2624,2,4,4,5,1,0,3,0.056825,1
2625,0,0,1,1,0,1,0,0.371984,0
2626,1,1,2,4,2,0,0,0.059761,1
2627,1,4,8,12,4,3,1,0.039290,1
2628,1,1,1,2,0,1,0,0.014775,1
2629,0,0,1,2,0,1,0,0.429980,0
2630,4,4,5,10,5,0,0,0.004268,1
2631,4,6,6,14,6,0,0,0.024281,1
2632,1,2,6,8,5,1,0,0.092560,1
2633,0,0,0,6,0,0,0,0.736762,0
2634,0,1,1,2,1,0,0,0.111201,1
2635,0,1,1,1,1,0,0,0.146377,1
2636,0,0,0,0,0,0,0,1.475497,0
2637,0,0,1,1,0,1,0,0.413293,0
2638,0,0,1,6,0,1,0,0.281261,0
2639,0,2,2,2,0,0,2,0.130595,1
2640,2,2,2,3,2,0,0,0.013584,1
2641,0,1,3,5,3,0,0,0.128561,1
2642,0,0,1,5,0,0,1,0.380021,0
2643,0,0,2,2,2,0,0,0.268959,0
2644,2,4,5,6,5,0,0,0.040334,1
2645,0,2,4,9,4,0,0,0.217474,0
2646,2,5,5,6,5,0,0,0.018337,1
2647,1,1,2,4,0,2,0,0.008485,1
2648,0,2,4,13,1,0,3,0.157827,1
2649,1,3,4,4,3,1,0,0.050402,1
2650,0,0,1,4,1,0,0,0.254851,0
2651,1,1,1,3,1,0,0,0.000934,1
2652,1,1,3,7,0,3,0,0.084636,1
2653,0,0,4,17,1,0,3,0.314246,0
2654,1,2,5,9,1,1,3,0.035965,1
2655,2,2,2,2,0,0,2,0.035271,1
2656,4,4,4,4,0,4,0,0.039218,1
2657,1,1,4,6,0,3,1,0.092107,1
2658,0,0,2,5,0,0,2,0.271328,0
2659,0,0,0,3,0,0,0,0.556855,0
2660,0,0,3,5,1,2,0,0.404151,0
2661,5,5,7,7,5,0,2,0.005092,1
2662,0,0,1,1,1,0,0,0.313953,0
2663,0,1,1,1,0,0,1,0.186158,0
2664,0,1,2,5,2,0,0,0.157394,1
2665,0,0,0,1,0,0,0,0.882015,0
2666,0,0,1,2,0,0,1,0.455642,0
2667,2,2,2,4,1,1,0,0.010257,1
2668,1,1,2,6,0,2,0,0.003051,1
2669,0,1,3,6,2,1,0,0.241855,0
2670,0,0,0,2,0,0,0,0.791994,0
2671,0,0,0,1,0,0,0,0.721346,0
2672,0,1,1,6,1,0,0,0.135437,1
2673,0,0,1,5,0,1,0,0.335489,0
2674,1,1,2,2,1,1,0,0.045177,1
2675,1,2,2,2,0,1,1,0.036043,1
2676,1,1,3,5,1,1,1,0.083965,1
2677,0,0,0,3,0,0,0,0.583991,0
2678,0,1,5,6,3,0,2,0.181265,0
2679,0,0,0,1,0,0,0,0.651151,0
2680,0,2,2,3,1,0,1,0.156631,1
2681,1,2,4,6,3,1,0,0.097461,1
2682,1,1,2,6,0,0,2,0.032877,1
2683,0,0,0,0,0,0,0,1.038364,0
2684,0,0,0,0,0,0,0,1.880287,0
2685,0,0,0,1,0,0,0,0.633939,0
2686,0,0,0,1,0,0,0,0.690015,0
2687,0,0,1,2,0,1,0,0.351918,0
2688,0,0,0,1,0,0,0,0.709806,0
2689,0,0,1,1,1,0,0,0.309562,0
2690,0,0,0,1,0,0,0,0.962939,0
2691,0,0,0,0,0,0,0,1.630837,0
2692,0,1,2,3,1,1,0,0.208147,0
2693,0,1,2,2,1,1,0,0.224095,0
2694,0,0,0,3,0,0,0,0.658228,0
2695,0,0,5,6,0,2,3,0.301334,0
2696,1,3,5,11,4,1,0,0.079557,1
2697,0,0,4,12,0,0,4,0.324846,0
2698,0,0,1,5,0,1,0,0.458225,0
2699,0,0,1,2,1,0,0,0.379824,0
2700,0,4,8,11,4,3,1,0.132231,1
2701,1,2,3,9,2,0,1,0.074174,1
2702,0,0,0,1,0,0,0,0.634777,0
2703,0,1,5,10,3,0,2,0.233791,0
2704,1,1,4,5,1,0,3,0.096015,1
2705,0,0,1,3,1,0,0,0.333489,0
2706,0,0,1,1,0,1,0,0.357438,0
2707,0,0,1,2,1,0,0,0.412968,0
2708,0,0,0,3,0,0,0,0.750502,0
2709,0,0,3,5,3,0,0,0.360135,0
2710,0,1,1,2,0,0,1,0.231256,0
2711,1,1,3,7,2,0,1,0.048785,1
2712,0,2,3,5,1,2,0,0.133194,1
2713,1,1,2,6,0,0,2,0.027344,1
2714,0,0,0,1,0,0,0,0.908439,0
2715,0,0,1,1,1,0,0,0.428496,0
2716,4,8,9,11,8,1,0,0.024410,1
2717,0,1,2,4,2,0,0,0.219250,0
2718,0,0,0,0,0,0,0,1.052629,0
2719,1,2,3,3,0,2,1,0.072462,1
2720,0,1,3,6,0,2,1,0.102602,1
2721,1,2,3,4,0,2,1,0.081557,1
2722,2,3,7,13,1,6,0,0.026568,1
2723,0,0,0,2,0,0,0,0.553023,0
2724,0,0,1,1,0,1,0,0.268064,0
2725,0,1,7,10,3,1,3,0.244007,0
2726,0,0,2,9,0,0,2,0.497888,0
2727,0,2,4,5,0,2,2,0.101822,1
2728,0,3,3,4,2,0,1,0.176774,0
2729,3,7,12,23,7,1,4,0.034500,1
2730,1,3,3,4,3,0,0,0.087376,1
2731,0,1,2,6,1,1,0,0.225828,0
2732,0,0,1,1,1,0,0,0.272765,0
2733,1,2,6,10,1,1,4,0.094420,1
2734,1,1,1,2,0,1,0,0.017633,1
2735,1,2,7,9,5,1,1,0.014080,1
2736,0,0,0,5,0,0,0,0.526451,0
2737,0,0,1,2,0,1,0,0.429029,0
2738,0,0,0,1,0,0,0,0.734996,0
2739,0,0,0,3,0,0,0,0.841207,0
2740,0,0,0,0,0,0,0,1.022606,0
2741,0,1,1,4,0,1,0,0.198125,0
2742,0,0,1,3,1,0,0,0.293411,0
2743,1,2,2,2,0,2,0,0.014482,1
2744,0,0,0,3,0,0,0,0.604393,0
2745,0,3,3,3,3,0,0,0.107981,1
2746,1,1,2,4,0,2,0,0.064839,1
2747,1,1,2,6,1,1,0,0.042193,1
2748,1,1,2,4,0,2,0,0.020885,1
2749,0,2,7,12,3,1,3,0.134473,1
2750,1,1,1,1,0,1,0,0.022479,1
2751,0,0,5,6,0,1,4,0.279791,0
2752,0,1,2,5,0,2,0,0.169508,1
2753,0,0,0,1,0,0,0,0.955742,0
2754,0,0,1,1,1,0,0,0.492486,0
2755,0,0,1,1,0,1,0,0.293229,0
2756,0,1,2,3,1,1,0,0.148259,1
2757,0,1,1,3,1,0,0,0.189425,0
2758,0,1,4,5,1,1,2,0.220694,0
2759,2,3,3,4,1,2,0,0.057620,1
2760,0,0,0,1,0,0,0,0.975505,0
2761,1,4,5,12,1,3,1,0.072868,1
2762,1,2,4,5,1,2,1,0.048192,1
2763,0,2,2,4,1,1,0,0.141275,1
2764,5,6,6,10,4,2,0,0.015733,1
2765,0,0,0,1,0,0,0,0.968384,0
2766,0,0,0,0,0,0,0,1.001751,0
2767,1,1,1,1,0,1,0,0.040182,1
2768,0,2,2,2,0,2,0,0.194051,0
2769,0,0,0,0,0,0,0,1.286754,0
2770,1,1,1,1,0,1,0,0.027817,1
2771,0,0,1,1,0,1,0,0.455303,0
2772,0,3,7,13,6,1,0,0.124008,1
2773,1,1,3,6,2,0,1,0.014513,1
2774,0,0,3,5,0,1,2,0.272934,0
2775,0,0,1,4,0,1,0,0.320924,0
2776,0,1,1,4,0,1,0,0.212669,0
2777,0,0,0,3,0,0,0,0.568052,0
2778,1,2,3,4,3,0,0,0.086024,1
2779,0,0,0,3,0,0,0,0.632608,0
2780,1,2,3,4,1,2,0,0.063787,1
2781,0,4,5,9,0,2,3,0.118356,1
2782,1,1,3,9,1,1,1,0.085553,1
2783,0,1,1,1,0,1,0,0.198995,0
2784,2,3,3,4,3,0,0,0.042613,1
2785,0,1,1,3,0,1,0,0.196126,0
2786,0,0,1,3,1,0,0,0.365938,0
2787,0,0,0,3,0,0,0,0.769002,0
2788,0,3,6,8,3,2,1,0.108948,1
2789,1,1,1,7,0,1,0,0.021584,1
2790,0,0,1,7,0,1,0,0.447211,0
2791,0,2,2,3,0,0,2,0.120537,1
2792,0,0,1,2,0,1,0,0.325709,0
2793,0,1,2,2,0,1,1,0.226588,0
2794,0,1,3,7,1,1,1,0.212565,0
2795,0,0,0,1,0,0,0,0.892319,0
2796,0,1,4,9,4,0,0,0.100527,1
2797,0,0,0,0,0,0,0,1.872812,0
2798,0,0,0,1,0,0,0,0.771986,0
2799,0,0,0,3,0,0,0,0.547187,0
2800,0,0,0,2,0,0,0,0.741954,0
2801,0,3,4,6,3,1,0,0.115289,1
2802,0,2,2,2,2,0,0,0.143830,1
2803,1,1,1,1,1,0,0,0.068630,1
2804,0,4,18,22,0,0,18,0.117840,1
2805,0,2,2,3,0,2,0,0.129891,1
2806,0,0,0,3,0,0,0,0.656573,0
2807,0,0,2,4,2,0,0,0.293474,0
2808,0,0,0,1,0,0,0,0.993178,0
2809,1,1,3,5,1,2,0,0.061568,1
2810,1,1,1,1,0,0,1,0.087234,1
2811,0,1,5,11,0,0,5,0.157811,1
2812,0,2,4,7,1,1,2,0.148032,1
2813,0,1,2,5,0,1,1,0.248255,0
2814,0,2,2,3,2,0,0,0.130562,1
2815,0,2,2,3,1,0,1,0.144266,1
2816,2,3,9,9,2,3,4,0.022444,1
2817,0,0,2,4,0,0,2,0.370537,0
2818,1,2,8,9,6,1,1,0.073305,1
2819,0,0,0,2,0,0,0,0.847319,0
2820,0,1,1,1,0,1,0,0.154350,1
2821,3,7,14,23,1,7,6,0.095694,1
2822,0,0,1,9,0,0,1,0.489497,0
2823,0,1,2,3,0,0,2,0.241193,0
2824,0,1,2,5,0,1,1,0.163014,1
2825,1,1,1,6,1,0,0,0.043647,1
2826,0,0,4,10,1,0,3,0.299221,0
2827,0,1,5,9,2,1,2,0.232373,0
2828,0,0,1,5,0,1,0,0.494030,0
2829,0,0,0,4,0,0,0,0.748908,0
2830,0,1,1,2,0,1,0,0.202043,0
2831,1,2,5,6,3,2,0,0.090375,1
2832,1,1,1,4,1,0,0,0.058102,1
2833,0,2,2,5,0,0,2,0.204772,0
2834,0,0,0,2,0,0,0,0.601045,0
2835,0,0,0,1,0,0,0,0.993729,0
2836,0,0,1,5,0,0,1,0.405425,0
2837,1,6,7,10,7,0,0,0.043800,1
2838,0,1,2,6,0,1,1,0.181822,0
2839,0,1,1,2,0,1,0,0.242808,0
2840,0,2,5,8,1,0,4,0.120057,1
2841,1,2,2,7,2,0,0,0.098243,1
2842,1,1,1,4,0,1,0,0.003589,1
2843,1,1,1,2,0,1,0,0.099732,1
2844,0,0,3,4,3,0,0,0.365632,0
2845,0,1,1,2,0,1,0,0.189679,0
2846,0,0,1,3,1,0,0,0.294925,0
2847,0,1,3,3,1,0,2,0.146643,1
2848,0,0,2,7,0,2,0,0.348710,0
2849,3,5,7,10,4,0,3,0.018235,1
2850,0,0,0,0,0,0,0,1.421515,0
2851,0,0,0,0,0,0,0,1.284608,0
2852,0,0,2,4,0,1,1,0.406468,0
2853,1,7,8,11,6,2,0,0.080117,1
2854,0,1,1,3,1,0,0,0.111765,1
2855,0,1,2,3,1,1,0,0.178586,0
2856,1,3,4,7,1,3,0,0.021863,1
2857,1,5,7,9,5,0,2,0.067980,1
2858,1,1,1,1,0,1,0,0.025206,1
2859,0,0,2,4,0,1,1,0.422561,0
2860,1,5,5,5,1,3,1,0.035460,1
2861,2,2,3,8,1,2,0,0.010132,1
2862,1,1,2,2,0,0,2,0.055629,1
2863,0,0,0,3,0,0,0,0.501833,0
2864,0,0,1,1,0,0,1,0.324718,0
2865,2,3,6,11,3,2,1,0.000514,1
2866,0,0,2,4,2,0,0,0.286109,0
2867,0,2,2,4,2,0,0,0.192716,0
2868,0,0,0,0,0,0,0,1.109696,0
2869,1,2,4,6,0,3,1,0.027218,1
2870,0,0,1,5,0,1,0,0.263382,0
2871,0,1,3,6,3,0,0,0.156382,1
2872,1,1,1,2,1,0,0,0.045156,1
2873,0,0,2,5,2,0,0,0.252843,0
2874,1,1,1,3,1,0,0,0.081377,1
2875,2,2,2,3,1,1,0,0.044239,1
2876,0,0,1,4,0,1,0,0.463025,0
2877,0,0,0,2,0,0,0,0.688282,0
2878,0,0,0,3,0,0,0,0.545984,0
2879,1,2,4,10,4,0,0,0.063128,1
2880,1,1,3,4,0,2,1,0.009612,1
2881,1,3,3,6,1,0,2,0.035704,1
2882,0,0,1,3,1,0,0,0.462736,0
2883,2,3,4,8,1,1,2,0.064622,1
2884,1,1,1,1,1,0,0,0.094905,1
2885,1,1,2,2,0,2,0,0.000007,1
2886,0,0,0,3,0,0,0,0.561652,0
2887,0,1,1,6,1,0,0,0.139075,1
2888,1,1,3,6,1,0,2,0.063372,1
2889,0,0,0,3,0,0,0,0.640253,0
2890,1,1,4,9,3,1,0,0.047256,1
2891,0,0,1,5,1,0,0,0.402966,0
2892,0,0,0,2,0,0,0,0.505614,0
2893,0,1,1,5,0,1,0,0.187482,0
2894,0,1,3,11,2,1,0,0.241533,0
2895,2,3,5,7,4,1,0,0.058079,1
2896,1,1,1,2,1,0,0,0.029207,1
2897,0,0,1,7,0,1,0,0.285763,0
2898,1,1,2,2,0,1,1,0.096503,1
2899,0,2,4,9,1,1,2,0.123088,1
2900,0,0,1,4,0,1,0,0.496490,0
2901,0,0,0,2,0,0,0,0.834464,0
2902,0,1,3,6,3,0,0,0.130820,1
2903,0,2,2,4,0,2,0,0.242207,0
2904,0,1,1,4,1,0,0,0.235966,0
2905,0,0,1,3,0,1,0,0.448238,0
2906,0,1,1,4,0,0,1,0.213129,0
2907,0,0,0,3,0,0,0,0.513860,0
2908,0,0,0,0,0,0,0,1.208653,0
2909,0,1,1,3,0,1,0,0.147129,1
2910,0,2,3,6,3,0,0,0.159878,1
2911,0,0,0,1,0,0,0,0.647343,0
2912,3,3,3,3,3,0,0,0.049526,1
2913,3,6,9,11,6,2,1,0.036387,1
2914,0,0,0,2,0,0,0,0.776388,0
2915,0,2,3,5,3,0,0,0.118902,1
2916,0,0,0,4,0,0,0,0.690398,0
2917,0,0,2,5,0,0,2,0.306812,0
2918,0,0,0,4,0,0,0,0.596622,0
2919,4,5,6,7,0,2,4,0.039951,1
2920,0,0,2,6,0,2,0,0.396563,0
2921,0,0,0,0,0,0,0,1.141689,0
2922,0,0,0,0,0,0,0,1.628619,0
2923,0,1,2,3,0,1,1,0.200113,0
2924,1,1,2,10,1,1,0,0.081558,1
2925,0,1,6,10,6,0,0,0.240410,0
2926,0,0,1,2,1,0,0,0.495854,0
2927,0,0,1,4,0,1,0,0.351877,0
2928,0,0,0,0,0,0,0,1.235896,0
2929,0,0,1,3,0,1,0,0.496838,0
2930,0,0,1,4,0,1,0,0.438829,0
2931,0,1,2,2,0,2,0,0.233775,0
2932,1,2,4,4,1,2,1,0.065756,1
2933,0,0,2,5,1,1,0,0.313487,0
2934,1,1,2,4,2,0,0,0.021191,1
2935,2,2,6,10,1,1,4,0.068146,1
2936,0,0,1,3,0,0,1,0.254373,0
2937,0,0,0,1,0,0,0,0.758823,0
2938,1,1,1,4,0,1,0,0.040759,1
2939,1,2,2,7,0,0,2,0.008584,1
2940,0,0,0,0,0,0,0,1.026681,0
2941,0,0,0,3,0,0,0,0.592980,0
2942,1,1,4,11,2,2,0,0.024031,1
2943,0,0,1,5,0,0,1,0.398052,0
2944,0,2,3,4,0,1,2,0.182687,0
2945,0,0,0,2,0,0,0,0.605390,0
2946,0,0,2,2,0,2,0,0.333502,0
2947,0,1,2,5,2,0,0,0.245025,0
2948,0,0,1,1,0,1,0,0.356643,0
2949,0,0,1,3,0,1,0,0.466789,0
2950,0,1,2,3,2,0,0,0.244690,0
2951,0,1,3,3,0,0,3,0.187668,0
2952,0,2,2,4,0,2,0,0.147700,1
2953,0,0,0,1,0,0,0,0.798531,0
2954,0,0,4,8,2,2,0,0.315408,0
2955,0,0,1,1,0,1,0,0.260532,0
2956,1,1,1,1,0,1,0,0.015850,1
2957,0,0,1,2,0,0,1,0.423554,0
2958,0,0,1,4,0,1,0,0.499424,0
2959,0,2,4,5,1,0,3,0.101494,1
2960,0,1,2,6,2,0,0,0.175512,0
2961,0,0,2,4,2,0,0,0.363927,0
2962,2,4,4,5,2,2,0,0.024887,1
2963,0,0,0,2,0,0,0,0.529741,0
2964,0,0,0,2,0,0,0,0.623810,0
2965,0,0,0,0,0,0,0,2.331117,0
2966,0,0,0,1,0,0,0,0.803655,0
2967,0,0,0,0,0,0,0,1.140523,0
2968,0,1,1,1,1,0,0,0.196011,0
2969,0,0,1,5,0,1,0,0.462295,0
2970,0,0,2,2,1,1,0,0.394553,0
2971,0,0,0,1,0,0,0,0.516010,0
2972,0,0,3,6,0,1,2,0.273839,0
2973,0,0,3,8,2,1,0,0.268676,0
2974,1,1,2,8,1,0,1,0.004038,1
2975,1,1,1,3,0,1,0,0.026858,1
2976,0,0,0,2,0,0,0,0.744008,0
2977,1,4,6,7,3,0,3,0.072665,1
2978,0,0,0,2,0,0,0,0.552401,0
2979,1,1,1,2,0,1,0,0.081331,1
2980,1,2,3,6,2,1,0,0.067418,1
2981,0,1,4,6,0,2,2,0.107257,1
2982,4,4,5,11,0,1,4,0.000317,1
2983,0,0,1,2,0,1,0,0.487453,0
2984,0,0,0,0,0,0,0,3.077271,0
2985,0,0,1,4,0,1,0,0.328205,0
2986,1,1,1,4,0,1,0,0.064629,1
2987,0,0,0,0,0,0,0,1.648752,0
2988,0,1,1,1,0,1,0,0.181221,0
2989,0,0,1,1,0,0,1,0.481381,0
2990,0,0,0,2,0,0,0,0.591557,0
2991,0,0,1,4,0,0,1,0.418612,0
2992,0,1,2,3,1,1,0,0.102260,1
2993,0,0,4,11,0,1,3,0.271622,0
2994,0,0,0,1,0,0,0,0.566095,0
2995,0,0,0,4,0,0,0,0.554608,0
2996,0,0,1,5,0,1,0,0.416031,0
2997,0,1,3,5,3,0,0,0.171467,1
2998,4,6,7,8,3,1,3,0.008037,1
2999,3,6,8,14,1,0,7,0.058590,1
3000,0,1,1,7,0,0,1,0.227199,0
3001,1,3,6,12,6,0,0,0.096754,1
3002,1,1,3,7,2,0,1,0.043412,1
3003,0,1,2,4,0,0,2,0.195389,0
3004,0,1,1,3,1,0,0,0.218954,0
3005,0,0,3,7,2,1,0,0.302092,0
3006,0,1,2,2,0,2,0,0.102369,1
3007,0,0,1,1,1,0,0,0.400389,0
3008,0,0,1,2,1,0,0,0.256699,0
3009,0,3,3,6,2,1,0,0.110115,1
3010,1,1,2,2,0,2,0,0.050286,1
3011,0,1,2,4,1,1,0,0.130816,1
3012,1,3,5,8,1,3,1,0.081690,1
3013,1,2,5,7,3,1,1,0.007265,1
3014,3,3,3,5,3,0,0,0.027653,1
3015,0,0,1,2,0,1,0,0.323372,0
3016,0,0,0,1,0,0,0,0.801203,0
3017,0,0,1,3,1,0,0,0.497222,0
3018,0,0,1,2,0,1,0,0.427806,0
3019,0,3,3,5,0,1,2,0.204563,0
3020,2,3,4,8,3,0,1,0.055187,1
3021,0,2,2,5,1,1,0,0.126391,1
3022,0,0,0,4,0,0,0,0.502830,0
3023,0,1,1,6,0,1,0,0.134389,1
3024,1,1,3,8,1,0,2,0.029907,1
3025,1,1,2,2,0,2,0,0.095868,1
3026,1,2,8,8,3,2,3,0.004926,1
3027,2,3,5,9,3,1,1,0.088053,1
3028,1,3,3,5,3,0,0,0.092004,1
3029,0,0,3,7,3,0,0,0.256769,0
3030,0,0,1,2,1,0,0,0.383698,0
3031,2,5,5,5,0,3,2,0.085427,1
3032,1,2,5,6,0,1,4,0.049180,1
3033,1,1,1,2,0,1,0,0.011901,1
3034,0,0,0,1,0,0,0,0.768911,0
3035,2,4,5,6,5,0,0,0.051428,1
3036,0,0,0,4,0,0,0,0.527733,0
3037,0,1,2,3,0,2,0,0.126159,1
3038,0,4,6,9,4,2,0,0.101914,1
3039,0,2,5,8,5,0,0,0.107901,1
3040,1,1,1,2,0,0,1,0.089211,1
3041,0,1,3,6,1,1,1,0.117561,1
3042,0,0,2,3,0,0,2,0.358444,0
3043,0,0,0,0,0,0,0,1.777928,0
3044,0,1,3,4,3,0,0,0.139561,1
3045,0,0,2,3,0,2,0,0.429332,0
3046,0,1,2,8,0,1,1,0.232898,0
3047,0,2,2,2,0,2,0,0.152261,1
3048,1,1,1,4,0,1,0,0.099402,1
3049,0,2,2,8,1,0,1,0.103676,1
3050,0,0,0,2,0,0,0,0.801959,0
3051,0,1,2,6,0,1,1,0.181182,0
3052,0,1,1,2,0,1,0,0.177678,0
3053,0,0,1,2,0,1,0,0.435726,0
3054,0,4,7,7,2,2,3,0.191891,0
3055,0,0,1,1,0,1,0,0.397526,0
3056,0,1,3,8,2,0,1,0.171266,1
3057,0,0,2,2,0,2,0,0.388911,0
3058,0,0,3,5,1,0,2,0.341759,0
3059,5,9,9,14,0,6,3,0.022324,1
3060,0,1,1,3,0,1,0,0.215918,0
3061,5,5,6,6,5,1,0,0.008261,1
3062,1,1,1,1,0,1,0,0.008440,1
3063,0,3,6,8,2,1,3,0.172315,1
3064,0,0,0,0,0,0,0,1.285144,0
3065,0,0,0,2,0,0,0,0.634426,0
3066,0,2,4,6,1,2,1,0.162603,1
3067,1,1,2,6,0,1,1,0.047969,1
3068,0,0,0,2,0,0,0,0.652543,0
3069,0,0,0,2,0,0,0,0.534889,0
3070,0,1,1,4,0,1,0,0.217443,0
3071,0,1,2,4,0,0,2,0.184986,0
3072,1,1,2,6,2,0,0,0.048416,1
3073,1,4,8,12,4,1,3,0.072462,1
3074,0,0,0,1,0,0,0,0.543773,0
3075,0,2,4,5,1,1,2,0.234074,0
3076,1,1,2,5,1,1,0,0.092854,1
3077,0,0,0,0,0,0,0,1.021779,0
3078,0,1,2,2,2,0,0,0.187485,0
3079,1,1,3,4,0,0,3,0.022581,1
3080,2,3,3,4,0,0,3,0.030850,1
3081,1,1,2,2,0,1,1,0.036720,1
3082,0,3,7,17,2,0,5,0.109159,1
3083,0,0,1,2,1,0,0,0.347134,0
3084,0,0,3,3,3,0,0,0.320023,0
3085,0,1,2,4,1,1,0,0.112633,1
3086,0,0,1,3,0,0,1,0.489399,0
3087,0,0,0,2,0,0,0,0.818390,0
3088,0,1,2,7,2,0,0,0.160764,1
3089,0,1,2,5,2,0,0,0.186659,0
3090,0,0,0,5,0,0,0,0.612697,0
3091,1,2,4,6,0,1,3,0.052046,1
3092,0,0,1,1,0,1,0,0.476324,0
3093,0,0,2,5,1,0,1,0.385080,0
3094,1,1,1,6,0,0,1,0.039871,1
3095,0,1,4,9,0,2,2,0.129290,1
3096,0,1,1,3,0,0,1,0.237826,0
3097,2,4,6,9,0,3,3,0.037172,1
3098,0,0,0,3,0,0,0,0.526822,0
3099,0,0,0,1,0,0,0,0.575638,0
3100,1,1,1,3,0,1,0,0.077915,1
3101,0,0,0,1,0,0,0,0.961491,0
3102,1,2,7,12,0,7,0,0.072589,1
3103,2,6,6,7,5,0,1,0.038802,1
3104,0,1,2,7,1,1,0,0.155818,1
3105,0,1,2,3,2,0,0,0.208885,0
3106,0,1,1,3,0,1,0,0.222491,0
3107,0,0,0,0,0,0,0,1.715591,0
3108,0,2,5,8,5,0,0,0.145500,1
3109,1,1,1,4,1,0,0,0.065006,1
3110,0,1,3,5,0,3,0,0.170639,1
3111,0,0,0,1,0,0,0,0.996372,0
3112,0,0,1,2,0,1,0,0.319602,0
3113,0,0,0,3,0,0,0,0.721557,0
3114,0,0,0,1,0,0,0,0.942689,0
3115,0,0,1,1,1,0,0,0.298404,0
3116,0,0,1,1,1,0,0,0.287563,0
3117,0,0,0,0,0,0,0,1.933094,0
3118,1,1,2,6,2,0,0,0.007694,1
3119,0,0,0,3,0,0,0,0.638623,0
3120,0,1,2,5,1,0,1,0.145757,1
3121,0,0,0,1,0,0,0,0.775624,0
3122,0,1,2,4,0,2,0,0.111214,1
3123,1,1,4,6,1,3,0,0.034883,1
3124,1,2,8,11,4,4,0,0.092827,1
3125,0,2,2,2,0,2,0,0.151468,1
3126,0,0,0,1,0,0,0,0.878236,0
3127,1,2,3,5,3,0,0,0.002812,1
3128,0,1,1,9,1,0,0,0.227039,0
3129,2,3,4,6,0,1,3,0.060803,1
3130,0,1,4,14,1,3,0,0.224878,0
3131,2,3,4,7,4,0,0,0.049798,1
3132,0,2,3,6,2,1,0,0.188735,0
3133,0,2,2,2,0,2,0,0.243394,0
3134,0,1,1,6,0,1,0,0.206218,0
3135,0,0,0,3,0,0,0,0.605466,0
3136,0,0,4,6,0,0,4,0.340770,0
3137,3,4,4,4,0,0,4,0.029678,1
3138,2,3,3,9,0,1,2,0.056939,1
3139,0,0,0,1,0,0,0,0.601565,0
3140,0,0,2,5,1,1,0,0.309444,0
3141,0,0,0,0,0,0,0,1.575476,0
3142,0,1,3,5,3,0,0,0.231934,0
3143,0,1,1,3,1,0,0,0.239798,0
3144,1,3,4,6,0,3,1,0.065710,1
3145,0,0,0,3,0,0,0,0.581800,0
3146,1,3,3,4,0,3,0,0.033196,1
3147,1,2,2,7,1,1,0,0.010202,1
3148,0,2,6,11,2,2,2,0.175488,0
3149,0,0,0,1,0,0,0,0.661442,0
3150,1,2,5,5,0,2,3,0.030957,1
3151,0,3,3,8,0,0,3,0.111495,1
3152,0,1,4,9,3,1,0,0.193862,0
3153,1,1,1,3,0,0,1,0.003375,1
3154,0,5,7,16,1,1,5,0.130849,1
3155,0,0,0,2,0,0,0,0.543353,0
3156,0,0,1,2,0,1,0,0.490726,0
3157,1,2,3,4,0,2,1,0.004775,1
3158,0,0,1,5,0,1,0,0.394838,0
3159,0,0,0,1,0,0,0,0.814453,0
3160,0,1,5,9,0,2,3,0.200803,0
3161,1,2,2,4,0,1,1,0.071283,1
3162,0,1,2,4,0,1,1,0.191560,0
3163,3,4,5,5,4,1,0,0.005854,1
3164,0,2,2,2,0,2,0,0.127978,1
3165,1,1,1,2,0,0,1,0.077086,1
3166,0,0,0,4,0,0,0,0.626216,0
3167,0,2,3,6,0,1,2,0.108539,1
3168,1,1,3,7,1,1,1,0.039111,1
3169,0,0,0,1,0,0,0,0.898378,0
3170,0,0,1,2,0,0,1,0.347010,0
3171,1,1,1,2,1,0,0,0.000284,1
3172,0,0,1,2,1,0,0,0.299767,0
3173,0,0,0,4,0,0,0,0.631548,0
3174,0,0,1,2,0,1,0,0.347081,0
3175,0,0,0,3,0,0,0,0.633234,0
3176,0,1,2,5,1,1,0,0.176647,0
3177,0,0,0,5,0,0,0,0.567694,0
3178,0,1,4,11,1,1,2,0.168781,1
3179,0,1,1,1,0,1,0,0.229479,0
3180,0,1,2,4,1,1,0,0.206882,0
3181,0,0,0,1,0,0,0,0.893955,0
3182,0,1,6,10,3,1,2,0.154950,1
3183,1,1,1,1,0,1,0,0.041340,1
3184,0,0,0,2,0,0,0,0.640348,0
3185,0,3,3,6,0,1,2,0.218883,0
3186,0,1,4,9,4,0,0,0.173997,1
3187,0,1,4,10,3,1,0,0.197764,0
3188,2,3,6,8,6,0,0,0.049984,1
3189,0,0,2,8,1,0,1,0.446608,0
3190,1,4,4,6,0,0,4,0.094224,1
3191,1,1,2,7,1,1,0,0.014203,1
3192,1,1,1,6,1,0,0,0.085153,1
3193,0,1,2,3,1,1,0,0.218694,0
3194,1,1,2,3,0,2,0,0.065554,1
3195,1,1,2,5,1,1,0,0.087864,1
3196,0,0,1,3,0,1,0,0.297145,0
3197,0,0,0,2,0,0,0,0.779392,0
3198,0,2,2,3,1,1,0,0.105602,1
3199,1,1,1,3,0,1,0,0.033722,1
3200,1,5,7,9,0,2,5,0.081836,1
3201,0,0,2,3,1,1,0,0.308760,0
3202,1,5,11,11,1,2,8,0.014165,1
3203,1,2,5,9,3,2,0,0.099694,1
3204,0,1,2,2,0,2,0,0.111129,1
3205,0,0,2,4,0,2,0,0.327805,0
3206,0,0,0,1,0,0,0,0.993812,0
3207,0,1,2,5,0,2,0,0.123497,1
3208,0,0,0,1,0,0,0,0.929084,0
3209,0,0,0,2,0,0,0,0.536506,0
3210,0,2,3,10,0,3,0,0.140888,1
3211,0,1,1,2,0,1,0,0.221472,0
3212,0,0,0,0,0,0,0,1.525324,0
3213,0,0,0,0,0,0,0,1.822192,0
3214,0,1,5,10,4,1,0,0.137409,1
3215,0,0,1,3,1,0,0,0.401577,0
3216,1,1,2,3,2,0,0,0.026246,1
3217,1,3,6,6,3,1,2,0.088170,1
3218,0,0,0,4,0,0,0,0.636789,0
3219,1,1,2,3,0,1,1,0.035597,1
3220,1,1,2,2,0,1,1,0.069283,1
3221,0,0,0,1,0,0,0,0.941381,0
3222,1,1,2,9,0,2,0,0.071662,1
3223,4,4,5,6,0,1,4,0.015655,1
3224,0,0,0,1,0,0,0,0.891202,0
3225,1,1,1,1,1,0,0,0.017898,1
3226,0,0,0,1,0,0,0,0.670749,0
3227,0,0,5,9,3,0,2,0.288045,0
3228,0,0,0,2,0,0,0,0.510272,0
3229,2,6,8,10,7,1,0,0.034323,1
3230,2,3,8,8,6,2,0,0.055551,1
3231,0,0,0,1,0,0,0,0.889095,0
3232,0,0,2,6,1,1,0,0.302239,0
3233,0,0,2,5,1,1,0,0.397719,0
3234,0,0,0,0,0,0,0,1.137783,0
3235,5,5,7,8,5,0,2,0.009840,1
3236,0,1,3,7,2,0,1,0.180083,0
3237,0,0,0,1,0,0,0,0.978458,0
3238,3,4,8,15,1,4,3,0.084145,1
3239,0,1,1,4,0,1,0,0.198943,0
3240,0,2,5,7,4,1,0,0.121694,1
3241,0,0,0,1,0,0,0,0.527108,0
3242,1,2,2,9,2,0,0,0.089672,1
3243,0,0,0,1,0,0,0,0.673192,0
3244,3,4,4,7,4,0,0,0.022629,1
3245,0,0,3,5,0,2,1,0.276199,0
3246,0,1,5,8,0,2,3,0.188264,0
3247,1,1,2,10,1,1,0,0.070214,1
3248,1,2,3,11,1,2,0,0.057007,1
3249,0,1,2,5,0,2,0,0.220267,0
3250,2,2,3,4,3,0,0,0.040502,1
3251,0,0,1,3,0,0,1,0.381918,0
3252,0,0,1,4,1,0,0,0.417838,0
3253,1,3,3,3,0,2,1,0.076863,1
3254,0,3,4,9,0,0,4,0.125047,1
3255,0,0,1,3,0,1,0,0.444627,0
3256,0,2,3,3,2,0,1,0.124171,1
3257,0,0,3,3,0,3,0,0.403254,0
3258,0,0,2,8,2,0,0,0.463885,0
3259,1,1,2,7,1,0,1,0.099176,1
3260,0,2,4,5,2,2,0,0.133733,1
3261,0,0,1,2,0,0,1,0.412885,0
3262,0,0,0,1,0,0,0,0.740888,0
3263,0,1,3,3,1,2,0,0.112279,1
3264,0,0,4,7,1,3,0,0.292315,0
3265,0,2,2,6,2,0,0,0.131321,1
3266,0,0,2,3,1,1,0,0.283535,0
3267,2,4,5,26,5,0,0,0.042670,1
3268,0,2,4,8,1,2,1,0.179088,0
3269,0,0,2,5,2,0,0,0.322834,0
3270,2,2,3,3,0,3,0,0.053879,1
3271,0,0,0,1,0,0,0,0.802406,0
3272,0,0,0,0,0,0,0,1.277712,0
3273,0,0,0,0,0,0,0,1.108702,0
3274,0,0,2,6,0,2,0,0.264472,0
3275,0,1,1,4,0,1,0,0.170319,1
3276,0,0,0,1,0,0,0,0.752717,0
3277,1,1,1,3,0,0,1,0.009867,1
3278,1,1,1,3,0,0,1,0.027347,1
3279,0,0,0,1,0,0,0,0.972752,0
3280,0,0,2,3,1,1,0,0.453504,0
3281,3,4,6,8,1,1,4,0.023606,1
3282,0,0,2,5,2,0,0,0.251595,0
3283,2,4,4,7,2,2,0,0.040591,1
3284,0,2,3,4,0,2,1,0.240930,0
3285,0,0,1,8,0,1,0,0.257971,0
3286,0,1,1,7,1,0,0,0.166289,1
3287,0,0,0,0,0,0,0,1.172753,0
3288,0,0,0,2,0,0,0,0.681195,0
3289,0,0,0,1,0,0,0,0.937121,0
3290,0,0,0,2,0,0,0,0.634226,0
3291,0,0,0,3,0,0,0,0.634014,0
3292,1,1,3,3,1,0,2,0.029379,1
3293,0,1,1,10,1,0,0,0.234721,0
3294,0,3,4,10,4,0,0,0.102690,1
3295,0,0,0,1,0,0,0,0.779404,0
3296,3,3,3,7,0,1,2,0.020141,1
3297,0,0,0,2,0,0,0,0.558837,0
3298,0,1,3,8,3,0,0,0.137141,1
3299,0,0,0,1,0,0,0,0.628631,0
3300,0,0,2,2,0,2,0,0.311436,0
3301,0,1,1,1,1,0,0,0.114004,1
3302,0,1,2,5,0,1,1,0.174453,0
3303,0,1,1,4,0,1,0,0.170457,1
3304,1,1,3,6,1,1,1,0.048979,1
3305,0,0,1,2,1,0,0,0.311203,0
3306,1,1,1,6,1,0,0,0.016811,1
3307,0,2,5,6,3,2,0,0.181325,0
3308,0,0,1,1,0,1,0,0.348258,0
3309,0,1,1,2,1,0,0,0.129571,1
3310,0,0,1,3,0,1,0,0.281492,0
3311,2,2,5,14,4,1,0,0.029052,1
3312,0,0,3,3,1,2,0,0.265605,0
3313,0,0,0,0,0,0,0,1.154209,0
3314,1,1,1,3,1,0,0,0.005735,1
3315,0,0,0,5,0,0,0,0.597660,0
3316,0,0,1,3,0,1,0,0.437677,0
3317,0,2,3,6,3,0,0,0.179029,0
3318,1,2,2,2,2,0,0,0.071860,1
3319,0,1,3,9,2,0,1,0.100894,1
3320,1,1,1,6,1,0,0,0.051711,1
3321,0,1,1,3,0,1,0,0.159842,1
3322,0,2,2,9,0,0,2,0.125293,1
3323,0,1,2,5,2,0,0,0.222460,0
3324,0,0,0,2,0,0,0,0.926585,0
3325,2,3,7,14,1,3,3,0.014495,1
3326,0,1,3,5,0,1,2,0.243438,0
3327,0,0,1,2,0,1,0,0.325706,0
3328,0,0,0,0,0,0,0,1.231172,0
3329,0,0,4,9,0,0,4,0.252912,0
3330,0,0,0,3,0,0,0,0.570284,0
3331,0,0,1,5,0,0,1,0.406814,0
3332,3,4,4,5,0,4,0,0.019842,1
3333,0,0,0,5,0,0,0,0.644393,0
3334,1,1,2,3,0,2,0,0.054260,1
3335,0,1,2,3,0,1,1,0.132287,1
3336,0,0,0,1,0,0,0,0.974194,0
3337,0,1,3,5,2,1,0,0.214206,0
3338,1,2,7,9,1,3,3,0.018907,1
3339,0,0,0,7,0,0,0,0.553109,0
3340,1,5,7,9,1,0,6,0.046393,1
3341,0,1,1,2,0,0,1,0.218143,0
3342,0,0,1,1,1,0,0,0.431295,0
3343,0,0,1,3,0,0,1,0.375433,0
3344,0,0,0,1,0,0,0,0.623832,0
3345,0,0,1,1,0,1,0,0.296416,0
3346,0,2,3,5,2,1,0,0.167690,1
3347,1,3,5,7,3,2,0,0.091545,1
3348,0,0,1,1,0,1,0,0.327271,0
3349,0,0,1,2,0,1,0,0.386880,0
3350,0,1,2,5,1,1,0,0.135195,1
3351,0,0,5,10,1,1,3,0.284083,0
3352,0,0,2,3,1,1,0,0.484962,0
3353,0,0,1,3,0,1,0,0.451540,0
3354,0,1,1,1,0,1,0,0.207024,0
3355,2,2,4,4,2,1,1,0.007077,1
3356,2,2,5,10,0,0,5,0.066671,1
3357,0,2,6,9,0,1,5,0.233781,0
3358,2,4,7,9,0,3,4,0.041337,1
3359,0,0,2,2,0,2,0,0.290795,0
3360,1,3,4,7,0,2,2,0.023839,1
3361,0,3,8,10,3,5,0,0.160968,1
3362,0,2,3,5,1,0,2,0.200483,0
3363,1,2,4,6,4,0,0,0.021101,1
3364,1,3,5,7,5,0,0,0.090138,1
3365,0,1,2,4,1,1,0,0.109066,1
3366,0,0,1,5,1,0,0,0.431605,0
3367,0,1,2,9,2,0,0,0.177423,0
3368,0,0,0,4,0,0,0,0.813072,0
3369,0,0,0,4,0,0,0,0.597385,0
3370,0,1,2,4,0,0,2,0.188209,0
3371,2,6,6,7,5,1,0,0.031339,1
3372,0,0,1,2,1,0,0,0.421644,0
3373,2,2,3,5,1,0,2,0.001479,1
3374,0,0,1,2,0,1,0,0.404026,0
3375,1,3,4,5,0,4,0,0.098545,1
3376,0,0,3,3,3,0,0,0.336541,0
3377,0,1,3,5,2,0,1,0.183858,0
3378,0,2,2,3,0,2,0,0.161776,1
3379,0,0,0,6,0,0,0,0.536482,0
3380,0,0,2,3,0,0,2,0.253525,0
3381,0,1,2,4,1,1,0,0.245643,0
3382,0,0,1,2,0,0,1,0.445147,0
3383,0,0,0,0,0,0,0,1.488429,0
3384,1,2,4,8,0,1,3,0.086354,1
3385,0,0,4,8,3,1,0,0.279535,0
3386,3,3,5,5,0,0,5,0.034165,1
3387,0,0,1,1,1,0,0,0.296919,0
3388,0,0,1,3,0,1,0,0.377549,0
3389,0,0,1,3,0,1,0,0.260775,0
3390,0,2,2,4,1,1,0,0.188689,0
3391,0,1,2,4,1,1,0,0.235263,0
3392,0,2,2,5,2,0,0,0.142138,1
3393,0,1,4,5,0,1,3,0.195459,0
3394,0,0,0,4,0,0,0,0.700962,0
3395,0,0,1,1,0,1,0,0.438893,0
3396,0,1,5,9,0,5,0,0.185546,0
3397,0,0,0,2,0,0,0,0.953085,0
3398,1,1,3,3,0,3,0,0.071249,1
3399,4,8,10,12,5,1,4,0.051735,1
3400,1,1,1,1,0,1,0,0.041676,1
3401,0,0,1,1,1,0,0,0.268731,0
3402,1,2,4,4,3,1,0,0.036025,1
3403,0,2,5,5,0,1,4,0.109551,1
3404,0,0,4,7,0,2,2,0.326128,0
3405,1,1,1,5,0,1,0,0.084132,1
3406,0,0,0,2,0,0,0,0.853056,0
3407,1,1,1,4,0,1,0,0.057885,1
3408,0,1,2,4,1,0,1,0.169137,1
3409,1,1,3,6,2,1,0,0.054222,1
3410,0,0,4,8,1,2,1,0.280352,0
3411,0,0,2,4,1,0,1,0.348855,0
3412,1,1,1,4,0,1,0,0.029333,1
3413,0,0,2,8,1,1,0,0.407130,0
3414,0,0,1,2,1,0,0,0.322674,0
3415,0,2,2,7,0,1,1,0.160707,1
3416,0,0,3,4,0,2,1,0.395857,0
3417,0,0,1,3,0,1,0,0.387668,0
3418,0,0,1,2,1,0,0,0.339168,0
3419,0,0,0,3,0,0,0,0.721434,0
3420,0,0,0,2,0,0,0,0.574847,0
3421,0,0,0,2,0,0,0,0.686146,0
3422,0,1,1,1,0,1,0,0.211200,0
3423,2,2,3,3,0,3,0,0.051160,1
3424,0,0,0,0,0,0,0,1.347531,0
3425,1,2,3,5,2,1,0,0.071413,1
3426,0,1,2,2,0,2,0,0.132807,1
3427,0,1,2,4,0,2,0,0.226479,0
3428,0,1,1,3,1,0,0,0.212429,0
3429,0,0,6,15,2,0,4,0.254611,0
3430,0,0,0,3,0,0,0,0.542311,0
3431,0,1,1,2,1,0,0,0.193849,0
3432,0,0,1,3,0,1,0,0.264084,0
3433,0,1,2,9,1,0,1,0.204293,0
3434,1,3,4,8,4,0,0,0.086077,1
3435,1,2,2,6,1,0,1,0.081057,1
3436,0,0,0,4,0,0,0,0.707523,0
3437,0,0,1,1,1,0,0,0.316949,0
3438,3,5,6,8,4,0,2,0.030144,1
3439,0,0,4,8,0,1,3,0.296310,0
3440,0,0,1,4,1,0,0,0.299587,0
3441,0,2,5,5,1,0,4,0.197130,0
3442,2,2,4,5,1,1,2,0.044454,1
3443,0,0,1,6,0,1,0,0.418222,0
3444,1,1,2,2,1,1,0,0.043213,1
3445,0,0,0,1,0,0,0,0.884699,0
3446,0,0,2,3,0,2,0,0.271604,0
3447,0,0,1,1,0,1,0,0.267723,0
3448,0,0,1,1,0,0,1,0.370606,0
3449,0,0,2,4,0,1,1,0.430477,0
3450,0,0,1,4,1,0,0,0.473540,0
3451,1,2,4,6,4,0,0,0.043085,1
3452,0,0,1,5,1,0,0,0.415041,0
3453,0,0,1,7,0,1,0,0.402795,0
3454,3,4,4,4,0,0,4,0.000751,1
3455,1,1,1,3,0,1,0,0.077349,1
3456,2,3,3,5,3,0,0,0.088997,1
3457,0,0,2,2,2,0,0,0.389309,0
3458,0,0,1,3,1,0,0,0.478710,0
3459,0,0,0,1,0,0,0,0.569218,0
3460,1,1,3,7,1,2,0,0.022086,1
3461,2,2,4,6,2,2,0,0.067910,1
3462,0,0,2,3,2,0,0,0.277966,0
3463,3,3,5,8,1,2,2,0.014896,1
3464,1,2,2,3,0,1,1,0.060073,1
3465,0,0,1,2,0,1,0,0.453151,0
3466,5,8,12,14,1,4,7,0.024466,1
3467,2,3,5,10,4,1,0,0.080582,1
3468,1,1,1,2,0,1,0,0.046072,1
3469,0,0,0,0,0,0,0,1.197995,0
3470,0,0,3,7,2,1,0,0.409278,0
3471,0,1,2,5,0,1,1,0.135923,1
3472,1,1,1,4,0,1,0,0.087695,1
3473,0,4,6,11,4,0,2,0.114280,1
3474,0,0,1,1,0,1,0,0.441503,0
3475,0,0,2,4,1,0,1,0.279938,0
3476,0,0,2,3,2,0,0,0.396536,0
3477,0,0,0,0,0,0,0,1.072750,0
3478,2,4,6,8,2,2,2,0.035607,1
3479,0,0,2,5,0,0,2,0.422706,0
3480,0,0,3,5,1,2,0,0.374041,0
3481,0,0,1,4,1,0,0,0.465581,0
3482,0,2,3,4,0,1,2,0.117481,1
3483,0,0,0,1,0,0,0,0.533992,0
3484,1,3,5,7,4,1,0,0.041806,1
3485,0,0,1,5,1,0,0,0.447590,0
3486,0,0,0,2,0,0,0,0.740271,0
3487,0,2,7,9,3,3,1,0.126385,1
3488,0,2,3,6,3,0,0,0.167433,1
3489,0,0,2,5,1,1,0,0.377766,0
3490,0,1,1,1,1,0,0,0.221590,0
3491,0,1,1,3,0,0,1,0.232189,0
3492,0,0,1,2,1,0,0,0.438677,0
3493,0,0,0,3,0,0,0,0.601647,0
3494,4,5,5,7,0,4,1,0.018610,1
3495,0,0,2,2,0,2,0,0.428845,0
3496,0,0,0,0,0,0,0,2.014847,0
3497,0,0,1,1,0,1,0,0.262206,0
3498,4,4,9,9,0,2,7,0.013329,1
3499,0,1,2,4,1,1,0,0.226085,0
3500,1,3,7,11,4,3,0,0.054737,1
3501,1,2,3,11,0,2,1,0.091208,1
3502,0,1,5,8,1,2,2,0.185587,0
3503,0,0,1,1,0,1,0,0.422054,0
3504,0,1,2,5,1,1,0,0.219837,0
3505,0,1,3,5,1,0,2,0.204570,0
3506,0,0,2,5,1,1,0,0.280932,0
3507,1,3,6,8,2,1,3,0.077799,1
3508,0,0,0,3,0,0,0,0.643592,0
3509,0,0,1,5,0,1,0,0.379676,0
3510,2,5,7,9,5,2,0,0.020867,1
3511,0,2,5,11,1,2,2,0.191330,0
3512,3,3,6,9,2,1,3,0.027615,1
3513,0,2,6,8,2,0,4,0.150723,1
3514,0,2,2,5,1,1,0,0.142410,1
3515,1,1,1,4,1,0,0,0.094153,1
3516,1,2,3,5,0,2,1,0.035097,1
3517,1,1,2,7,0,2,0,0.095209,1
3518,0,2,4,8,3,1,0,0.162302,1
3519,0,0,0,1,0,0,0,0.771436,0
3520,2,2,2,2,0,0,2,0.067318,1
3521,0,0,1,2,0,0,1,0.281273,0
3522,0,1,1,2,0,1,0,0.247182,0
3523,0,0,1,7,0,0,1,0.264984,0
3524,1,1,2,3,1,1,0,0.013577,1
3525,0,0,1,5,0,1,0,0.384629,0
3526,0,0,1,3,0,1,0,0.310134,0
3527,0,0,1,4,0,0,1,0.448308,0
3528,0,0,0,0,0,0,0,1.256441,0
3529,0,0,1,3,1,0,0,0.371293,0
3530,0,2,5,9,5,0,0,0.132036,1
3531,0,1,1,1,0,1,0,0.135980,1
3532,0,0,1,1,0,1,0,0.435209,0
3533,0,3,5,9,1,1,3,0.130120,1
3534,0,0,1,3,0,0,1,0.358368,0
3535,0,0,0,5,0,0,0,0.570247,0
3536,1,2,2,3,1,1,0,0.072949,1
3537,0,0,0,1,0,0,0,0.992466,0
3538,0,0,2,3,0,1,1,0.328609,0
3539,0,0,0,2,0,0,0,0.786501,0
3540,0,1,2,4,2,0,0,0.213492,0
3541,0,0,1,3,0,1,0,0.332448,0
3542,0,0,3,5,1,2,0,0.302334,0
3543,0,1,3,4,1,0,2,0.209065,0
3544,0,1,1,2,1,0,0,0.242615,0
3545,0,0,0,3,0,0,0,0.735328,0
3546,0,0,0,1,0,0,0,0.570139,0
3547,0,0,0,1,0,0,0,0.694284,0
3548,1,1,2,4,1,1,0,0.085759,1
3549,0,2,2,2,0,2,0,0.137681,1
3550,0,0,0,1,0,0,0,0.696736,0
3551,0,0,0,1,0,0,0,0.749879,0
3552,2,3,5,7,4,1,0,0.079443,1
3553,1,2,4,6,1,1,2,0.041702,1
3554,2,3,5,8,0,3,2,0.018503,1
3555,0,0,0,2,0,0,0,0.661691,0
3556,0,0,2,4,0,2,0,0.390454,0
3557,0,1,6,9,2,4,0,0.181573,0
3558,0,0,1,2,0,1,0,0.425813,0
3559,0,1,3,5,1,2,0,0.140825,1
3560,0,1,1,4,0,1,0,0.131833,1
3561,0,0,0,0,0,0,0,1.050831,0
3562,1,3,5,5,1,0,4,0.033460,1
3563,0,0,0,0,0,0,0,1.286687,0
3564,0,0,0,0,0,0,0,1.625425,0
3565,1,1,3,7,0,2,1,0.002732,1
3566,0,0,2,3,0,0,2,0.391558,0
3567,0,3,5,11,3,2,0,0.125700,1
3568,0,0,2,6,0,1,1,0.408853,0
3569,0,1,3,7,0,3,0,0.130059,1
3570,1,1,1,3,0,1,0,0.027086,1
3571,0,0,0,0,0,0,0,1.598302,0
3572,0,0,0,1,0,0,0,0.698233,0
3573,0,2,2,7,0,2,0,0.136167,1
3574,0,0,2,4,0,2,0,0.312130,0
3575,0,0,0,4,0,0,0,0.521049,0
3576,0,1,4,5,1,1,2,0.242846,0
3577,0,0,0,1,0,0,0,0.799756,0
3578,0,0,1,5,0,0,1,0.457632,0
3579,1,4,4,7,1,2,1,0.033967,1
3580,1,2,3,6,1,0,2,0.035788,1
3581,0,0,0,1,0,0,0,0.798522,0
3582,0,0,0,2,0,0,0,0.547044,0
3583,0,0,2,3,2,0,0,0.294954,0
3584,1,4,6,10,6,0,0,0.096803,1
3585,1,1,1,2,0,1,0,0.024442,1
3586,1,2,6,12,2,1,3,0.096989,1
3587,0,0,1,1,1,0,0,0.415923,0
3588,0,1,2,3,1,1,0,0.222955,0
3589,0,1,1,3,1,0,0,0.150014,1
3590,0,1,2,3,0,2,0,0.107910,1
3591,0,0,0,2,0,0,0,0.722831,0
3592,1,1,3,5,1,2,0,0.036120,1
3593,0,0,0,1,0,0,0,0.809634,0
3594,0,1,2,6,0,2,0,0.129312,1
3595,0,0,3,7,3,0,0,0.362455,0
3596,0,1,1,2,0,1,0,0.246642,0
3597,0,1,2,6,0,2,0,0.239844,0
3598,1,2,4,8,4,0,0,0.062379,1
3599,0,2,5,8,4,1,0,0.141849,1
3600,0,0,0,2,0,0,0,0.555980,0
3601,0,2,3,7,2,1,0,0.140075,1
3602,0,0,0,4,0,0,0,0.605717,0
3603,0,1,2,4,2,0,0,0.239982,0
3604,0,5,16,22,1,1,14,0.102650,1
3605,1,1,1,2,0,0,1,0.024200,1
3606,0,0,0,0,0,0,0,1.559185,0
3607,0,0,1,1,0,1,0,0.258564,0
3608,0,0,0,1,0,0,0,0.702530,0
3609,0,0,0,1,0,0,0,0.671830,0
3610,0,1,1,4,1,0,0,0.101975,1
3611,1,3,3,7,0,1,2,0.066375,1
3612,0,1,1,2,0,1,0,0.131424,1
3613,0,0,0,3,0,0,0,0.742285,0
3614,0,0,1,2,0,1,0,0.331295,0
3615,2,4,5,7,5,0,0,0.009321,1
3616,1,3,4,16,3,1,0,0.064121,1
3617,0,0,1,3,1,0,0,0.449941,0
3618,0,2,4,6,0,0,4,0.112070,1
3619,1,2,2,3,0,2,0,0.026419,1
3620,0,1,3,4,2,1,0,0.172980,1
3621,0,1,3,4,0,3,0,0.177265,0
3622,2,6,16,19,9,1,6,0.053031,1
3623,1,3,3,3,3,0,0,0.014383,1
3624,0,1,1,4,1,0,0,0.121336,1
3625,0,3,3,6,0,0,3,0.175927,0
3626,0,0,3,6,1,1,1,0.280576,0
3627,0,0,2,8,2,0,0,0.294227,0
3628,0,1,1,3,0,1,0,0.147191,1
3629,0,0,3,4,2,1,0,0.381212,0
3630,0,1,2,2,0,2,0,0.181727,0
3631,0,0,1,1,0,1,0,0.480123,0
3632,0,0,0,1,0,0,0,0.744011,0
3633,2,3,5,6,1,3,1,0.058899,1
3634,0,0,3,5,0,1,2,0.325923,0
3635,0,1,2,2,0,0,2,0.138617,1
3636,0,3,4,8,2,2,0,0.146967,1
3637,0,0,4,8,4,0,0,0.320332,0
3638,0,1,3,5,2,0,1,0.235236,0
3639,0,2,2,2,0,2,0,0.218911,0
3640,0,1,2,2,1,0,1,0.200965,0
3641,0,0,0,0,0,0,0,1.134976,0
3642,0,0,2,4,0,2,0,0.365494,0
3643,0,0,0,1,0,0,0,0.972123,0
3644,0,1,3,7,0,2,1,0.222908,0
3645,0,1,1,5,0,1,0,0.100296,1
3646,0,0,0,1,0,0,0,0.994819,0
3647,0,0,0,0,0,0,0,1.328715,0
3648,0,0,2,7,1,1,0,0.305382,0
3649,0,0,1,5,1,0,0,0.454552,0
3650,0,1,1,3,0,1,0,0.188370,0
3651,0,0,0,2,0,0,0,0.619352,0
3652,0,0,3,4,0,3,0,0.305802,0
3653,0,0,0,0,0,0,0,1.200950,0
3654,0,1,3,5,1,1,1,0.108499,1
3655,1,4,4,4,0,0,4,0.099277,1
3656,1,1,2,3,0,2,0,0.039540,1
3657,1,1,1,4,0,1,0,0.034316,1
3658,0,1,1,9,1,0,0,0.220991,0
3659,0,0,2,5,0,2,0,0.299537,0
3660,0,1,3,7,0,0,3,0.238627,0
3661,0,0,0,2,0,0,0,0.527136,0
3662,0,0,1,2,0,1,0,0.493121,0
3663,0,1,1,4,0,1,0,0.172676,1
3664,0,2,2,5,0,2,0,0.131205,1
3665,0,0,0,4,0,0,0,0.502916,0
3666,0,0,1,1,0,1,0,0.326188,0
3667,0,0,0,1,0,0,0,0.869128,0
3668,0,0,0,1,0,0,0,0.929547,0
3669,0,0,0,6,0,0,0,0.683821,0
3670,0,0,0,1,0,0,0,0.828558,0
3671,0,3,4,7,3,1,0,0.121457,1
3672,2,2,2,3,2,0,0,0.051258,1
3673,0,0,0,1,0,0,0,0.943882,0
3674,1,1,3,6,1,1,1,0.051589,1
3675,1,2,4,8,3,1,0,0.014707,1
3676,1,1,1,3,0,0,1,0.017387,1
3677,2,2,6,9,1,1,4,0.018353,1
3678,4,4,8,9,7,1,0,0.016758,1
3679,0,0,0,1,0,0,0,0.570777,0
3680,0,0,4,7,4,0,0,0.303792,0
3681,0,1,1,2,1,0,0,0.226628,0
3682,0,0,0,1,0,0,0,0.885038,0
3683,0,0,0,0,0,0,0,1.008019,0
3684,0,0,0,2,0,0,0,0.899974,0
3685,1,2,2,3,0,0,2,0.052411,1
3686,0,0,1,4,0,1,0,0.411192,0
3687,0,1,4,6,1,2,1,0.108005,1
3688,1,1,1,1,0,0,1,0.093294,1
3689,0,2,6,7,6,0,0,0.136135,1
3690,0,0,1,5,1,0,0,0.404710,0
3691,0,1,4,8,0,1,3,0.184818,0
3692,0,0,0,2,0,0,0,0.887134,0
3693,1,3,4,6,1,2,1,0.017756,1
3694,1,2,2,3,0,0,2,0.094907,1
3695,1,3,5,9,1,3,1,0.005713,1
3696,0,1,1,5,0,1,0,0.170204,1
3697,0,6,15,19,1,0,14,0.136370,1
3698,1,3,6,11,0,1,5,0.027383,1
3699,0,0,0,1,0,0,0,0.634908,0
3700,0,0,0,1,0,0,0,0.813457,0
3701,0,1,1,2,0,1,0,0.155962,1
3702,1,1,3,4,2,1,0,0.013491,1
3703,0,0,0,0,0,0,0,1.390060,0
3704,0,1,1,3,0,0,1,0.134874,1
3705,0,2,4,4,3,1,0,0.166100,1
3706,0,0,3,8,3,0,0,0.314133,0
3707,0,0,0,0,0,0,0,1.362967,0
3708,0,0,2,3,0,2,0,0.374123,0
3709,0,0,1,5,1,0,0,0.291388,0
3710,0,0,0,1,0,0,0,0.951252,0
3711,0,2,3,7,3,0,0,0.128527,1
3712,1,1,4,8,3,1,0,0.040331,1
3713,0,0,0,2,0,0,0,0.843826,0
3714,1,1,3,7,1,1,1,0.066132,1
3715,0,0,2,4,1,1,0,0.382677,0
3716,0,0,0,0,0,0,0,1.876894,0
3717,0,1,5,6,2,2,1,0.212202,0
3718,1,1,1,3,0,1,0,0.046994,1
3719,0,1,2,6,2,0,0,0.105444,1
3720,0,2,2,2,1,1,0,0.111004,1
3721,0,0,0,2,0,0,0,0.872759,0
3722,0,0,1,1,0,1,0,0.479438,0
3723,1,1,1,4,0,0,1,0.041658,1
3724,0,2,2,7,0,2,0,0.200294,0
3725,0,0,0,0,0,0,0,1.644774,0
3726,0,1,3,4,2,1,0,0.203726,0
3727,0,1,1,2,1,0,0,0.138063,1
3728,4,8,12,13,0,0,12,0.007282,1
3729,0,0,2,2,1,1,0,0.251144,0
3730,0,0,1,4,0,0,1,0.380552,0
3731,3,6,7,9,3,4,0,0.013093,1
3732,0,1,2,3,2,0,0,0.123129,1
3733,0,0,2,3,2,0,0,0.342908,0
3734,0,1,1,1,0,0,1,0.187349,0
3735,1,2,4,9,0,4,0,0.015525,1
3736,2,7,9,10,5,1,3,0.001063,1
3737,2,2,2,6,2,0,0,0.066439,1
3738,0,0,0,1,0,0,0,0.952201,0
3739,0,0,0,0,0,0,0,1.438905,0
3740,0,0,1,2,1,0,0,0.415561,0
3741,0,0,0,4,0,0,0,0.568516,0
3742,0,0,1,3,0,1,0,0.491749,0
3743,1,2,3,7,1,2,0,0.012515,1
3744,0,0,2,4,1,1,0,0.297561,0
3745,0,1,2,5,1,1,0,0.232470,0
3746,0,0,1,1,1,0,0,0.300124,0
3747,0,0,1,3,0,1,0,0.339878,0
3748,0,0,0,2,0,0,0,0.717036,0
3749,0,1,3,3,0,3,0,0.185429,0
3750,1,6,8,14,2,2,4,0.000876,1
3751,0,0,5,8,0,5,0,0.257141,0
3752,0,0,2,2,1,1,0,0.275596,0
3753,0,2,4,5,0,1,3,0.110574,1
3754,2,4,5,6,1,1,3,0.050906,1
3755,0,0,2,2,1,1,0,0.316009,0
3756,0,1,1,6,0,0,1,0.223715,0
3757,0,1,2,3,0,2,0,0.137513,1
3758,2,2,3,6,0,2,1,0.064052,1
3759,0,0,1,2,1,0,0,0.430886,0
3760,1,3,5,8,2,3,0,0.074094,1
3761,1,2,2,5,2,0,0,0.072919,1
3762,1,2,2,3,0,2,0,0.022778,1
3763,0,0,3,5,1,2,0,0.325035,0
3764,0,1,1,1,0,1,0,0.162291,1
3765,2,2,2,5,0,2,0,0.031317,1
3766,3,4,4,7,4,0,0,0.021635,1
3767,0,0,0,2,0,0,0,0.537501,0
3768,3,3,6,11,5,1,0,0.010468,1
3769,0,0,0,3,0,0,0,0.620054,0
3770,0,0,3,4,3,0,0,0.285383,0
3771,0,1,1,1,0,1,0,0.168635,1
3772,1,2,4,4,0,1,3,0.040906,1
3773,0,0,3,6,0,3,0,0.381749,0
3774,1,1,3,7,3,0,0,0.053050,1
3775,1,1,4,5,1,2,1,0.030454,1
3776,1,2,4,6,1,0,3,0.082975,1
3777,1,1,1,1,0,1,0,0.058722,1
3778,0,0,2,3,0,1,1,0.269221,0
3779,1,2,5,8,1,0,4,0.040829,1
3780,0,2,4,4,0,4,0,0.171590,1
3781,0,1,1,2,0,1,0,0.237258,0
3782,0,0,1,1,1,0,0,0.389527,0
3783,0,1,1,2,1,0,0,0.112397,1
3784,0,1,3,4,0,3,0,0.237601,0
3785,2,2,3,7,3,0,0,0.072902,1
3786,2,4,8,11,5,2,1,0.058084,1
3787,0,2,5,8,3,0,2,0.228039,0
3788,0,0,1,6,1,0,0,0.460893,0
3789,0,0,3,4,2,1,0,0.292247,0
3790,1,1,1,1,0,1,0,0.001506,1
3791,0,1,2,4,0,2,0,0.191594,0
3792,3,7,10,11,7,1,2,0.034710,1
3793,1,4,4,4,1,0,3,0.064140,1
3794,0,1,1,1,1,0,0,0.175823,0
3795,1,1,3,7,1,1,1,0.074564,1
3796,0,2,2,3,1,0,1,0.121713,1
3797,1,2,4,6,4,0,0,0.084177,1
3798,1,1,2,3,0,2,0,0.079798,1
3799,0,0,0,5,0,0,0,0.675564,0
3800,3,3,3,5,2,1,0,0.005768,1
3801,0,1,4,5,0,2,2,0.112584,1
3802,0,1,2,4,0,2,0,0.238991,0
3803,2,3,4,10,2,2,0,0.041739,1
3804,0,0,0,0,0,0,0,1.266614,0
3805,0,0,0,1,0,0,0,0.631285,0
3806,1,1,2,3,0,2,0,0.037342,1
3807,3,3,3,5,0,1,2,0.079433,1
3808,0,0,0,0,0,0,0,1.035474,0
3809,0,1,1,1,0,1,0,0.190943,0
3810,0,1,1,1,0,0,1,0.208784,0
3811,0,0,4,8,0,0,4,0.285145,0
3812,0,0,2,2,1,1,0,0.300005,0
3813,0,1,3,5,0,1,2,0.249643,0
3814,1,2,5,8,0,1,4,0.048904,1
3815,0,0,1,4,0,1,0,0.496827,0
3816,0,0,0,1,0,0,0,0.570986,0
3817,3,4,5,6,0,1,4,0.088693,1
3818,0,0,1,3,0,1,0,0.439573,0
3819,0,1,2,6,2,0,0,0.220837,0
3820,1,2,2,3,0,2,0,0.073595,1
3821,0,2,4,9,1,1,2,0.132207,1
3822,0,0,0,1,0,0,0,0.809291,0
3823,0,1,4,10,2,0,2,0.230328,0
3824,0,0,1,4,0,1,0,0.355996,0
3825,0,0,0,1,0,0,0,0.624653,0
3826,0,1,4,9,2,1,1,0.147556,1
3827,0,0,1,2,0,0,1,0.284767,0
3828,0,1,3,3,3,0,0,0.193037,0
3829,1,3,4,10,1,2,1,0.040002,1
3830,0,1,2,3,2,0,0,0.184553,0
3831,0,1,1,3,0,1,0,0.143086,1
3832,1,1,2,4,2,0,0,0.045034,1
3833,0,0,2,3,2,0,0,0.407392,0
3834,0,1,1,2,0,1,0,0.185080,0
3835,0,0,0,0,0,0,0,1.096299,0
3836,0,0,1,4,1,0,0,0.472116,0
3837,2,3,3,4,0,1,2,0.083348,1
3838,0,0,0,0,0,0,0,1.428807,0
3839,0,0,0,1,0,0,0,0.870221,0
3840,1,1,1,4,0,1,0,0.051225,1
3841,2,2,2,3,2,0,0,0.074682,1
3842,0,0,1,3,1,0,0,0.292524,0
3843,0,1,2,2,0,1,1,0.104050,1
3844,0,0,5,8,4,1,0,0.276868,0
3845,0,0,0,1,0,0,0,0.833214,0
3846,0,6,10,19,0,10,0,0.127146,1
3847,0,0,0,1,0,0,0,0.992019,0
3848,0,1,3,4,3,0,0,0.125408,1
3849,2,2,2,4,0,0,2,0.028577,1
3850,0,1,1,1,0,1,0,0.230766,0
3851,1,1,2,4,1,1,0,0.061001,1
3852,0,0,4,9,4,0,0,0.320625,0
3853,0,0,1,2,0,1,0,0.345626,0
3854,0,0,1,1,0,1,0,0.450890,0
3855,4,4,10,19,0,0,10,0.050426,1
3856,0,0,1,4,0,1,0,0.338647,0
3857,1,2,7,10,5,2,0,0.082608,1
3858,0,1,1,4,0,1,0,0.128285,1
3859,1,1,3,7,2,1,0,0.046585,1
3860,0,2,2,4,1,1,0,0.195134,0
3861,0,4,5,13,5,0,0,0.105013,1
3862,1,3,4,7,2,2,0,0.060077,1
3863,0,2,3,3,1,1,1,0.113340,1
3864,1,2,2,5,0,1,1,0.026641,1
3865,0,0,2,6,0,1,1,0.263313,0
3866,0,0,2,5,1,1,0,0.290018,0
3867,0,0,0,3,0,0,0,0.624266,0
3868,1,2,5,6,0,0,5,0.095966,1
3869,1,1,3,5,0,3,0,0.054719,1
3870,0,0,1,1,1,0,0,0.384631,0
3871,0,0,0,2,0,0,0,0.554336,0
3872,1,1,2,3,0,2,0,0.032258,1
3873,0,0,5,9,1,1,3,0.312715,0
3874,0,1,1,5,1,0,0,0.176254,0
3875,0,1,1,5,0,1,0,0.222926,0
3876,0,0,1,4,1,0,0,0.355603,0
3877,1,1,2,9,1,0,1,0.055509,1
3878,0,1,4,8,1,1,2,0.158280,1
3879,3,11,12,15,1,3,8,0.016266,1
3880,0,0,0,0,0,0,0,1.280528,0
3881,0,1,1,3,0,1,0,0.216821,0
3882,0,0,2,2,0,0,2,0.311681,0
3883,0,0,2,3,1,1,0,0.266683,0
3884,0,0,0,0,0,0,0,1.871409,0
3885,0,4,6,7,5,1,0,0.117581,1
3886,0,0,5,9,2,2,1,0.356820,0
3887,0,0,1,5,0,0,1,0.299976,0
3888,0,1,2,5,1,1,0,0.114108,1
3889,0,0,3,3,1,2,0,0.320222,0
3890,0,0,0,1,0,0,0,0.679040,0
3891,0,0,2,3,0,2,0,0.333867,0
3892,1,1,2,6,0,1,1,0.016257,1
3893,1,2,5,10,3,0,2,0.078785,1
3894,0,1,3,5,0,1,2,0.156968,1
3895,0,0,1,5,0,0,1,0.311355,0
3896,0,0,1,1,1,0,0,0.390092,0
3897,1,2,3,7,3,0,0,0.098219,1
3898,1,1,6,12,2,1,3,0.078299,1
3899,0,0,2,5,2,0,0,0.307106,0
3900,1,2,2,2,0,1,1,0.022733,1
3901,0,3,5,11,2,1,2,0.101944,1
3902,1,3,4,11,3,0,1,0.093557,1
3903,0,0,3,5,0,2,1,0.284659,0
3904,0,0,0,2,0,0,0,0.629237,0
3905,4,6,8,11,2,5,1,0.008197,1
3906,2,4,4,6,3,1,0,0.035721,1
3907,0,0,0,1,0,0,0,0.587895,0
3908,0,0,1,6,0,0,1,0.403655,0
3909,0,0,1,3,1,0,0,0.318317,0
3910,0,2,3,5,2,0,1,0.193507,0
3911,0,0,0,1,0,0,0,0.654545,0
3912,1,1,2,3,0,2,0,0.085101,1
3913,3,3,4,8,3,1,0,0.053232,1
3914,0,0,1,4,0,0,1,0.319962,0
3915,0,0,3,7,0,0,3,0.312596,0
3916,0,1,1,3,1,0,0,0.121391,1
3917,2,4,5,5,0,1,4,0.002563,1
3918,0,0,0,1,0,0,0,0.993705,0
3919,1,1,3,5,2,1,0,0.062158,1
3920,0,0,0,0,0,0,0,1.307398,0
3921,2,3,3,3,0,0,3,0.051587,1
3922,0,2,5,7,3,0,2,0.100666,1
3923,0,1,1,3,0,1,0,0.208273,0
3924,0,0,1,1,0,1,0,0.306388,0
3925,0,0,8,16,0,0,8,0.320746,0
3926,0,0,0,0,0,0,0,1.633050,0
3927,0,0,0,8,0,0,0,0.506823,0
3928,0,1,2,3,2,0,0,0.144009,1
3929,0,0,2,4,1,1,0,0.254875,0
3930,1,3,4,4,3,1,0,0.074867,1
3931,0,0,1,3,0,1,0,0.295419,0
3932,0,1,3,10,1,2,0,0.112511,1
3933,0,0,1,1,0,1,0,0.436726,0
3934,0,0,0,0,0,0,0,1.110715,0
3935,0,0,0,5,0,0,0,0.698199,0
3936,1,2,5,5,1,4,0,0.003962,1
3937,0,1,4,6,0,2,2,0.112906,1
3938,0,1,2,3,2,0,0,0.179743,0
3939,0,0,0,6,0,0,0,0.674540,0
3940,0,1,2,5,2,0,0,0.242823,0
3941,3,4,4,4,0,4,0,0.057597,1
3942,0,1,3,4,0,1,2,0.215410,0
3943,0,0,0,2,0,0,0,0.868984,0
3944,1,1,2,4,2,0,0,0.054083,1
3945,0,2,5,5,0,1,4,0.103451,1
3946,0,0,2,3,0,2,0,0.294543,0
3947,0,0,2,5,0,2,0,0.359349,0
3948,0,1,1,2,1,0,0,0.164721,1
3949,0,0,3,5,3,0,0,0.263130,0
3950,0,0,3,4,0,0,3,0.350318,0
3951,0,1,2,4,0,2,0,0.186991,0
3952,1,2,3,9,1,1,1,0.079143,1
3953,0,0,8,12,0,4,4,0.266165,0
3954,0,2,3,5,2,1,0,0.114880,1
3955,0,0,2,6,0,0,2,0.471541,0
3956,1,2,2,2,0,1,1,0.017966,1
3957,0,0,0,2,0,0,0,0.561213,0
3958,1,3,4,8,0,0,4,0.084322,1
3959,1,1,3,3,0,3,0,0.005625,1
3960,0,1,2,4,1,1,0,0.172436,1
3961,0,2,4,6,2,2,0,0.128118,1
3962,0,1,1,2,1,0,0,0.151500,1
3963,4,5,6,7,4,2,0,0.020194,1
3964,0,1,1,1,0,1,0,0.188553,0
3965,1,3,5,6,1,2,2,0.004896,1
3966,0,1,1,3,1,0,0,0.107361,1
3967,0,1,2,4,0,0,2,0.109434,1
3968,3,6,6,14,0,2,4,0.004783,1
3969,0,2,2,5,0,2,0,0.112886,1
3970,0,0,3,5,3,0,0,0.330714,0
3971,0,0,1,4,1,0,0,0.484061,0
3972,0,0,0,0,0,0,0,1.197487,0
3973,0,2,4,6,3,1,0,0.190782,0
3974,0,0,1,3,0,1,0,0.452558,0
3975,0,0,1,4,1,0,0,0.426346,0
3976,0,0,0,0,0,0,0,1.284997,0
3977,0,2,4,10,4,0,0,0.157544,1
3978,0,0,0,1,0,0,0,0.501006,0
3979,0,1,3,7,0,0,3,0.194323,0
3980,0,1,2,2,1,1,0,0.169930,1
3981,2,2,2,2,0,2,0,0.066032,1
3982,0,1,2,2,1,1,0,0.161247,1
3983,0,0,0,1,0,0,0,0.728544,0
3984,1,1,1,2,0,1,0,0.046657,1
3985,4,7,7,10,5,0,2,0.014292,1
3986,1,3,5,8,3,2,0,0.043211,1
3987,2,3,4,8,0,0,4,0.075681,1
3988,0,0,0,3,0,0,0,0.772487,0
3989,0,4,8,11,0,2,6,0.168743,1
3990,2,6,7,13,6,1,0,0.056417,1
3991,0,0,1,4,1,0,0,0.454731,0
3992,0,1,3,6,3,0,0,0.201658,0
3993,1,3,4,8,1,0,3,0.027504,1
3994,1,3,9,10,7,2,0,0.078436,1
3995,1,2,3,3,0,0,3,0.098550,1
3996,3,4,8,9,4,4,0,0.080962,1
3997,0,0,0,2,0,0,0,0.882895,0
3998,0,1,1,7,1,0,0,0.115448,1
3999,2,6,7,10,6,1,0,0.003740,1
4000,0,1,2,6,0,1,1,0.101284,1
4001,1,1,1,2,1,0,0,0.057170,1
4002,0,0,1,3,1,0,0,0.390378,0
4003,0,0,0,1,0,0,0,0.820447,0
4004,0,1,1,6,0,1,0,0.205653,0
4005,0,2,4,6,0,4,0,0.135559,1
4006,0,2,7,12,2,0,5,0.158207,1
4007,0,0,1,6,1,0,0,0.382583,0
4008,0,0,0,2,0,0,0,0.735871,0
4009,0,0,1,2,1,0,0,0.471169,0
4010,0,1,4,8,1,1,2,0.243425,0
4011,1,1,1,2,0,0,1,0.096290,1
4012,0,0,3,7,3,0,0,0.271110,0
4013,0,1,1,1,0,1,0,0.197284,0
4014,4,4,4,5,0,4,0,0.041707,1
4015,0,0,0,0,0,0,0,1.025223,0
4016,0,1,1,3,0,1,0,0.160332,1
4017,0,0,0,0,0,0,0,2.100638,0
4018,0,0,0,1,0,0,0,0.863800,0
4019,0,0,1,4,0,1,0,0.271465,0
4020,0,0,1,1,0,0,1,0.292801,0
4021,0,1,1,3,0,1,0,0.137267,1
4022,0,2,2,4,2,0,0,0.128648,1
4023,0,1,1,3,0,1,0,0.152282,1
4024,0,1,1,4,1,0,0,0.195667,0
4025,0,0,0,5,0,0,0,0.582254,0
4026,0,0,4,7,0,3,1,0.374251,0
4027,0,0,2,2,1,1,0,0.342607,0
4028,0,1,1,3,0,1,0,0.225025,0
4029,0,0,0,2,0,0,0,0.710207,0
4030,1,2,4,7,2,0,2,0.015670,1
4031,0,0,0,3,0,0,0,0.648687,0
4032,0,2,2,4,0,0,2,0.149363,1
4033,0,0,1,2,1,0,0,0.488213,0
4034,0,0,0,1,0,0,0,0.696258,0
4035,0,0,0,3,0,0,0,0.707274,0
4036,0,0,2,3,0,2,0,0.406364,0
4037,0,1,3,10,0,1,2,0.238759,0
4038,0,0,3,3,0,1,2,0.344525,0
4039,0,0,2,6,0,2,0,0.323048,0
4040,0,0,1,5,0,0,1,0.427494,0
4041,0,0,0,1,0,0,0,0.883817,0
4042,0,0,1,1,0,1,0,0.348106,0
4043,0,0,1,5,0,1,0,0.466621,0
4044,0,0,0,2,0,0,0,0.753051,0
4045,0,0,0,0,0,0,0,1.318522,0
4046,0,2,3,4,2,1,0,0.168386,1
4047,0,0,1,5,1,0,0,0.462075,0
4048,1,1,2,5,0,2,0,0.094188,1
4049,0,1,1,2,1,0,0,0.165355,1
4050,0,0,0,3,0,0,0,0.519595,0
4051,0,0,0,0,0,0,0,1.216610,0
4052,2,6,7,8,4,0,3,0.045229,1
4053,0,0,1,3,0,1,0,0.308483,0
4054,0,0,2,6,1,0,1,0.305047,0
4055,0,1,2,2,1,1,0,0.177033,0
4056,6,7,8,13,6,1,1,0.005117,1
4057,0,0,1,4,0,1,0,0.434573,0
4058,0,0,1,7,0,1,0,0.464401,0
4059,1,1,4,5,1,1,2,0.074033,1
4060,0,0,3,4,1,2,0,0.481546,0
4061,0,1,1,1,1,0,0,0.133906,1
4062,0,0,0,1,0,0,0,0.711221,0
4063,0,0,1,2,0,1,0,0.334570,0
4064,1,2,6,6,0,2,4,0.025257,1
4065,1,2,4,4,3,0,1,0.082764,1
4066,1,1,1,2,1,0,0,0.010649,1
4067,0,0,0,0,0,0,0,1.194119,0
4068,0,0,1,1,0,1,0,0.427929,0
4069,0,0,0,0,0,0,0,1.086379,0
4070,2,4,7,9,5,1,1,0.045056,1
4071,2,5,5,9,4,1,0,0.033713,1
4072,0,0,2,6,1,1,0,0.371398,0
4073,0,1,1,2,0,0,1,0.191188,0
4074,3,4,8,8,5,3,0,0.028927,1
4075,2,6,9,10,0,3,6,0.062471,1
4076,1,1,1,1,0,1,0,0.056924,1
4077,0,0,1,3,0,1,0,0.357599,0
4078,0,0,0,4,0,0,0,0.588209,0
4079,0,0,0,2,0,0,0,0.802382,0
4080,0,0,0,1,0,0,0,0.688106,0
4081,0,0,0,0,0,0,0,1.372980,0
4082,0,0,2,6,1,0,1,0.321006,0
4083,0,0,2,4,2,0,0,0.306996,0
4084,0,1,2,6,1,1,0,0.241782,0
4085,0,0,1,5,0,0,1,0.434427,0
4086,0,0,0,1,0,0,0,0.785409,0
4087,0,1,5,12,1,1,3,0.201241,0
4088,2,4,4,4,4,0,0,0.048261,1
4089,0,0,0,3,0,0,0,0.534540,0
4090,0,2,2,6,2,0,0,0.107974,1
4091,0,0,0,1,0,0,0,0.608278,0
4092,0,0,0,1,0,0,0,0.544429,0
4093,0,0,0,3,0,0,0,0.517662,0
4094,0,0,1,6,0,1,0,0.300889,0
4095,0,0,2,6,0,0,2,0.417440,0
4096,2,2,2,5,2,0,0,0.092890,1
4097,0,2,5,7,3,2,0,0.116607,1
4098,1,4,5,5,3,1,1,0.017597,1
4099,0,1,1,1,0,1,0,0.112984,1
4100,1,1,1,2,0,1,0,0.035452,1
4101,0,1,1,2,1,0,0,0.185699,0
4102,2,3,6,13,3,1,2,0.048087,1
4103,1,3,3,8,0,1,2,0.023804,1
4104,0,0,1,9,1,0,0,0.372393,0
4105,0,0,0,1,0,0,0,0.581757,0
4106,0,0,0,2,0,0,0,0.510181,0
4107,3,5,12,13,6,0,6,0.047508,1
4108,0,1,1,2,0,1,0,0.156710,1
4109,0,0,0,3,0,0,0,0.563612,0
4110,0,0,0,1,0,0,0,0.631536,0
4111,0,1,3,5,3,0,0,0.189722,0
4112,1,1,2,8,2,0,0,0.044812,1
4113,0,1,3,10,2,0,1,0.217599,0
4114,0,1,3,4,1,2,0,0.190358,0
4115,0,2,2,2,2,0,0,0.199187,0
4116,0,0,2,4,1,1,0,0.366868,0
4117,0,0,2,5,2,0,0,0.260400,0
4118,0,0,1,2,1,0,0,0.435831,0
4119,1,2,4,7,0,3,1,0.060757,1
4120,0,2,3,3,2,1,0,0.199110,0
4121,0,1,2,2,0,2,0,0.189920,0
4122,1,2,6,7,0,3,3,0.097179,1
4123,2,2,2,3,0,2,0,0.000857,1
4124,0,1,1,3,0,1,0,0.228273,0
4125,2,3,5,6,0,1,4,0.054414,1
4126,0,0,1,2,1,0,0,0.391653,0
4127,0,0,0,3,0,0,0,0.588175,0
4128,1,2,3,6,1,1,1,0.084477,1
4129,0,0,1,3,1,0,0,0.480513,0
4130,0,0,2,4,0,1,1,0.304888,0
4131,0,1,3,6,2,1,0,0.230352,0
4132,0,0,0,0,0,0,0,1.209263,0
4133,0,2,3,6,1,1,1,0.166054,1
4134,0,0,0,1,0,0,0,0.772565,0
4135,1,6,8,11,6,2,0,0.095287,1
4136,0,0,1,2,1,0,0,0.387785,0
4137,0,1,4,9,2,0,2,0.179205,0
4138,0,0,1,7,0,1,0,0.380709,0
4139,0,0,1,5,0,0,1,0.317862,0
4140,0,0,2,5,1,1,0,0.428130,0
4141,0,1,2,3,0,0,2,0.191384,0
4142,0,1,2,4,1,1,0,0.245132,0
4143,0,0,1,3,0,1,0,0.252343,0
4144,0,1,2,7,0,2,0,0.138819,1
4145,0,0,2,4,0,1,1,0.286186,0
4146,0,0,0,1,0,0,0,0.991485,0
4147,0,1,2,5,0,0,2,0.186385,0
4148,0,1,1,3,0,1,0,0.215900,0
4149,0,0,1,1,0,1,0,0.393231,0
4150,0,0,0,1,0,0,0,0.917205,0
4151,0,0,1,3,1,0,0,0.454857,0
4152,0,0,0,3,0,0,0,0.629730,0
4153,1,1,1,1,0,1,0,0.011594,1
4154,0,0,1,2,0,1,0,0.494030,0
4155,0,1,4,6,4,0,0,0.174233,0
4156,0,0,1,4,1,0,0,0.270187,0
4157,0,0,6,7,0,2,4,0.428154,0
4158,0,2,6,9,5,1,0,0.135452,1
4159,0,0,0,2,0,0,0,0.644530,0
4160,0,0,0,1,0,0,0,0.933056,0
4161,0,0,1,1,0,1,0,0.305097,0
4162,0,0,0,1,0,0,0,0.533603,0
4163,0,1,2,6,0,2,0,0.237628,0
4164,1,2,3,6,1,2,0,0.083298,1
4165,1,2,5,6,0,4,1,0.028424,1
4166,0,0,0,4,0,0,0,0.550756,0
4167,0,1,2,9,1,0,1,0.238321,0
4168,1,1,1,2,1,0,0,0.077544,1
4169,2,3,5,6,3,1,1,0.030623,1
4170,0,1,1,3,0,0,1,0.142653,1
4171,0,0,0,3,0,0,0,0.809971,0
4172,0,0,0,3,0,0,0,0.772204,0
4173,3,5,6,7,5,1,0,0.022568,1
4174,0,0,1,2,1,0,0,0.294458,0
4175,0,0,1,5,1,0,0,0.431926,0
4176,0,1,3,4,3,0,0,0.206954,0
4177,0,0,1,2,1,0,0,0.378601,0
4178,0,0,0,2,0,0,0,0.676735,0
4179,2,6,7,12,3,2,2,0.027370,1
4180,0,1,2,2,2,0,0,0.219808,0
4181,0,0,0,5,0,0,0,0.516289,0
4182,0,0,0,0,0,0,0,1.020906,0
4183,0,0,0,2,0,0,0,0.772049,0
4184,0,0,2,2,0,2,0,0.298423,0
4185,0,0,1,6,1,0,0,0.347548,0
4186,0,0,0,5,0,0,0,0.507960,0
4187,1,1,2,2,1,1,0,0.065882,1
4188,2,3,4,5,4,0,0,0.019966,1
4189,2,3,3,3,0,1,2,0.028572,1
4190,0,0,3,5,0,3,0,0.297287,0
4191,1,1,2,3,0,0,2,0.014944,1
4192,2,2,4,8,1,2,1,0.020708,1
4193,0,0,2,4,1,1,0,0.324028,0
4194,0,0,0,5,0,0,0,0.577916,0
4195,0,0,0,1,0,0,0,0.590369,0
4196,0,2,2,3,0,2,0,0.169013,1
4197,0,0,1,2,1,0,0,0.367746,0
4198,0,0,0,4,0,0,0,0.638688,0
4199,0,0,3,7,1,2,0,0.323376,0
4200,0,0,0,0,0,0,0,1.874104,0
4201,0,1,1,1,1,0,0,0.232961,0
4202,0,1,3,7,0,2,1,0.155873,1
4203,1,2,3,6,1,2,0,0.009246,1
4204,0,2,2,5,1,0,1,0.195823,0
4205,0,0,0,2,0,0,0,0.650483,0
4206,0,1,1,5,1,0,0,0.121123,1
4207,0,0,2,3,2,0,0,0.414429,0
4208,0,2,2,3,1,1,0,0.103426,1
4209,0,0,0,2,0,0,0,0.615133,0
4210,0,0,0,4,0,0,0,0.616750,0
4211,1,2,2,4,0,2,0,0.060566,1
4212,0,0,3,3,0,1,2,0.308278,0
4213,0,0,1,4,1,0,0,0.494524,0
4214,0,0,3,3,1,2,0,0.477087,0
4215,0,0,0,1,0,0,0,0.542306,0
4216,0,1,4,8,1,1,2,0.218273,0
4217,1,3,5,8,2,1,2,0.035571,1
4218,3,3,4,7,0,3,1,0.006731,1
4219,0,1,1,7,1,0,0,0.184216,0
4220,1,1,2,2,1,1,0,0.029515,1
4221,0,0,4,10,0,3,1,0.274125,0
4222,0,1,5,11,3,0,2,0.186904,0
4223,0,1,4,8,4,0,0,0.135449,1
4224,0,1,3,5,0,0,3,0.186736,0
4225,0,0,0,0,0,0,0,1.261790,0
4226,0,0,3,3,1,2,0,0.276586,0
4227,1,1,1,2,0,0,1,0.080511,1
4228,0,0,0,1,0,0,0,0.695940,0
4229,3,3,6,6,1,1,4,0.072363,1
4230,1,4,6,9,5,1,0,0.060048,1
4231,0,2,6,9,0,1,5,0.100460,1
4232,0,2,2,3,2,0,0,0.177758,0
4233,0,1,1,1,0,1,0,0.150080,1
4234,0,0,2,9,0,0,2,0.333528,0
4235,0,0,0,2,0,0,0,0.581639,0
4236,0,0,2,4,1,1,0,0.320436,0
4237,0,0,0,1,0,0,0,0.628935,0
4238,1,1,3,4,1,1,1,0.086813,1
4239,0,1,3,4,0,3,0,0.227352,0
4240,0,2,4,6,4,0,0,0.134218,1
4241,0,3,4,6,1,1,2,0.129885,1
4242,0,1,1,2,1,0,0,0.221309,0
4243,0,0,2,4,2,0,0,0.261810,0
4244,0,0,3,9,1,0,2,0.309585,0
4245,0,0,0,1,0,0,0,0.825591,0
4246,0,0,0,4,0,0,0,0.512560,0
4247,0,2,4,8,0,2,2,0.116245,1
4248,0,0,0,4,0,0,0,0.501381,0
4249,0,0,1,2,1,0,0,0.476255,0
4250,3,3,7,11,4,3,0,0.006015,1
4251,0,0,1,2,0,1,0,0.301189,0
4252,1,2,6,13,0,1,5,0.080383,1
4253,0,0,0,2,0,0,0,0.723849,0
4254,1,2,3,3,0,3,0,0.024678,1
4255,0,4,5,7,0,3,2,0.107581,1
4256,2,3,5,8,2,2,1,0.028986,1
4257,0,1,2,2,1,1,0,0.227214,0
4258,8,10,10,14,2,0,8,0.026957,1
4259,0,0,5,9,0,5,0,0.350243,0
4260,2,2,2,2,0,2,0,0.011192,1
4261,0,0,1,2,0,1,0,0.256251,0
4262,0,2,2,2,0,2,0,0.138929,1
4263,0,0,0,4,0,0,0,0.512132,0
4264,1,1,2,5,2,0,0,0.039273,1
4265,0,0,4,5,0,2,2,0.280845,0
4266,0,0,0,2,0,0,0,0.601696,0
4267,1,1,2,5,0,1,1,0.012144,1
4268,1,1,1,3,1,0,0,0.051721,1
4269,1,2,2,10,0,2,0,0.076212,1
4270,5,8,11,17,1,9,1,0.003917,1
4271,0,1,1,1,1,0,0,0.102362,1
4272,0,6,7,19,5,0,2,0.110900,1
4273,0,0,0,1,0,0,0,0.831578,0
4274,1,1,1,4,0,1,0,0.058474,1
4275,1,2,2,6,1,1,0,0.025991,1
4276,2,6,7,17,1,3,3,0.018715,1
4277,0,0,2,5,2,0,0,0.275176,0
4278,1,3,4,7,4,0,0,0.098159,1
4279,0,0,1,2,0,1,0,0.365849,0
4280,0,0,0,0,0,0,0,1.410946,0
4281,0,2,2,3,0,0,2,0.186077,0
4282,1,5,8,8,1,7,0,0.093609,1
4283,0,0,0,3,0,0,0,0.609569,0
4284,0,1,1,2,0,0,1,0.196804,0
4285,0,0,0,1,0,0,0,0.836432,0
4286,1,1,4,10,3,0,1,0.055620,1
4287,0,0,0,0,0,0,0,1.076127,0
4288,1,1,1,2,0,1,0,0.068241,1
4289,0,0,3,8,1,1,1,0.262689,0
4290,0,2,2,4,0,0,2,0.159084,1
4291,0,0,3,5,0,3,0,0.256000,0
4292,0,0,1,1,1,0,0,0.490495,0
4293,1,2,2,4,0,1,1,0.094843,1
4294,0,0,2,7,1,1,0,0.469152,0
4295,0,0,2,2,0,2,0,0.397836,0
4296,0,0,0,1,0,0,0,0.579659,0
4297,1,1,1,1,0,1,0,0.094973,1
4298,0,1,1,3,0,0,1,0.158444,1
4299,0,1,5,7,0,5,0,0.237697,0
4300,1,4,6,7,3,2,1,0.045176,1
4301,0,0,0,0,0,0,0,1.053132,0
4302,0,0,1,3,1,0,0,0.444261,0
4303,0,1,2,9,0,2,0,0.184968,0
4304,1,1,2,2,0,2,0,0.084780,1
4305,2,2,2,5,2,0,0,0.012803,1
4306,2,2,2,4,0,2,0,0.002952,1
4307,1,1,2,3,0,2,0,0.014531,1
4308,1,1,2,6,1,1,0,0.049570,1
4309,1,2,2,2,0,2,0,0.032991,1
4310,2,3,5,11,4,1,0,0.036048,1
4311,2,2,2,3,1,1,0,0.071585,1
4312,2,3,3,5,0,3,0,0.047602,1
4313,0,2,2,2,2,0,0,0.138933,1
4314,0,0,1,2,0,1,0,0.457603,0
4315,1,1,1,1,0,1,0,0.036153,1
4316,1,2,2,4,0,2,0,0.008447,1
4317,0,3,3,9,0,2,1,0.210736,0
4318,0,0,0,2,0,0,0,0.889654,0
4319,0,0,1,4,0,1,0,0.454058,0
4320,0,1,4,8,3,1,0,0.241940,0
4321,0,1,4,7,4,0,0,0.233942,0
4322,0,0,0,2,0,0,0,0.757153,0
4323,1,1,3,9,1,2,0,0.018969,1
4324,0,0,2,5,2,0,0,0.426167,0
4325,0,1,1,1,0,1,0,0.140840,1
4326,2,4,4,4,0,0,4,0.057552,1
4327,0,0,1,4,0,0,1,0.450560,0
4328,2,4,7,16,2,2,3,0.077303,1
4329,2,5,5,6,5,0,0,0.036826,1
4330,0,0,0,0,0,0,0,1.040154,0
4331,0,2,5,7,4,1,0,0.157639,1
4332,0,0,1,1,1,0,0,0.311801,0
4333,0,1,2,2,1,1,0,0.126473,1
4334,0,1,2,2,1,0,1,0.136625,1
4335,0,0,0,3,0,0,0,0.795415,0
4336,0,0,1,5,1,0,0,0.272587,0
4337,1,1,1,1,0,0,1,0.074639,1
4338,0,0,0,0,0,0,0,1.365917,0
4339,1,2,5,9,3,1,1,0.034201,1
4340,0,1,1,2,0,1,0,0.133297,1
4341,0,1,1,3,0,1,0,0.190320,0
4342,1,3,4,5,0,1,3,0.069549,1
4343,1,3,5,9,1,2,2,0.045033,1
4344,0,0,0,1,0,0,0,0.951288,0
4345,1,2,4,6,3,1,0,0.090041,1
4346,0,2,2,4,2,0,0,0.122887,1
4347,3,3,3,5,1,2,0,0.068008,1
4348,1,2,4,4,0,0,4,0.070516,1
4349,0,0,0,1,0,0,0,0.941351,0
4350,1,1,2,2,0,2,0,0.047139,1
4351,1,2,2,5,0,2,0,0.023169,1
4352,0,1,3,6,2,1,0,0.166357,1
4353,0,2,4,4,1,2,1,0.101957,1
4354,1,2,4,6,4,0,0,0.089852,1
4355,4,4,6,9,6,0,0,0.003899,1
4356,0,1,2,9,0,1,1,0.164229,1
4357,0,7,10,10,0,4,6,0.109541,1
4358,2,2,5,9,0,1,4,0.082150,1
4359,0,2,2,3,2,0,0,0.134594,1
4360,1,1,1,2,0,1,0,0.042294,1
4361,0,0,1,3,1,0,0,0.369070,0
4362,0,0,1,5,0,1,0,0.485615,0
4363,1,5,7,12,4,1,2,0.031095,1
4364,0,1,4,4,2,2,0,0.108273,1
4365,0,0,0,0,0,0,0,1.834367,0
4366,0,3,5,9,5,0,0,0.126758,1
4367,0,0,2,5,1,1,0,0.265404,0
4368,0,1,2,3,0,2,0,0.221948,0
4369,0,2,3,4,0,3,0,0.115129,1
4370,2,6,6,11,6,0,0,0.023931,1
4371,0,0,0,2,0,0,0,0.507622,0
4372,0,3,4,4,0,4,0,0.171496,1
4373,0,1,1,6,0,1,0,0.169156,1
4374,1,1,1,3,1,0,0,0.063742,1
4375,0,0,0,3,0,0,0,0.515518,0
4376,0,1,1,4,0,1,0,0.214171,0
4377,0,0,4,6,3,1,0,0.374428,0
4378,4,7,19,28,3,3,13,0.017345,1
4379,0,2,3,6,0,2,1,0.160547,1
4380,0,1,4,6,2,1,1,0.189870,0
4381,0,3,6,13,4,1,1,0.138845,1
4382,0,3,5,6,2,0,3,0.156622,1
4383,0,0,2,5,2,0,0,0.316178,0
4384,0,0,1,6,0,1,0,0.329142,0
4385,0,2,2,3,0,1,1,0.219785,0
4386,1,2,3,9,0,1,2,0.067799,1
4387,0,1,1,2,0,1,0,0.232545,0
4388,0,0,1,2,1,0,0,0.355359,0
4389,0,1,2,7,1,1,0,0.207295,0
4390,12,12,14,17,0,0,14,0.020248,1
4391,0,0,0,1,0,0,0,0.682088,0
4392,0,0,0,1,0,0,0,0.518230,0
4393,0,2,5,5,0,2,3,0.202341,0
4394,1,2,2,2,2,0,0,0.050103,1
4395,0,1,2,4,1,1,0,0.209439,0
4396,0,0,0,0,0,0,0,1.035921,0
4397,0,0,2,5,0,2,0,0.397724,0
4398,3,4,4,7,0,2,2,0.046833,1
4399,1,1,2,4,2,0,0,0.033708,1
4400,1,1,1,4,0,1,0,0.036369,1
4401,1,1,1,1,0,1,0,0.054783,1
4402,0,0,2,3,0,1,1,0.343320,0
4403,0,1,1,1,1,0,0,0.101692,1
4404,0,3,9,13,8,0,1,0.120565,1
4405,2,2,4,6,0,3,1,0.048898,1
4406,0,1,3,4,2,1,0,0.232334,0
4407,0,0,0,3,0,0,0,0.615563,0
4408,1,1,1,3,1,0,0,0.076347,1
4409,0,1,2,3,0,2,0,0.143852,1
4410,2,3,4,5,3,1,0,0.088282,1
4411,0,0,1,2,1,0,0,0.259019,0
4412,4,4,4,8,4,0,0,0.008760,1
4413,1,1,1,1,0,1,0,0.013099,1
4414,0,1,2,7,2,0,0,0.196358,0
4415,0,1,4,10,4,0,0,0.203413,0
4416,0,1,2,3,0,1,1,0.208942,0
4417,0,3,4,8,3,1,0,0.122006,1
4418,1,1,1,1,0,1,0,0.046318,1
4419,1,4,6,10,4,2,0,0.053791,1
4420,0,0,2,4,1,1,0,0.390080,0
4421,0,2,4,10,1,1,2,0.181268,0
4422,0,0,7,8,1,2,4,0.317782,0
4423,0,0,1,4,0,1,0,0.286289,0
4424,0,2,4,7,3,1,0,0.115413,1
4425,0,2,6,8,2,3,1,0.151340,1
4426,2,5,7,8,0,2,5,0.082943,1
4427,0,0,1,9,0,1,0,0.390439,0
4428,0,1,2,5,1,0,1,0.215246,0
4429,0,2,3,5,1,2,0,0.177087,0
4430,0,0,1,4,1,0,0,0.319690,0
4431,1,2,3,7,2,1,0,0.050356,1
4432,2,2,4,4,4,0,0,0.047892,1
4433,0,2,3,4,1,1,1,0.163016,1
4434,0,0,0,0,0,0,0,1.027383,0
4435,0,0,0,2,0,0,0,0.717420,0
4436,3,3,4,8,0,2,2,0.033255,1
4437,0,0,1,2,0,0,1,0.483308,0
4438,0,0,1,4,0,1,0,0.450740,0
4439,0,1,1,3,1,0,0,0.105481,1
4440,0,1,2,6,1,1,0,0.204076,0
4441,0,0,2,2,1,1,0,0.359321,0
4442,0,1,3,3,0,1,2,0.110961,1
4443,2,3,3,4,1,2,0,0.013451,1
4444,0,1,2,3,1,1,0,0.221144,0
4445,0,0,0,0,0,0,0,1.593689,0
4446,0,0,0,2,0,0,0,0.899407,0
4447,0,0,5,6,3,0,2,0.265215,0
4448,0,0,0,1,0,0,0,0.690502,0
4449,0,0,2,3,1,1,0,0.388850,0
4450,1,1,1,4,0,1,0,0.076676,1
4451,1,3,8,13,7,0,1,0.045507,1
4452,0,3,5,6,3,2,0,0.109139,1
4453,0,0,1,2,1,0,0,0.357011,0
4454,0,0,2,4,1,1,0,0.334896,0
4455,0,0,0,4,0,0,0,0.630966,0
4456,1,2,4,6,4,0,0,0.085968,1
4457,1,2,2,3,1,1,0,0.080452,1
4458,0,0,0,2,0,0,0,0.667299,0
4459,0,0,0,1,0,0,0,0.760177,0
4460,1,1,3,3,1,2,0,0.007885,1
4461,0,0,0,0,0,0,0,1.024907,0
4462,1,2,2,6,1,1,0,0.062055,1
4463,0,0,2,3,0,2,0,0.314807,0
4464,0,0,0,5,0,0,0,0.545741,0
4465,0,0,2,4,1,1,0,0.371528,0
4466,0,1,1,2,0,1,0,0.149367,1
4467,0,1,4,6,3,1,0,0.107096,1
4468,0,2,5,7,5,0,0,0.229899,0
4469,1,1,4,5,1,1,2,0.027205,1
4470,0,0,1,1,0,1,0,0.418196,0
4471,5,5,6,7,5,1,0,0.002748,1
4472,0,0,0,0,0,0,0,1.140167,0
4473,1,1,1,1,0,1,0,0.030656,1
4474,0,0,0,4,0,0,0,0.512134,0
4475,0,0,0,4,0,0,0,0.673565,0
4476,1,1,2,2,1,0,1,0.047501,1
4477,1,4,4,7,1,0,3,0.029924,1
4478,1,1,1,3,0,1,0,0.046944,1
4479,0,0,0,2,0,0,0,0.519911,0
4480,0,1,2,2,1,1,0,0.197067,0
4481,0,0,1,3,1,0,0,0.388025,0
4482,0,0,0,0,0,0,0,1.032619,0
4483,0,1,1,2,0,1,0,0.156613,1
4484,4,4,4,11,1,0,3,0.044812,1
4485,0,0,3,4,0,1,2,0.443187,0
4486,3,4,4,5,0,1,3,0.011203,1
4487,1,1,1,2,1,0,0,0.064539,1
4488,0,0,0,3,0,0,0,0.594456,0
4489,2,5,7,7,4,3,0,0.072993,1
4490,1,2,2,3,2,0,0,0.047312,1
4491,0,0,0,1,0,0,0,0.592121,0
4492,0,0,1,4,1,0,0,0.430559,0
4493,2,2,4,5,1,3,0,0.029421,1
4494,2,10,10,17,0,0,10,0.059990,1
4495,0,0,1,4,0,1,0,0.439422,0
4496,0,0,1,4,0,1,0,0.474311,0
4497,0,0,1,2,1,0,0,0.396872,0
4498,0,2,2,4,0,0,2,0.147834,1
4499,0,1,1,2,0,1,0,0.158558,1
4500,0,0,0,0,0,0,0,1.207490,0
4501,0,0,1,4,0,1,0,0.282085,0
4502,1,1,1,3,0,0,1,0.028424,1
4503,0,2,2,4,2,0,0,0.158870,1
4504,0,0,1,3,1,0,0,0.316691,0
4505,1,1,1,2,0,0,1,0.025874,1
4506,0,0,0,1,0,0,0,0.942233,0
4507,0,1,1,3,0,1,0,0.241337,0
4508,0,1,1,2,1,0,0,0.153013,1
4509,0,1,2,3,1,1,0,0.129252,1
4510,0,1,1,6,1,0,0,0.237188,0
4511,0,0,2,7,1,1,0,0.341327,0
4512,0,0,2,3,2,0,0,0.396214,0
4513,0,0,0,1,0,0,0,0.522890,0
4514,0,0,2,3,0,0,2,0.300029,0
4515,1,3,4,6,3,0,1,0.088648,1
4516,0,0,0,5,0,0,0,0.658952,0
4517,0,0,3,7,2,1,0,0.327518,0
4518,0,0,0,2,0,0,0,0.706850,0
4519,1,2,3,6,1,0,2,0.099785,1
4520,0,0,0,3,0,0,0,0.675602,0
4521,0,0,0,0,0,0,0,1.289249,0
4522,0,0,3,5,1,0,2,0.316345,0
4523,0,0,0,4,0,0,0,0.526725,0
4524,1,2,6,12,2,2,2,0.052815,1
4525,0,2,3,4,1,1,1,0.193546,0
4526,2,5,5,7,1,1,3,0.012514,1
4527,0,0,1,3,0,1,0,0.330163,0
4528,0,0,0,5,0,0,0,0.503960,0
4529,0,0,3,7,0,0,3,0.335027,0
4530,0,0,1,4,0,0,1,0.450888,0
4531,0,1,1,1,0,1,0,0.172858,1
4532,0,0,2,3,1,1,0,0.260134,0
4533,0,0,2,2,0,1,1,0.288143,0
4534,1,1,1,3,1,0,0,0.006776,1
4535,0,0,0,3,0,0,0,0.613571,0
4536,1,1,1,5,0,1,0,0.057580,1
4537,0,0,1,1,0,1,0,0.457385,0
4538,0,0,1,2,1,0,0,0.365810,0
4539,0,1,3,4,0,3,0,0.247982,0
4540,0,0,0,15,0,0,0,0.545170,0
4541,2,2,2,8,0,0,2,0.046657,1
4542,0,1,1,2,1,0,0,0.249296,0
4543,0,0,1,6,1,0,0,0.368015,0
4544,0,0,1,2,0,1,0,0.321847,0
4545,0,0,1,4,1,0,0,0.358493,0
4546,0,0,2,5,1,1,0,0.252527,0
4547,1,3,7,9,0,2,5,0.060725,1
4548,0,0,0,0,0,0,0,1.841252,0
4549,0,0,0,4,0,0,0,0.687742,0
4550,0,3,6,10,5,0,1,0.133853,1
4551,1,3,3,8,0,1,2,0.066850,1
4552,1,1,2,3,0,2,0,0.086180,1
4553,1,2,4,7,0,3,1,0.067971,1
4554,4,4,5,6,2,3,0,0.042065,1
4555,0,0,3,5,1,2,0,0.290410,0
4556,1,1,2,4,1,1,0,0.004875,1
4557,0,0,2,5,0,0,2,0.262964,0
4558,0,0,2,4,1,1,0,0.336935,0
4559,0,1,2,2,0,2,0,0.162667,1
4560,0,1,1,3,1,0,0,0.119173,1
4561,0,0,0,1,0,0,0,0.799363,0
4562,0,0,1,4,1,0,0,0.383418,0
4563,0,0,0,0,0,0,0,1.024229,0
4564,2,4,4,5,4,0,0,0.059300,1
4565,0,0,1,6,0,1,0,0.286294,0
4566,0,0,1,5,0,0,1,0.273855,0
4567,0,0,0,1,0,0,0,0.605215,0
4568,0,0,0,1,0,0,0,0.830537,0
4569,0,0,1,3,1,0,0,0.454745,0
4570,0,1,2,9,1,1,0,0.217835,0
4571,0,0,3,4,0,0,3,0.432370,0
4572,0,0,3,7,0,3,0,0.295698,0
4573,0,1,1,1,0,1,0,0.174213,0
4574,0,1,1,1,0,1,0,0.195870,0
4575,0,0,0,4,0,0,0,0.606216,0
4576,1,1,1,2,0,1,0,0.055153,1
4577,2,2,3,4,1,2,0,0.053970,1
4578,0,2,4,6,2,2,0,0.177606,0
4579,0,0,0,0,0,0,0,1.591410,0
4580,0,0,0,1,0,0,0,0.838738,0
4581,1,1,1,2,0,1,0,0.077233,1
4582,0,0,0,2,0,0,0,0.661363,0
4583,0,4,7,13,5,2,0,0.107131,1
4584,0,0,0,0,0,0,0,1.381562,0
4585,0,0,0,0,0,0,0,1.379738,0
4586,0,0,0,1,0,0,0,0.742947,0
4587,1,2,5,6,3,2,0,0.089316,1
4588,0,1,1,5,1,0,0,0.235846,0
4589,2,2,2,2,0,1,1,0.097441,1
4590,0,0,1,5,1,0,0,0.348021,0
4591,3,6,6,9,0,1,5,0.056751,1
4592,2,2,5,7,1,3,1,0.011096,1
4593,0,0,2,5,1,1,0,0.320827,0
4594,0,0,1,4,1,0,0,0.375804,0
4595,0,0,2,5,1,1,0,0.346586,0
4596,0,1,5,11,3,2,0,0.107786,1
4597,0,0,0,1,0,0,0,0.788276,0
4598,0,0,0,2,0,0,0,0.674358,0
4599,0,0,0,3,0,0,0,0.582627,0
4600,0,0,0,0,0,0,0,1.560331,0
4601,0,0,0,0,0,0,0,1.031416,0
4602,0,0,0,8,0,0,0,0.620276,0
4603,0,2,2,3,0,0,2,0.152496,1
4604,0,3,4,10,0,4,0,0.183584,0
4605,1,4,9,9,9,0,0,0.070278,1
4606,0,0,1,4,0,1,0,0.438974,0
4607,0,0,0,0,0,0,0,1.137742,0
4608,1,1,2,3,1,1,0,0.065556,1
4609,0,1,1,2,0,1,0,0.113418,1
4610,1,1,2,5,1,1,0,0.045378,1
4611,0,0,0,4,0,0,0,0.520535,0
4612,0,0,1,2,0,0,1,0.449362,0
4613,0,0,2,4,1,1,0,0.266468,0
4614,1,1,2,4,2,0,0,0.077970,1
4615,0,0,3,6,1,2,0,0.385144,0
4616,0,0,1,2,0,1,0,0.395772,0
4617,0,0,1,1,1,0,0,0.373321,0
4618,0,0,0,1,0,0,0,0.839184,0
4619,1,2,2,6,1,1,0,0.053363,1
4620,0,2,3,7,2,1,0,0.159548,1
4621,0,2,5,7,5,0,0,0.131626,1
4622,0,2,3,6,0,2,1,0.232454,0
4623,0,0,1,4,1,0,0,0.425171,0
4624,0,0,1,3,0,0,1,0.409138,0
4625,2,3,4,5,1,1,2,0.055583,1
4626,1,3,4,5,3,1,0,0.068109,1
4627,0,0,3,10,1,0,2,0.338573,0
4628,0,0,2,2,0,0,2,0.398476,0
4629,0,1,1,3,0,1,0,0.172498,1
4630,0,0,4,9,2,2,0,0.357912,0
4631,0,2,2,5,2,0,0,0.135140,1
4632,1,1,1,2,0,0,1,0.038678,1
4633,0,0,1,3,0,1,0,0.354095,0
4634,2,2,5,5,2,0,3,0.024020,1
4635,1,1,2,5,1,1,0,0.044034,1
4636,1,1,2,4,1,1,0,0.014725,1
4637,1,1,4,8,0,4,0,0.083581,1
4638,0,2,5,10,3,0,2,0.189556,0
4639,2,4,5,10,5,0,0,0.027412,1
4640,0,0,2,3,0,2,0,0.416044,0
4641,1,1,2,5,0,2,0,0.015092,1
4642,0,0,1,3,1,0,0,0.337663,0
4643,0,0,2,3,1,1,0,0.418861,0
4644,0,1,1,2,0,1,0,0.116080,1
4645,0,0,0,2,0,0,0,0.714173,0
4646,0,0,1,1,0,1,0,0.264966,0
4647,0,1,3,4,2,1,0,0.115598,1
4648,0,0,0,0,0,0,0,1.543073,0
4649,0,0,0,0,0,0,0,1.000773,0
4650,0,0,0,3,0,0,0,0.611602,0
4651,1,1,1,3,1,0,0,0.075127,1
4652,1,2,2,6,1,1,0,0.081808,1
4653,0,0,1,2,0,1,0,0.390392,0
4654,0,1,2,3,0,2,0,0.218522,0
4655,0,0,0,2,0,0,0,0.722826,0
4656,0,0,1,2,0,1,0,0.296080,0
4657,0,1,2,5,1,1,0,0.112586,1
4658,0,0,1,1,1,0,0,0.294715,0
4659,2,4,8,10,6,0,2,0.017944,1
4660,1,1,2,2,0,1,1,0.016815,1
4661,0,1,5,10,1,2,2,0.204014,0
4662,1,2,2,5,2,0,0,0.020497,1
4663,0,1,2,5,1,1,0,0.185633,0
4664,1,1,1,1,0,1,0,0.099389,1
4665,2,2,3,4,1,1,1,0.060617,1
4666,0,0,1,1,0,1,0,0.407018,0
4667,1,1,7,11,2,1,4,0.036612,1
4668,1,2,5,8,2,1,2,0.099498,1
4669,0,1,1,2,1,0,0,0.227332,0
4670,1,1,2,5,1,0,1,0.003011,1
4671,0,0,1,4,0,1,0,0.425354,0
4672,0,1,3,4,3,0,0,0.238884,0
4673,0,0,0,8,0,0,0,0.612136,0
4674,0,0,1,2,1,0,0,0.315124,0
4675,0,0,1,2,0,1,0,0.432523,0
4676,0,0,1,7,1,0,0,0.358008,0
4677,2,3,5,8,3,2,0,0.008712,1
4678,0,0,0,0,0,0,0,1.084657,0
4679,1,1,2,7,1,1,0,0.038664,1
4680,1,1,1,1,0,1,0,0.035237,1
4681,0,0,0,3,0,0,0,0.673780,0
4682,0,1,3,9,3,0,0,0.155081,1
4683,0,0,1,2,1,0,0,0.335744,0
4684,0,0,2,6,1,1,0,0.382331,0
4685,1,1,3,4,1,2,0,0.011398,1
4686,0,1,1,2,1,0,0,0.173644,1
4687,0,0,2,4,1,1,0,0.315396,0
4688,0,1,3,4,2,1,0,0.225610,0
4689,0,0,1,2,0,0,1,0.282793,0
4690,0,5,5,12,0,2,3,0.137862,1
4691,0,0,1,8,0,1,0,0.357072,0
4692,0,1,1,2,0,1,0,0.184168,0
4693,0,0,0,3,0,0,0,0.543672,0
4694,4,5,5,8,5,0,0,0.027942,1
4695,2,3,4,6,3,1,0,0.089675,1
4696,0,0,3,4,0,0,3,0.264699,0
4697,0,0,1,2,1,0,0,0.395813,0
4698,1,1,1,3,0,1,0,0.065758,1
4699,0,0,0,2,0,0,0,0.721631,0
4700,0,0,1,4,0,1,0,0.470885,0
4701,0,3,7,11,2,0,5,0.199689,0
4702,4,8,12,16,3,2,7,0.011001,1
4703,0,0,1,3,1,0,0,0.372287,0
4704,0,2,2,3,0,2,0,0.183464,0
4705,1,1,1,3,0,1,0,0.087184,1
4706,0,0,0,2,0,0,0,0.590200,0
4707,0,0,1,4,0,0,1,0.489463,0
4708,0,1,2,4,0,1,1,0.234606,0
4709,0,0,0,0,0,0,0,1.289939,0
4710,0,1,1,4,1,0,0,0.212643,0
4711,2,2,3,4,2,1,0,0.017697,1
4712,0,1,1,4,0,1,0,0.177308,0
4713,2,2,2,3,1,0,1,0.075546,1
4714,0,0,1,6,0,0,1,0.488964,0
4715,0,1,4,8,1,0,3,0.179600,0
4716,0,0,1,2,0,0,1,0.256298,0
4717,0,2,3,3,0,1,2,0.143014,1
4718,1,2,5,8,1,3,1,0.067477,1
4719,1,1,2,4,0,2,0,0.041303,1
4720,0,0,1,2,0,1,0,0.369275,0
4721,0,0,2,5,0,2,0,0.330348,0
4722,2,2,4,8,0,0,4,0.073338,1
4723,0,0,0,5,0,0,0,0.639805,0
4724,0,0,0,1,0,0,0,0.803778,0
4725,1,2,6,7,4,2,0,0.006243,1
4726,1,1,4,8,0,1,3,0.019373,1
4727,2,6,6,9,1,2,3,0.044367,1
4728,1,4,7,10,4,1,2,0.022321,1
4729,0,0,0,4,0,0,0,0.533211,0
4730,0,2,2,5,0,2,0,0.212110,0
4731,0,3,4,6,0,1,3,0.169706,1
4732,0,2,5,10,1,4,0,0.130993,1
4733,1,2,3,5,1,0,2,0.008994,1
4734,3,4,6,8,5,1,0,0.018731,1
4735,0,0,2,2,1,1,0,0.263757,0
4736,0,0,1,2,1,0,0,0.475126,0
4737,0,0,0,5,0,0,0,0.506985,0
4738,1,3,3,3,2,1,0,0.047297,1
4739,3,3,5,8,3,2,0,0.064883,1
4740,0,0,0,1,0,0,0,0.547414,0
4741,1,1,2,5,1,1,0,0.030289,1
4742,0,0,2,9,0,1,1,0.446908,0
4743,2,2,5,7,2,2,1,0.006331,1
4744,0,0,1,4,1,0,0,0.393205,0
4745,0,0,0,4,0,0,0,0.567434,0
4746,0,1,1,7,1,0,0,0.221705,0
4747,0,0,0,4,0,0,0,0.545392,0
4748,0,0,1,2,0,0,1,0.465961,0
4749,0,0,0,5,0,0,0,0.735079,0
4750,0,0,2,2,2,0,0,0.348839,0
4751,0,2,3,5,1,2,0,0.157666,1
4752,0,1,2,6,1,1,0,0.114948,1
4753,0,1,2,6,0,1,1,0.183370,0
4754,1,2,5,7,4,1,0,0.086843,1
4755,0,1,3,6,2,1,0,0.223471,0
4756,2,3,4,6,2,0,2,0.020079,1
4757,0,0,1,3,0,1,0,0.467318,0
4758,0,1,1,2,1,0,0,0.129957,1
4759,0,1,4,6,2,2,0,0.165284,1
4760,0,4,6,11,2,0,4,0.103744,1
4761,2,4,4,4,0,0,4,0.022748,1
4762,0,0,0,1,0,0,0,0.937320,0
4763,0,0,0,1,0,0,0,0.907735,0
4764,0,0,0,1,0,0,0,0.693935,0
4765,0,0,0,4,0,0,0,0.900709,0
4766,0,0,2,8,1,1,0,0.390460,0
4767,4,5,5,10,1,1,3,0.009344,1
4768,1,5,8,11,7,1,0,0.083820,1
4769,0,3,4,8,2,2,0,0.207717,0
4770,0,0,0,2,0,0,0,0.578208,0
4771,0,0,0,1,0,0,0,0.743238,0
4772,0,0,1,2,0,1,0,0.378580,0
4773,0,3,3,10,1,2,0,0.141520,1
4774,0,0,0,2,0,0,0,0.573914,0
4775,0,0,0,0,0,0,0,1.815201,0
4776,0,0,1,2,0,1,0,0.480035,0
4777,0,0,2,4,0,2,0,0.382690,0
4778,0,4,4,5,1,2,1,0.122830,1
4779,0,0,4,7,0,2,2,0.271325,0
4780,0,0,0,0,0,0,0,1.130177,0
4781,0,0,2,3,2,0,0,0.287540,0
4782,1,3,4,5,1,1,2,0.004004,1
4783,1,1,2,4,1,1,0,0.002533,1
4784,0,2,2,3,0,2,0,0.119498,1
4785,1,1,3,4,0,0,3,0.060248,1
4786,0,0,0,1,0,0,0,0.689423,0
4787,0,0,2,4,1,1,0,0.321781,0
4788,0,2,2,6,0,2,0,0.111989,1
4789,0,1,1,4,1,0,0,0.205129,0
4790,0,1,1,2,1,0,0,0.211329,0
4791,0,0,0,0,0,0,0,1.401870,0
4792,4,5,7,8,6,0,1,0.025262,1
4793,0,0,2,3,0,1,1,0.311439,0
4794,0,0,1,3,1,0,0,0.414047,0
4795,0,1,3,6,1,2,0,0.169284,1
4796,0,0,2,3,0,0,2,0.337749,0
4797,0,1,1,2,0,1,0,0.203640,0
4798,0,2,4,9,3,1,0,0.195905,0
4799,0,1,1,3,1,0,0,0.160413,1
4800,1,4,4,5,0,1,3,0.060008,1
4801,0,0,2,8,1,1,0,0.285266,0
4802,0,0,0,2,0,0,0,0.644392,0
4803,1,1,1,1,1,0,0,0.090385,1
4804,1,4,4,7,0,2,2,0.095384,1
4805,0,1,2,7,1,1,0,0.200885,0
4806,1,1,4,7,0,4,0,0.003217,1
4807,0,1,2,4,1,1,0,0.219594,0
4808,0,0,2,5,2,0,0,0.371879,0
4809,0,2,5,8,0,0,5,0.151590,1
4810,0,0,0,3,0,0,0,0.638318,0
4811,0,1,3,6,0,2,1,0.227176,0
4812,0,1,2,4,0,1,1,0.190371,0
4813,0,0,3,8,0,2,1,0.316776,0
4814,0,0,3,8,0,2,1,0.296689,0
4815,0,0,0,3,0,0,0,0.813341,0
4816,0,0,0,1,0,0,0,0.784996,0
4817,0,0,0,2,0,0,0,0.884639,0
4818,0,0,0,1,0,0,0,0.981265,0
4819,0,0,0,2,0,0,0,0.656617,0
4820,1,1,4,7,2,2,0,0.040082,1
4821,0,0,0,1,0,0,0,0.775138,0
4822,2,4,4,12,0,0,4,0.054871,1
4823,0,0,0,0,0,0,0,1.148792,0
4824,0,0,1,3,1,0,0,0.258306,0
4825,1,6,6,7,6,0,0,0.078361,1
4826,0,1,1,1,0,1,0,0.114253,1
4827,0,1,2,3,0,2,0,0.102298,1
4828,0,0,1,3,0,1,0,0.489017,0
4829,0,1,1,1,0,1,0,0.138986,1
4830,1,1,1,1,1,0,0,0.061163,1
4831,1,1,3,3,1,2,0,0.012993,1
4832,0,2,2,4,0,2,0,0.231766,0
4833,0,0,1,3,1,0,0,0.394085,0
4834,0,0,1,5,0,1,0,0.461495,0
4835,1,2,4,9,1,1,2,0.052053,1
4836,0,1,1,3,0,0,1,0.247073,0
4837,1,3,5,11,1,0,4,0.048422,1
4838,0,0,1,4,0,1,0,0.428131,0
4839,0,0,2,5,0,2,0,0.377627,0
4840,1,2,4,5,2,1,1,0.005751,1
4841,0,2,4,8,4,0,0,0.106996,1
4842,0,1,1,5,0,1,0,0.243003,0
4843,0,0,0,1,0,0,0,0.976381,0
4844,0,0,2,5,0,0,2,0.258085,0
4845,0,2,2,6,1,1,0,0.209808,0
4846,0,3,4,6,0,1,3,0.136145,1
4847,0,0,0,2,0,0,0,0.511291,0
4848,0,0,1,7,1,0,0,0.396199,0
4849,0,0,0,3,0,0,0,0.714440,0
4850,0,3,4,5,2,0,2,0.178701,0
4851,0,1,1,2,1,0,0,0.232881,0
4852,1,1,2,3,0,0,2,0.076544,1
4853,0,0,0,2,0,0,0,0.781901,0
4854,0,1,3,10,1,2,0,0.203136,0
4855,0,2,2,2,0,1,1,0.159943,1
4856,0,0,0,2,0,0,0,0.638189,0
4857,0,0,1,2,0,1,0,0.478951,0
4858,1,2,4,10,2,1,1,0.042670,1
4859,0,0,0,7,0,0,0,0.561118,0
4860,1,1,1,1,1,0,0,0.017395,1
4861,0,0,2,2,2,0,0,0.301012,0
4862,1,2,2,3,1,1,0,0.091405,1
4863,1,1,1,4,0,1,0,0.080563,1
4864,0,0,1,3,1,0,0,0.332154,0
4865,0,0,0,2,0,0,0,0.879339,0
4866,6,7,13,25,9,2,2,0.053657,1
4867,1,3,6,11,0,3,3,0.001965,1
4868,1,2,3,7,1,1,1,0.037297,1
4869,0,0,0,0,0,0,0,1.508087,0
4870,1,1,1,1,0,1,0,0.000420,1
4871,0,1,2,6,1,1,0,0.163025,1
4872,1,3,4,4,3,1,0,0.084693,1
4873,0,1,3,5,0,1,2,0.171971,1
4874,0,0,1,4,0,0,1,0.415782,0
4875,0,1,3,6,1,2,0,0.237774,0
4876,0,2,3,5,0,2,1,0.219646,0
4877,0,4,6,10,4,2,0,0.133283,1
4878,0,1,2,6,0,1,1,0.109871,1
4879,0,0,1,2,0,1,0,0.492713,0
4880,0,0,1,2,0,1,0,0.469655,0
4881,0,0,0,1,0,0,0,0.899129,0
4882,0,1,2,6,1,1,0,0.160640,1
4883,0,1,1,3,1,0,0,0.160990,1
4884,1,1,4,5,1,2,1,0.065179,1
4885,0,0,0,1,0,0,0,0.781870,0
4886,0,0,1,4,0,0,1,0.399272,0
4887,0,0,5,6,0,3,2,0.253692,0
4888,2,3,3,6,1,2,0,0.010259,1
4889,0,0,0,2,0,0,0,0.501460,0
4890,1,1,1,3,0,1,0,0.028012,1
4891,0,0,0,3,0,0,0,0.564525,0
4892,0,2,4,5,4,0,0,0.115537,1
4893,0,1,2,5,2,0,0,0.207511,0
4894,0,1,1,2,0,1,0,0.172086,1
4895,0,0,0,0,0,0,0,1.132772,0
4896,0,0,1,6,1,0,0,0.364709,0
4897,0,1,3,4,2,1,0,0.155932,1
4898,0,1,1,1,0,1,0,0.212035,0
4899,1,2,2,4,0,2,0,0.016497,1
4900,0,0,0,1,0,0,0,0.868074,0
4901,1,2,7,7,6,0,1,0.065144,1
4902,0,0,2,2,2,0,0,0.358456,0
4903,0,0,1,4,1,0,0,0.420768,0
4904,0,1,4,7,3,1,0,0.168375,1
4905,1,1,1,6,0,1,0,0.033174,1
4906,0,0,1,2,1,0,0,0.445087,0
4907,0,0,0,2,0,0,0,0.780763,0
4908,0,3,5,9,5,0,0,0.144356,1
4909,2,4,5,5,0,0,5,0.079891,1
4910,3,4,6,9,1,5,0,0.066268,1
4911,0,0,1,2,0,0,1,0.378544,0
4912,0,0,0,2,0,0,0,0.751142,0
4913,0,0,1,4,1,0,0,0.383975,0
4914,1,1,2,5,1,1,0,0.081047,1
4915,1,2,5,8,0,0,5,0.011534,1
4916,1,3,5,9,0,1,4,0.088781,1
4917,2,4,4,8,0,2,2,0.085319,1
4918,0,1,1,4,1,0,0,0.181401,0
4919,0,3,6,11,5,1,0,0.168046,1
4920,0,3,3,3,2,1,0,0.162065,1
4921,0,0,1,2,0,1,0,0.397876,0
4922,0,0,0,6,0,0,0,0.520375,0
4923,3,5,5,7,4,1,0,0.013760,1
4924,1,4,8,13,1,2,5,0.067586,1
4925,0,0,0,3,0,0,0,0.519783,0
4926,1,1,2,4,2,0,0,0.079554,1
4927,2,5,10,15,2,3,5,0.014269,1
4928,0,1,3,6,1,2,0,0.141904,1
4929,0,1,1,6,0,1,0,0.145587,1
4930,0,0,0,1,0,0,0,0.706701,0
4931,0,0,1,4,1,0,0,0.459385,0
4932,0,0,1,1,1,0,0,0.416410,0
4933,1,1,3,7,0,3,0,0.015909,1
4934,0,1,1,1,0,1,0,0.102079,1
4935,1,4,6,7,1,1,4,0.069672,1
4936,0,1,2,3,1,0,1,0.127605,1
4937,0,0,1,5,1,0,0,0.252198,0
4938,0,0,1,5,0,1,0,0.390548,0
4939,0,0,2,4,1,0,1,0.252236,0
4940,0,0,0,3,0,0,0,0.778985,0
4941,3,5,5,7,5,0,0,0.018281,1
4942,1,1,2,5,1,1,0,0.060673,1
4943,3,5,9,9,9,0,0,0.071932,1
4944,0,0,1,3,0,1,0,0.268397,0
4945,0,0,1,4,0,0,1,0.261806,0
4946,0,2,4,6,1,1,2,0.148217,1
4947,0,0,1,1,1,0,0,0.435008,0
4948,2,2,4,7,1,3,0,0.015101,1
4949,0,0,1,5,0,1,0,0.281859,0
4950,0,0,2,4,0,2,0,0.366618,0
4951,1,2,2,2,0,2,0,0.022240,1
4952,4,4,4,4,0,0,4,0.000396,1
4953,0,2,3,3,3,0,0,0.137696,1
4954,0,1,3,5,1,2,0,0.109742,1
4955,2,2,5,8,5,0,0,0.064059,1
4956,0,0,1,1,0,1,0,0.416660,0
4957,0,1,2,5,1,1,0,0.114519,1
4958,0,0,2,2,0,2,0,0.309254,0
4959,0,1,1,1,0,1,0,0.164301,1
4960,0,0,0,2,0,0,0,0.795258,0
4961,0,3,3,3,0,0,3,0.128841,1
4962,0,0,1,1,1,0,0,0.358706,0
4963,0,0,1,5,0,0,1,0.464183,0
4964,1,1,1,2,1,0,0,0.001813,1
4965,0,0,0,0,0,0,0,2.132136,0
4966,0,0,0,2,0,0,0,0.919058,0
4967,0,0,0,3,0,0,0,0.885591,0
4968,0,0,0,1,0,0,0,0.644612,0
4969,1,1,3,7,2,1,0,0.078898,1
4970,0,1,5,7,2,3,0,0.148525,1
4971,0,1,3,8,3,0,0,0.148898,1
4972,0,1,2,5,1,0,1,0.102387,1
4973,2,2,4,6,0,3,1,0.033244,1
4974,0,0,0,1,0,0,0,0.950215,0
4975,2,4,4,5,1,3,0,0.022502,1
4976,0,1,1,2,0,1,0,0.231838,0
4977,0,1,3,3,0,2,1,0.230681,0
4978,2,2,5,11,0,1,4,0.034577,1
4979,1,2,6,9,5,1,0,0.068717,1
4980,0,1,2,2,0,2,0,0.185582,0
4981,1,1,2,6,1,1,0,0.045525,1
4982,0,2,2,6,2,0,0,0.183290,0
4983,0,2,2,5,0,1,1,0.127816,1
4984,0,3,5,10,2,3,0,0.112646,1
4985,0,2,3,9,3,0,0,0.174158,1
4986,0,0,0,4,0,0,0,0.614919,0
4987,1,3,7,8,6,1,0,0.088130,1
4988,0,0,0,1,0,0,0,0.926457,0
4989,0,0,0,0,0,0,0,1.196770,0
4990,0,0,4,13,4,0,0,0.299976,0
4991,2,4,7,12,6,1,0,0.032840,1
4992,0,0,1,3,0,1,0,0.250051,0
4993,0,0,0,1,0,0,0,0.860260,0
4994,0,0,1,1,0,1,0,0.483251,0
4995,0,0,2,4,0,2,0,0.385975,0
4996,0,0,0,5,0,0,0,0.643705,0
4997,0,1,2,3,1,1,0,0.195335,0
4998,2,2,3,6,0,3,0,0.008674,1
4999,0,0,3,7,2,1,0,0.319173,0
5000,0,0,3,6,0,0,3,0.339824,0
5001,1,1,3,4,3,0,0,0.089894,1
5002,0,1,3,6,1,0,2,0.142102,1
5003,0,0,1,5,0,1,0,0.482101,0
5004,2,4,5,5,4,1,0,0.076797,1
5005,0,0,0,1,0,0,0,0.562076,0
5006,3,3,5,7,5,0,0,0.026046,1
5007,0,2,7,7,0,5,2,0.175078,0
5008,0,0,0,0,0,0,0,1.223413,0
5009,0,1,1,3,0,1,0,0.152875,1
5010,0,1,3,6,1,0,2,0.100460,1
5011,1,1,1,1,0,1,0,0.008488,1
5012,0,0,0,4,0,0,0,0.549206,0
5013,0,0,0,4,0,0,0,0.611588,0
5014,0,0,0,0,0,0,0,1.176314,0
5015,1,1,2,11,0,2,0,0.010981,1
5016,1,2,4,7,3,1,0,0.016320,1
5017,0,3,3,4,1,1,1,0.123630,1
5018,1,1,2,3,1,1,0,0.095008,1
5019,1,1,3,4,2,1,0,0.071764,1
5020,0,0,0,3,0,0,0,0.636691,0
5021,0,0,2,2,2,0,0,0.264273,0
5022,0,0,0,2,0,0,0,0.700097,0
5023,3,7,8,8,6,0,2,0.040780,1
5024,0,0,4,5,0,2,2,0.363616,0
5025,0,0,4,7,1,1,2,0.378356,0
5026,0,2,5,8,1,3,1,0.151407,1
5027,0,1,1,5,0,0,1,0.136763,1
5028,0,1,1,5,0,1,0,0.163665,1
5029,0,0,2,4,0,2,0,0.290545,0
5030,0,0,1,5,0,1,0,0.410700,0
5031,0,1,3,4,2,0,1,0.190203,0
5032,0,0,0,1,0,0,0,0.593389,0
5033,1,1,2,4,0,1,1,0.010072,1
5034,0,0,2,3,1,1,0,0.307566,0
5035,2,2,3,6,0,1,2,0.084261,1
5036,0,0,0,2,0,0,0,0.507497,0
5037,1,1,3,4,1,1,1,0.096764,1
5038,1,3,4,5,2,2,0,0.098541,1
5039,2,3,5,11,5,0,0,0.006444,1
5040,0,0,2,4,1,0,1,0.388596,0
5041,0,1,6,8,2,4,0,0.242981,0
5042,1,1,1,1,0,1,0,0.038238,1
5043,0,0,0,2,0,0,0,0.626087,0
5044,0,0,0,5,0,0,0,0.721815,0
5045,0,0,1,3,1,0,0,0.263314,0
5046,0,1,2,4,1,0,1,0.231646,0
5047,0,0,0,1,0,0,0,0.643859,0
5048,1,2,3,3,2,1,0,0.084658,1
5049,0,0,0,3,0,0,0,0.769838,0
5050,4,7,7,9,5,0,2,0.061133,1
5051,3,4,5,15,4,1,0,0.002183,1
5052,0,0,1,3,0,0,1,0.482982,0
5053,0,1,3,4,2,1,0,0.214066,0
5054,1,4,4,9,4,0,0,0.064273,1
5055,0,0,0,0,0,0,0,2.339077,0
5056,0,0,1,1,0,1,0,0.363646,0
5057,0,1,4,6,3,1,0,0.182857,0
5058,0,0,0,1,0,0,0,0.501937,0
5059,0,1,4,7,2,2,0,0.210888,0
5060,0,1,2,4,2,0,0,0.223239,0
5061,0,0,0,6,0,0,0,0.507280,0
5062,0,0,0,1,0,0,0,0.995817,0
5063,0,1,1,2,0,1,0,0.190062,0
5064,1,1,1,3,0,1,0,0.012744,1
5065,1,1,2,2,0,2,0,0.002069,1
5066,0,1,1,1,0,1,0,0.140904,1
5067,1,3,3,5,2,1,0,0.069011,1
5068,0,0,3,6,1,2,0,0.254531,0
5069,6,10,13,16,3,6,4,0.002457,1
5070,0,1,1,4,0,1,0,0.198710,0
5071,0,2,2,5,0,2,0,0.159497,1
5072,2,4,5,8,4,1,0,0.037689,1
5073,0,2,3,5,3,0,0,0.182252,0
5074,2,2,3,3,0,3,0,0.069193,1
5075,1,2,3,4,3,0,0,0.059867,1
5076,0,1,1,1,0,1,0,0.166641,1
5077,1,1,2,4,1,1,0,0.032257,1
5078,1,1,2,4,2,0,0,0.002990,1
5079,0,1,2,4,0,2,0,0.110192,1
5080,0,0,1,2,0,1,0,0.354110,0
5081,0,0,2,3,0,0,2,0.338654,0
5082,0,1,2,3,0,2,0,0.204523,0
5083,0,1,2,3,1,1,0,0.192205,0
5084,1,1,4,4,0,3,1,0.000831,1
5085,0,0,0,1,0,0,0,0.707140,0
5086,0,0,1,3,0,1,0,0.474701,0
5087,3,8,8,13,2,3,3,0.001946,1
5088,2,3,6,11,5,1,0,0.052405,1
5089,0,0,0,1,0,0,0,0.752864,0
5090,0,0,0,3,0,0,0,0.656080,0
5091,0,0,3,5,2,1,0,0.260214,0
5092,0,1,4,9,1,2,1,0.196089,0
5093,1,3,3,5,0,1,2,0.004436,1
5094,1,2,3,6,2,0,1,0.009498,1
5095,0,2,4,6,4,0,0,0.187958,0
5096,0,0,0,1,0,0,0,0.679724,0
5097,0,1,1,2,0,1,0,0.166934,1
5098,1,4,4,7,0,1,3,0.024679,1
5099,0,0,0,3,0,0,0,0.590407,0
5100,4,5,7,8,4,2,1,0.017376,1
5101,1,1,1,3,0,1,0,0.049921,1
5102,0,1,1,1,1,0,0,0.127019,1
5103,0,1,3,3,1,2,0,0.100462,1
5104,0,6,10,15,2,0,8,0.181224,0
5105,1,1,2,5,1,1,0,0.007683,1
5106,1,1,1,2,0,0,1,0.053269,1
5107,0,0,0,2,0,0,0,0.627658,0
5108,0,1,3,4,2,1,0,0.200600,0
5109,0,0,0,2,0,0,0,0.663992,0
5110,0,1,4,11,0,3,1,0.244118,0
5111,0,0,0,11,0,0,0,0.638897,0
5112,0,3,11,16,0,1,10,0.114322,1
5113,0,0,1,5,1,0,0,0.372341,0
5114,0,1,4,4,4,0,0,0.181272,0
5115,0,0,3,6,0,0,3,0.468471,0
5116,0,0,2,8,1,1,0,0.312931,0
5117,0,0,1,4,0,1,0,0.476751,0
5118,0,1,1,1,1,0,0,0.231783,0
5119,2,3,7,10,0,2,5,0.054387,1
5120,0,0,2,5,2,0,0,0.301149,0
5121,3,5,8,12,7,1,0,0.040493,1
5122,0,0,2,2,0,2,0,0.278035,0
5123,0,0,2,4,0,0,2,0.268209,0
5124,0,0,2,3,1,0,1,0.263729,0
5125,1,1,2,3,0,2,0,0.085385,1
5126,2,5,5,6,1,2,2,0.031753,1
5127,0,0,0,2,0,0,0,0.890314,0
5128,0,2,2,6,0,2,0,0.100473,1
5129,0,0,0,2,0,0,0,0.649148,0
5130,0,0,0,2,0,0,0,0.541671,0
5131,0,0,0,1,0,0,0,0.820775,0
5132,0,0,0,0,0,0,0,1.292108,0
5133,0,0,1,3,0,1,0,0.420684,0
5134,0,0,1,1,0,0,1,0.346008,0
5135,0,0,0,6,0,0,0,0.568480,0
5136,0,0,1,2,0,1,0,0.284021,0
5137,1,2,2,6,1,0,1,0.017166,1
5138,0,0,0,2,0,0,0,0.567872,0
5139,0,1,2,3,0,2,0,0.217943,0
5140,2,3,5,10,2,3,0,0.086158,1
5141,4,5,7,12,1,5,1,0.019482,1
5142,0,0,1,3,0,1,0,0.274469,0
5143,2,3,6,11,1,3,2,0.058089,1
5144,0,0,1,2,0,0,1,0.364340,0
5145,0,2,3,5,2,1,0,0.190161,0
5146,0,0,0,0,0,0,0,1.192370,0
5147,0,0,0,2,0,0,0,0.704158,0
5148,0,0,4,11,1,2,1,0.286193,0
5149,0,1,3,3,0,2,1,0.213947,0
5150,0,0,1,2,1,0,0,0.411524,0
5151,0,0,1,4,0,0,1,0.319774,0
5152,2,2,2,4,0,1,1,0.006924,1
5153,0,0,0,0,0,0,0,1.089220,0
5154,2,4,11,13,1,0,10,0.036676,1
5155,0,1,1,2,0,1,0,0.199299,0
5156,0,0,0,2,0,0,0,0.655195,0
5157,0,1,5,6,4,1,0,0.205006,0
5158,3,3,5,9,1,2,2,0.047373,1
5159,0,0,1,6,1,0,0,0.429066,0
5160,0,0,3,6,0,0,3,0.339031,0
5161,1,7,11,18,0,5,6,0.000050,1
5162,1,2,5,7,2,3,0,0.013006,1
5163,0,1,4,5,0,3,1,0.134919,1
5164,0,0,0,3,0,0,0,0.808870,0
5165,4,4,5,7,0,0,5,0.037013,1
5166,1,1,1,5,0,1,0,0.044141,1
5167,0,1,5,10,2,3,0,0.109725,1
5168,1,1,4,7,0,1,3,0.095211,1
5169,1,1,2,5,1,1,0,0.099024,1
5170,0,0,0,0,0,0,0,1.898382,0
5171,0,0,1,2,0,1,0,0.380394,0
5172,1,4,4,8,1,0,3,0.097514,1
5173,0,0,2,5,1,0,1,0.252016,0
5174,0,1,4,7,3,1,0,0.174979,0
5175,0,0,0,2,0,0,0,0.658016,0
5176,0,0,0,2,0,0,0,0.597820,0
5177,0,0,3,10,1,0,2,0.381183,0
5178,3,9,13,17,6,1,6,0.047728,1
5179,0,0,2,4,0,2,0,0.308578,0
5180,3,7,8,14,2,2,4,0.020608,1
5181,1,1,1,5,1,0,0,0.040309,1
5182,0,0,1,4,1,0,0,0.364985,0
5183,1,2,4,5,2,1,1,0.066889,1
5184,0,0,1,3,1,0,0,0.370052,0
5185,0,4,4,4,0,1,3,0.111803,1
5186,2,2,3,5,0,3,0,0.034561,1
5187,0,0,0,3,0,0,0,0.873476,0
5188,0,0,0,1,0,0,0,0.584335,0
5189,3,6,6,7,1,1,4,0.023074,1
5190,0,0,1,4,1,0,0,0.316604,0
5191,0,0,0,0,0,0,0,1.747039,0
5192,0,2,3,6,2,1,0,0.178946,0
5193,0,0,0,22,0,0,0,0.542725,0
5194,0,0,3,4,1,0,2,0.465318,0
5195,0,3,6,9,1,2,3,0.123169,1
5196,0,0,1,5,0,1,0,0.422587,0
5197,0,0,0,3,0,0,0,0.643683,0
5198,0,0,0,0,0,0,0,1.496472,0
5199,1,1,2,4,1,1,0,0.061768,1
5200,0,0,1,6,0,1,0,0.287736,0
5201,0,0,3,4,3,0,0,0.307861,0
5202,0,0,0,1,0,0,0,0.544700,0
5203,0,0,4,6,2,2,0,0.297288,0
5204,0,0,2,6,1,0,1,0.384587,0
5205,1,1,1,1,0,0,1,0.079212,1
5206,0,0,2,4,0,1,1,0.260002,0
5207,0,1,1,5,0,1,0,0.123763,1
5208,0,1,1,4,0,1,0,0.216197,0
5209,0,0,1,1,0,0,1,0.386864,0
5210,1,2,3,6,2,1,0,0.012392,1
5211,0,0,0,3,0,0,0,0.503488,0
5212,0,2,2,6,2,0,0,0.220408,0
5213,0,0,2,4,0,0,2,0.454145,0
5214,0,0,1,2,1,0,0,0.394143,0
5215,0,3,3,3,1,0,2,0.100411,1
5216,0,0,2,2,1,1,0,0.275313,0
5217,0,1,2,2,0,2,0,0.214502,0
5218,0,0,2,3,1,0,1,0.410054,0
5219,0,0,0,0,0,0,0,3.172332,0
5220,0,0,1,1,0,1,0,0.266495,0
5221,0,0,0,1,0,0,0,0.518920,0
5222,0,0,0,0,0,0,0,1.457911,0
5223,1,3,5,10,4,1,0,0.060403,1
5224,1,2,6,10,2,3,1,0.091580,1
5225,1,1,2,5,2,0,0,0.069723,1
5226,0,0,1,5,1,0,0,0.260084,0
5227,1,1,2,2,0,2,0,0.068892,1
5228,0,0,1,1,1,0,0,0.466811,0
5229,0,1,2,2,1,1,0,0.109930,1
5230,0,0,0,2,0,0,0,0.715232,0
5231,0,0,0,1,0,0,0,0.526786,0
5232,0,0,0,2,0,0,0,0.671299,0
5233,0,0,3,5,1,1,1,0.344826,0
5234,0,1,2,3,0,1,1,0.242005,0
5235,0,0,2,3,0,1,1,0.421636,0
5236,0,0,0,3,0,0,0,0.524531,0
5237,0,1,2,2,1,1,0,0.240173,0
5238,0,0,2,5,1,1,0,0.357614,0
5239,0,0,2,4,2,0,0,0.310529,0
5240,0,0,1,1,0,1,0,0.260505,0
5241,0,0,2,3,1,1,0,0.319896,0
5242,0,0,0,1,0,0,0,0.871376,0
5243,0,1,2,4,2,0,0,0.215050,0
5244,2,3,3,9,0,0,3,0.051338,1
5245,3,4,4,8,0,0,4,0.060513,1
5246,1,1,1,2,0,1,0,0.068949,1
5247,0,0,1,6,1,0,0,0.461602,0
5248,3,4,5,7,1,4,0,0.071902,1
5249,0,1,4,6,0,3,1,0.197588,0
5250,0,0,0,3,0,0,0,0.838059,0
5251,0,1,2,4,1,1,0,0.130349,1
5252,1,1,2,7,2,0,0,0.043818,1
5253,0,0,1,3,1,0,0,0.454437,0
5254,0,1,1,2,0,1,0,0.184718,0
5255,0,0,1,2,0,1,0,0.340320,0
5256,3,6,6,7,0,0,6,0.068262,1
5257,0,0,2,4,1,1,0,0.288449,0
5258,1,1,1,2,0,1,0,0.053513,1
5259,0,0,0,2,0,0,0,0.885862,0
5260,1,1,1,2,1,0,0,0.048105,1
5261,0,0,0,1,0,0,0,0.889670,0
5262,0,0,2,4,0,0,2,0.290767,0
5263,1,2,2,4,1,1,0,0.088431,1
5264,0,0,0,1,0,0,0,0.854352,0
5265,0,1,2,3,0,2,0,0.244755,0
5266,0,0,0,1,0,0,0,0.592622,0
5267,0,0,3,3,3,0,0,0.253555,0
5268,0,0,0,2,0,0,0,0.542419,0
5269,0,1,1,3,1,0,0,0.234638,0
5270,0,0,1,4,1,0,0,0.442394,0
5271,0,0,1,3,0,1,0,0.490814,0
5272,0,0,1,3,0,0,1,0.407633,0
5273,0,1,2,6,0,1,1,0.164067,1
5274,0,0,0,2,0,0,0,0.636760,0
5275,0,0,0,1,0,0,0,0.527089,0
5276,0,0,0,2,0,0,0,0.563340,0
5277,2,6,6,9,5,1,0,0.013071,1
5278,0,0,0,2,0,0,0,0.754684,0
5279,0,1,4,10,4,0,0,0.160648,1
5280,0,0,0,3,0,0,0,0.754795,0
5281,0,0,3,5,2,1,0,0.253882,0
5282,0,0,0,2,0,0,0,0.801944,0
5283,0,0,0,0,0,0,0,1.228967,0
5284,1,1,1,4,0,0,1,0.019022,1
5285,0,0,0,2,0,0,0,0.917698,0
5286,0,1,3,4,0,0,3,0.116456,1
5287,1,1,1,2,1,0,0,0.021729,1
5288,0,0,0,0,0,0,0,1.032875,0
5289,0,0,1,3,0,1,0,0.258549,0
5290,0,2,4,4,0,0,4,0.132301,1
5291,2,2,3,4,0,1,2,0.074005,1
5292,0,0,0,1,0,0,0,0.673480,0
5293,0,3,3,4,0,0,3,0.180812,0
5294,0,1,1,2,1,0,0,0.154766,1
5295,1,4,4,5,1,3,0,0.066582,1
5296,4,4,4,4,4,0,0,0.005917,1
5297,0,0,1,5,1,0,0,0.425072,0
5298,1,1,3,3,2,1,0,0.046454,1
5299,0,0,0,1,0,0,0,0.775336,0
5300,0,0,0,3,0,0,0,0.838931,0
5301,1,2,2,2,0,1,1,0.043563,1
5302,1,1,2,5,0,1,1,0.031584,1
5303,0,2,2,2,0,2,0,0.242671,0
5304,0,2,3,5,3,0,0,0.116413,1
5305,0,2,3,7,2,1,0,0.105428,1
5306,0,0,3,4,0,3,0,0.468544,0
5307,0,0,0,1,0,0,0,0.531141,0
5308,0,1,3,8,2,1,0,0.212110,0
5309,0,1,2,4,2,0,0,0.132658,1
5310,0,0,0,2,0,0,0,0.729158,0
5311,0,0,2,4,0,1,1,0.413876,0
5312,1,1,4,6,0,4,0,0.084240,1
5313,0,1,1,6,1,0,0,0.211417,0
5314,0,0,1,1,0,1,0,0.439881,0
5315,0,0,2,3,0,1,1,0.421281,0
5316,0,1,2,4,0,2,0,0.122408,1
5317,0,1,2,5,1,1,0,0.135623,1
5318,0,0,1,2,0,1,0,0.476542,0
5319,0,0,1,1,1,0,0,0.446882,0
5320,0,0,1,2,0,1,0,0.441338,0
5321,0,1,2,6,2,0,0,0.220923,0
5322,5,6,10,11,3,0,7,0.041702,1
5323,1,2,4,6,3,1,0,0.068479,1
5324,0,2,5,5,4,1,0,0.101867,1
5325,0,0,0,2,0,0,0,0.802155,0
5326,0,2,3,6,1,2,0,0.119730,1
5327,0,1,1,2,1,0,0,0.223699,0
5328,2,2,5,10,4,1,0,0.064960,1
5329,0,1,1,3,0,1,0,0.110656,1
5330,0,0,0,5,0,0,0,0.539461,0
5331,0,0,0,0,0,0,0,2.243883,0
5332,1,4,6,7,3,3,0,0.062846,1
5333,0,0,0,3,0,0,0,0.742623,0
5334,0,0,0,0,0,0,0,1.119874,0
5335,0,0,1,1,1,0,0,0.470819,0
5336,0,1,4,12,4,0,0,0.174569,0
5337,0,1,1,2,0,1,0,0.200820,0
5338,0,2,5,7,3,1,1,0.144531,1
5339,0,0,0,4,0,0,0,0.590103,0
5340,0,1,1,1,1,0,0,0.171442,1
5341,0,0,3,20,0,1,2,0.293882,0
5342,0,0,0,0,0,0,0,2.594144,0
5343,0,2,3,4,2,1,0,0.168721,1
5344,0,0,4,10,1,0,3,0.343140,0
5345,0,1,6,11,6,0,0,0.191936,0
5346,0,4,7,9,1,2,4,0.226973,0
5347,0,0,0,2,0,0,0,0.663522,0
5348,0,3,5,10,3,0,2,0.103437,1
5349,0,1,1,2,0,1,0,0.119032,1
5350,0,0,0,0,0,0,0,1.225707,0
5351,0,0,0,0,0,0,0,1.051707,0
5352,1,2,4,10,1,1,2,0.074893,1
5353,0,1,1,2,0,1,0,0.185024,0
5354,0,0,0,3,0,0,0,0.690108,0
5355,0,0,0,2,0,0,0,0.935553,0
5356,0,1,3,7,0,1,2,0.231010,0
5357,2,6,7,19,6,1,0,0.040459,1
5358,0,0,1,2,0,1,0,0.350821,0
5359,0,0,3,9,3,0,0,0.252330,0
5360,0,1,3,6,3,0,0,0.179964,0
5361,0,0,1,4,0,0,1,0.286942,0
5362,0,0,0,0,0,0,0,1.052746,0
5363,1,2,4,7,1,3,0,0.056262,1
5364,0,1,3,7,3,0,0,0.201615,0
5365,0,0,4,4,2,2,0,0.256224,0
5366,0,2,4,6,1,3,0,0.155155,1
5367,1,1,2,4,1,1,0,0.073161,1
5368,0,0,0,4,0,0,0,0.501237,0
5369,2,3,4,6,2,1,1,0.014289,1
5370,0,1,4,6,3,1,0,0.155630,1
5371,0,1,2,5,1,0,1,0.127374,1
5372,0,0,0,4,0,0,0,0.808979,0
5373,0,0,0,2,0,0,0,0.638681,0
5374,2,3,5,5,0,1,4,0.032725,1
5375,0,0,0,3,0,0,0,0.560596,0
5376,1,3,5,5,1,4,0,0.011834,1
5377,1,2,3,4,1,0,2,0.061244,1
5378,1,3,3,6,3,0,0,0.048207,1
5379,0,0,1,4,1,0,0,0.409732,0
5380,0,1,4,5,2,2,0,0.122566,1
5381,0,7,8,13,1,1,6,0.151590,1
5382,1,2,2,4,2,0,0,0.070262,1
5383,0,2,7,15,3,0,4,0.197131,0
5384,1,5,6,13,3,1,2,0.001196,1
5385,0,0,0,0,0,0,0,2.028792,0
5386,0,0,0,2,0,0,0,0.570778,0
5387,0,0,2,6,0,2,0,0.336965,0
5388,0,0,1,9,0,0,1,0.330140,0
5389,0,0,0,1,0,0,0,0.950323,0
5390,3,4,5,5,4,1,0,0.028884,1
5391,0,0,0,2,0,0,0,0.617237,0
5392,0,0,0,1,0,0,0,0.915355,0
5393,0,1,4,5,3,1,0,0.107780,1
5394,1,2,2,4,1,1,0,0.029104,1
5395,1,1,3,6,1,2,0,0.009965,1
5396,0,0,0,0,0,0,0,1.057264,0
5397,1,1,2,3,1,1,0,0.036570,1
5398,0,3,4,4,0,4,0,0.122398,1
5399,0,0,0,0,0,0,0,1.793230,0
5400,1,1,2,2,0,2,0,0.044486,1
5401,1,2,5,6,3,2,0,0.087224,1
5402,0,2,8,15,7,0,1,0.114949,1
5403,0,0,0,2,0,0,0,0.700119,0
5404,1,1,2,3,1,1,0,0.052924,1
5405,0,0,2,7,1,1,0,0.372714,0
5406,0,0,3,6,0,3,0,0.278716,0
5407,0,0,1,2,1,0,0,0.314460,0
5408,1,2,3,4,1,1,1,0.031208,1
5409,0,0,2,3,0,1,1,0.306805,0
5410,0,1,1,5,0,1,0,0.137140,1
5411,4,5,6,11,6,0,0,0.039391,1
5412,1,1,1,2,0,1,0,0.012685,1
5413,0,0,1,2,0,1,0,0.391501,0
5414,0,0,0,2,0,0,0,0.535924,0
5415,0,0,0,2,0,0,0,0.530914,0
5416,0,1,5,10,1,4,0,0.217202,0
5417,1,3,8,11,3,1,4,0.041160,1
5418,0,0,0,2,0,0,0,0.625980,0
5419,1,1,2,9,1,0,1,0.055629,1
5420,0,0,1,3,1,0,0,0.252239,0
5421,1,2,3,5,1,2,0,0.025556,1
5422,1,2,4,4,4,0,0,0.084088,1
5423,0,0,1,1,0,1,0,0.267284,0
5424,0,1,3,4,3,0,0,0.152387,1
5425,0,0,0,3,0,0,0,0.636544,0
5426,0,1,4,6,0,1,3,0.117690,1
5427,0,0,2,8,0,1,1,0.302761,0
5428,1,1,1,2,0,1,0,0.058517,1
5429,0,0,0,2,0,0,0,0.540344,0
5430,1,1,2,6,2,0,0,0.019091,1
5431,0,2,2,6,0,2,0,0.120770,1
5432,1,1,3,9,1,1,1,0.017088,1
5433,0,0,0,3,0,0,0,0.827966,0
5434,2,5,6,8,1,4,1,0.000032,1
5435,2,2,5,14,0,0,5,0.087182,1
5436,0,0,0,1,0,0,0,0.808472,0
5437,0,1,1,1,0,1,0,0.144014,1
5438,0,1,7,11,4,0,3,0.101037,1
5439,0,0,0,0,0,0,0,1.754569,0
5440,2,2,2,3,0,2,0,0.065496,1
5441,0,1,3,6,1,2,0,0.147857,1
5442,0,0,0,2,0,0,0,0.797346,0
5443,0,0,2,6,1,1,0,0.349877,0
5444,0,2,2,4,2,0,0,0.132909,1
5445,0,0,2,3,0,2,0,0.414987,0
5446,0,0,0,1,0,0,0,0.999490,0
5447,0,1,1,3,0,1,0,0.122466,1
5448,0,0,2,2,0,2,0,0.312212,0
5449,0,0,1,2,1,0,0,0.367747,0
5450,0,1,1,3,0,1,0,0.240705,0
5451,1,1,2,8,0,2,0,0.023310,1
5452,0,0,0,1,0,0,0,0.979074,0
5453,1,3,3,8,3,0,0,0.074608,1
5454,1,1,1,3,1,0,0,0.036936,1
5455,0,0,0,2,0,0,0,0.581826,0
5456,0,0,1,4,1,0,0,0.429134,0
5457,1,1,1,2,0,1,0,0.072922,1
5458,0,0,1,2,1,0,0,0.497699,0
5459,0,1,2,6,2,0,0,0.162940,1
5460,0,0,0,2,0,0,0,0.598084,0
5461,0,2,4,6,0,3,1,0.187894,0
5462,0,1,1,6,0,1,0,0.155863,1
5463,0,1,1,2,1,0,0,0.227323,0
5464,0,0,0,3,0,0,0,0.580873,0
5465,0,2,3,4,0,3,0,0.164081,1
5466,0,1,3,3,1,1,1,0.210855,0
5467,0,0,0,3,0,0,0,0.530197,0
5468,0,0,0,0,0,0,0,1.095986,0
5469,0,0,1,4,1,0,0,0.369850,0
5470,3,7,8,10,1,1,6,0.036804,1
5471,0,0,0,5,0,0,0,0.682853,0
5472,1,1,2,5,1,0,1,0.081438,1
5473,0,1,2,3,1,1,0,0.125726,1
5474,0,0,0,0,0,0,0,1.011185,0
5475,0,0,0,1,0,0,0,0.936277,0
5476,3,4,6,13,0,2,4,0.016181,1
5477,1,1,4,6,1,3,0,0.051686,1
5478,0,2,2,3,0,0,2,0.209002,0
5479,0,0,0,1,0,0,0,0.700330,0
5480,1,1,2,3,1,1,0,0.079722,1
5481,0,0,1,3,0,1,0,0.413353,0
5482,0,1,2,2,2,0,0,0.156124,1
5483,0,0,2,4,2,0,0,0.420062,0
5484,0,0,0,1,0,0,0,0.531457,0
5485,0,0,2,6,0,2,0,0.306112,0
5486,0,1,5,6,3,1,1,0.245332,0
5487,0,3,3,5,0,1,2,0.115433,1
5488,0,0,1,5,0,1,0,0.269719,0
5489,0,0,0,5,0,0,0,0.612174,0
5490,0,0,1,3,0,1,0,0.364610,0
5491,0,3,5,9,0,1,4,0.158349,1
5492,0,0,0,0,0,0,0,1.289522,0
5493,0,0,1,3,0,1,0,0.428860,0
5494,1,1,2,6,1,1,0,0.074784,1
5495,2,2,6,8,6,0,0,0.038298,1
5496,1,2,3,8,3,0,0,0.090059,1
5497,0,0,2,3,0,1,1,0.268422,0
5498,0,3,4,5,2,1,1,0.103924,1
5499,0,1,3,4,2,1,0,0.223361,0
5500,0,0,1,1,0,1,0,0.451231,0
5501,0,1,5,10,2,3,0,0.249519,0
5502,0,1,5,9,1,0,4,0.129712,1
5503,0,0,1,2,0,1,0,0.441896,0
5504,0,3,4,4,0,4,0,0.100501,1
5505,0,0,1,5,0,1,0,0.307799,0
5506,0,0,3,4,0,1,2,0.346963,0
5507,2,3,5,8,5,0,0,0.061817,1
5508,0,0,0,4,0,0,0,0.656824,0
5509,0,0,3,6,2,1,0,0.331478,0
5510,0,0,0,1,0,0,0,0.620486,0
5511,3,7,8,13,6,2,0,0.015809,1
5512,1,3,6,6,0,6,0,0.069784,1
5513,4,4,6,6,4,2,0,0.001146,1
5514,1,2,2,2,0,2,0,0.083484,1
5515,0,0,0,1,0,0,0,0.965071,0
5516,1,1,1,1,0,1,0,0.053956,1
5517,0,2,2,7,0,0,2,0.234445,0
5518,1,2,3,6,1,1,1,0.049687,1
5519,1,1,1,1,1,0,0,0.072563,1
5520,1,5,8,11,5,2,1,0.032574,1
5521,0,0,0,3,0,0,0,0.550139,0
5522,0,0,2,4,0,2,0,0.252410,0
5523,1,1,1,1,0,1,0,0.008356,1
5524,0,0,0,4,0,0,0,0.551598,0
5525,2,4,6,8,4,2,0,0.020672,1
5526,0,0,0,1,0,0,0,0.545879,0
5527,0,0,1,2,1,0,0,0.301282,0
5528,0,1,2,4,2,0,0,0.195316,0
5529,0,0,1,2,0,1,0,0.382765,0
5530,0,0,3,5,0,1,2,0.394991,0
5531,0,2,5,9,4,1,0,0.140170,1
5532,2,2,3,4,1,0,2,0.023998,1
5533,0,0,3,7,1,1,1,0.360683,0
5534,0,0,0,0,0,0,0,1.194043,0
5535,0,0,2,4,0,2,0,0.350833,0
5536,0,1,1,2,1,0,0,0.135190,1
5537,0,1,1,1,1,0,0,0.239963,0
5538,0,0,1,5,1,0,0,0.350509,0
5539,0,0,0,3,0,0,0,0.812746,0
5540,0,0,1,4,0,1,0,0.273728,0
5541,0,0,0,3,0,0,0,0.887818,0
5542,0,0,1,4,0,0,1,0.365675,0
5543,0,0,0,2,0,0,0,0.561091,0
5544,0,0,2,5,1,0,1,0.397502,0
5545,0,0,1,4,0,1,0,0.378056,0
5546,0,0,0,2,0,0,0,0.818368,0
5547,0,2,6,14,2,1,3,0.248555,0
5548,0,1,3,5,3,0,0,0.221105,0
5549,0,1,1,6,0,0,1,0.189809,0
5550,0,0,0,1,0,0,0,0.781139,0
5551,0,2,2,3,2,0,0,0.146509,1
5552,0,1,2,4,0,2,0,0.123276,1
5553,0,0,0,1,0,0,0,0.561143,0
5554,0,1,2,3,0,2,0,0.204155,0
5555,0,0,1,2,0,0,1,0.406194,0
5556,0,0,0,2,0,0,0,0.818297,0
5557,0,2,2,2,0,0,2,0.190849,0
5558,0,0,0,3,0,0,0,0.526013,0
5559,0,0,2,3,0,2,0,0.379188,0
5560,0,0,0,1,0,0,0,0.662093,0
5561,0,0,0,5,0,0,0,0.519201,0
5562,0,1,4,10,3,1,0,0.169147,1
5563,0,1,1,3,0,1,0,0.200483,0
5564,0,0,1,3,1,0,0,0.331017,0
5565,0,0,0,1,0,0,0,0.583099,0
5566,0,0,0,1,0,0,0,0.782414,0
5567,0,0,0,2,0,0,0,0.607819,0
5568,0,0,3,4,2,1,0,0.325799,0
5569,0,1,1,3,1,0,0,0.249931,0
5570,0,0,1,1,0,0,1,0.389139,0
5571,1,1,1,1,0,1,0,0.037423,1
5572,0,3,7,12,5,1,1,0.134312,1
5573,0,0,1,3,0,0,1,0.414370,0
5574,0,1,6,13,2,1,3,0.243786,0
5575,0,0,0,0,0,0,0,1.578605,0
5576,2,5,6,9,0,0,6,0.052269,1
5577,0,0,0,4,0,0,0,0.795042,0
5578,0,1,4,7,3,1,0,0.238929,0
5579,0,0,3,6,2,0,1,0.347001,0
5580,1,1,2,3,0,2,0,0.058306,1
5581,0,0,0,2,0,0,0,0.508250,0
5582,0,0,1,4,1,0,0,0.446093,0
5583,6,7,11,13,7,3,1,0.008201,1
5584,0,0,1,4,1,0,0,0.458970,0
5585,0,0,1,1,0,0,1,0.381877,0
5586,0,1,2,5,2,0,0,0.187382,0
5587,2,2,2,8,0,0,2,0.066621,1
5588,0,1,3,5,3,0,0,0.233585,0
5589,0,1,7,9,5,2,0,0.187670,0
5590,0,1,3,5,0,0,3,0.159988,1
5591,6,9,12,12,0,5,7,0.030932,1
5592,0,0,4,8,4,0,0,0.275221,0
5593,0,0,3,6,1,0,2,0.445094,0
5594,1,1,3,5,2,1,0,0.055181,1
5595,1,1,1,4,0,0,1,0.048307,1
5596,0,1,1,2,1,0,0,0.126029,1
5597,0,2,3,7,1,0,2,0.120676,1
5598,0,1,1,4,1,0,0,0.182733,0
5599,0,1,4,5,0,4,0,0.235873,0
5600,0,1,2,4,0,2,0,0.121514,1
5601,1,1,2,3,1,0,1,0.009556,1
5602,0,0,0,3,0,0,0,0.539756,0
5603,0,0,0,4,0,0,0,0.717009,0
5604,0,1,2,8,0,0,2,0.222734,0
5605,0,0,2,2,1,1,0,0.355799,0
5606,1,4,6,7,5,1,0,0.066460,1
5607,1,1,1,2,0,1,0,0.055969,1
5608,0,2,3,7,0,2,1,0.105436,1
5609,0,2,3,4,0,0,3,0.212986,0
5610,0,2,3,5,3,0,0,0.138690,1
5611,1,1,1,3,0,1,0,0.059655,1
5612,0,0,0,4,0,0,0,0.726510,0
5613,3,6,11,21,1,2,8,0.023753,1
5614,3,3,4,9,4,0,0,0.022779,1
5615,1,1,1,1,0,1,0,0.047781,1
5616,1,4,4,10,3,0,1,0.069821,1
5617,0,0,0,0,0,0,0,2.586994,0
5618,1,1,2,5,0,2,0,0.072858,1
5619,0,0,0,4,0,0,0,0.527614,0
5620,0,0,2,4,2,0,0,0.345824,0
5621,0,2,2,3,2,0,0,0.110811,1
5622,3,5,9,11,0,3,6,0.036860,1
5623,0,0,1,4,1,0,0,0.371905,0
5624,1,1,5,7,1,1,3,0.097167,1
5625,0,0,0,15,0,0,0,0.508941,0
5626,0,0,0,1,0,0,0,0.682116,0
5627,1,2,2,5,0,0,2,0.061414,1
5628,0,0,1,4,0,0,1,0.433199,0
5629,0,0,0,1,0,0,0,0.811724,0
5630,0,0,0,2,0,0,0,0.768289,0
5631,0,1,3,4,3,0,0,0.138284,1
5632,1,3,3,6,3,0,0,0.082540,1
5633,4,4,5,8,0,1,4,0.016851,1
5634,0,0,3,9,0,1,2,0.251848,0
5635,0,2,7,11,6,1,0,0.105865,1
5636,5,6,9,10,9,0,0,0.023070,1
5637,0,2,5,9,2,2,1,0.172272,1
5638,0,0,1,2,1,0,0,0.267384,0
5639,12,12,22,27,2,0,20,0.000325,1
5640,0,0,0,3,0,0,0,0.541791,0
5641,0,0,1,6,1,0,0,0.318039,0
5642,0,0,0,1,0,0,0,0.824972,0
5643,0,0,0,0,0,0,0,1.517548,0
5644,0,0,2,4,2,0,0,0.411740,0
5645,0,0,1,3,0,1,0,0.272113,0
5646,0,1,1,4,1,0,0,0.219167,0
5647,0,0,1,1,0,1,0,0.370221,0
5648,0,0,2,4,1,1,0,0.338539,0
5649,0,1,1,2,0,1,0,0.172718,1
5650,2,3,5,6,4,1,0,0.055993,1
5651,16,16,16,18,0,0,16,0.003081,1
5652,0,0,0,0,0,0,0,1.313927,0
5653,0,2,3,6,0,0,3,0.105738,1
5654,2,2,3,3,2,1,0,0.002243,1
5655,0,0,2,11,0,0,2,0.327492,0
5656,0,0,4,8,0,1,3,0.304607,0
5657,1,1,2,4,2,0,0,0.046475,1
5658,0,1,1,2,1,0,0,0.194897,0
5659,0,2,2,5,0,1,1,0.228758,0
5660,0,0,1,3,0,0,1,0.306434,0
5661,0,2,2,2,0,2,0,0.208356,0
5662,0,1,2,4,0,1,1,0.143555,1
5663,0,0,0,2,0,0,0,0.505281,0
5664,0,2,2,5,2,0,0,0.165097,1
5665,0,2,3,4,2,0,1,0.231969,0
5666,0,4,5,6,0,4,1,0.233485,0
5667,0,1,1,3,0,0,1,0.126240,1
5668,0,1,1,3,1,0,0,0.197082,0
5669,0,0,1,3,0,1,0,0.438571,0
5670,0,1,1,5,1,0,0,0.216311,0
5671,4,6,11,14,6,5,0,0.002098,1
5672,0,0,0,1,0,0,0,0.582062,0
5673,0,2,2,5,0,0,2,0.208256,0
5674,0,2,2,3,0,2,0,0.107425,1
5675,0,1,3,3,2,1,0,0.198929,0
5676,0,2,3,6,3,0,0,0.134057,1
5677,0,0,2,4,2,0,0,0.263167,0
5678,0,0,1,4,1,0,0,0.272692,0
5679,0,0,2,13,1,1,0,0.342938,0
5680,0,0,2,3,0,0,2,0.252761,0
5681,0,1,4,6,3,1,0,0.204073,0
5682,0,1,5,10,3,2,0,0.202279,0
5683,0,0,0,1,0,0,0,0.664354,0
5684,0,1,1,2,0,1,0,0.112215,1
5685,0,0,1,2,0,1,0,0.363304,0
5686,0,0,0,0,0,0,0,1.965178,0
5687,0,1,2,3,0,1,1,0.126395,1
5688,0,1,2,2,1,1,0,0.167871,1
5689,0,1,1,5,0,0,1,0.156558,1
5690,0,0,3,6,2,1,0,0.347667,0
5691,0,1,1,1,0,0,1,0.194175,0
5692,0,1,4,7,4,0,0,0.142730,1
5693,0,0,0,2,0,0,0,0.650694,0
5694,0,0,0,1,0,0,0,0.919025,0
5695,0,0,2,3,2,0,0,0.251732,0
5696,1,4,8,12,1,1,6,0.054067,1
5697,0,1,5,11,3,2,0,0.151997,1
5698,0,0,1,6,0,1,0,0.400883,0
5699,1,1,1,1,0,1,0,0.058953,1
5700,0,1,4,5,1,1,2,0.106117,1
5701,0,0,4,7,1,3,0,0.278927,0
5702,1,1,2,4,0,2,0,0.068970,1
5703,0,2,2,6,1,1,0,0.200374,0
5704,0,0,0,6,0,0,0,0.583527,0
5705,0,1,7,12,4,0,3,0.224091,0
5706,0,0,1,1,0,1,0,0.499226,0
5707,0,0,0,0,0,0,0,1.175245,0
5708,0,1,2,5,1,1,0,0.231954,0
5709,0,1,3,8,0,1,2,0.168701,1
5710,0,0,3,9,1,2,0,0.265610,0
5711,2,3,6,11,2,4,0,0.052070,1
5712,0,1,2,5,0,2,0,0.154815,1
5713,0,0,0,0,0,0,0,1.397235,0
5714,0,0,1,3,1,0,0,0.487356,0
5715,0,0,0,2,0,0,0,0.530945,0
5716,0,1,1,5,0,1,0,0.153738,1
5717,0,0,0,2,0,0,0,0.553596,0
5718,0,0,2,7,2,0,0,0.325667,0
5719,0,0,1,8,0,1,0,0.486407,0
5720,0,1,2,6,1,1,0,0.248697,0
5721,1,5,11,13,7,0,4,0.097602,1
5722,1,2,5,8,2,2,1,0.008044,1
5723,0,1,1,2,0,1,0,0.149898,1
5724,0,2,5,7,0,2,3,0.125095,1
5725,0,0,0,1,0,0,0,0.968772,0
5726,0,1,2,3,0,2,0,0.140666,1
5727,0,4,6,9,0,3,3,0.100606,1
5728,0,0,1,1,0,1,0,0.415622,0
5729,0,0,0,0,0,0,0,1.085928,0
5730,0,2,4,5,0,2,2,0.193937,0
5731,0,0,1,3,0,1,0,0.356165,0
5732,1,1,2,3,0,1,1,0.089308,1
5733,0,0,3,6,1,1,1,0.290098,0
5734,5,6,9,11,6,1,2,0.018695,1
5735,0,0,2,2,0,0,2,0.459942,0
5736,1,1,2,2,1,1,0,0.054694,1
5737,2,3,3,5,3,0,0,0.063949,1
5738,1,1,2,2,1,1,0,0.006485,1
5739,0,1,3,6,2,1,0,0.158992,1
5740,0,0,1,4,0,1,0,0.476816,0
5741,0,0,3,6,1,0,2,0.391682,0
5742,0,0,1,5,1,0,0,0.330170,0
5743,0,0,0,0,0,0,0,1.230445,0
5744,0,0,0,1,0,0,0,0.903397,0
5745,1,1,1,3,0,1,0,0.090371,1
5746,1,1,1,3,1,0,0,0.012428,1
5747,0,3,6,6,4,1,1,0.101865,1
5748,0,0,2,4,1,0,1,0.320466,0
5749,0,2,2,4,0,2,0,0.115374,1
5750,1,1,1,2,0,1,0,0.082228,1
5751,0,1,1,6,0,1,0,0.219474,0
5752,0,0,1,4,1,0,0,0.463646,0
5753,0,0,0,2,0,0,0,0.564663,0
5754,3,3,7,7,1,1,5,0.018480,1
5755,0,0,0,4,0,0,0,0.555734,0
5756,0,0,2,4,0,1,1,0.363997,0
5757,0,0,1,4,0,1,0,0.428093,0
5758,0,1,2,11,1,0,1,0.195689,0
5759,1,1,6,8,5,1,0,0.071047,1
5760,0,0,0,4,0,0,0,0.618524,0
5761,0,0,0,1,0,0,0,0.898858,0
5762,0,0,0,0,0,0,0,1.376507,0
5763,0,0,0,2,0,0,0,0.756739,0
5764,0,0,1,1,0,1,0,0.443185,0
5765,0,2,5,9,2,2,1,0.122059,1
5766,2,4,4,6,0,4,0,0.023008,1
5767,0,2,7,11,1,4,2,0.137115,1
5768,3,4,4,5,1,1,2,0.085578,1
5769,0,1,1,2,0,1,0,0.124025,1
5770,0,0,0,3,0,0,0,0.544367,0
5771,0,0,2,3,0,0,2,0.255692,0
5772,0,0,0,0,0,0,0,1.052053,0
5773,0,2,6,11,4,1,1,0.132728,1
5774,0,1,2,5,2,0,0,0.110238,1
5775,0,0,3,4,1,2,0,0.362693,0
5776,0,0,1,4,0,1,0,0.444141,0
5777,2,2,4,4,4,0,0,0.015046,1
5778,0,0,11,19,0,0,11,0.397948,0
5779,0,2,2,12,1,0,1,0.126473,1
5780,0,0,0,0,0,0,0,1.333842,0
5781,0,0,3,3,0,1,2,0.323458,0
5782,0,0,0,0,0,0,0,1.364105,0
5783,0,0,3,8,2,1,0,0.254525,0
5784,1,2,7,7,5,1,1,0.070227,1
5785,3,5,5,9,5,0,0,0.007449,1
5786,0,0,0,1,0,0,0,0.801734,0
5787,0,1,3,4,2,1,0,0.137825,1
5788,0,0,1,3,1,0,0,0.300302,0
5789,0,0,0,0,0,0,0,1.787642,0
5790,0,2,5,10,3,2,0,0.122293,1
5791,0,0,1,1,0,1,0,0.433104,0
5792,0,0,4,13,0,2,2,0.275009,0
5793,0,0,1,4,1,0,0,0.350761,0
5794,0,0,3,6,1,0,2,0.327346,0
5795,0,1,1,7,1,0,0,0.219123,0
5796,0,0,0,1,0,0,0,0.687334,0
5797,0,0,2,4,0,1,1,0.452549,0
5798,1,1,1,1,0,1,0,0.058581,1
5799,0,0,0,1,0,0,0,0.507284,0
5800,0,1,4,4,3,1,0,0.154904,1
5801,0,0,0,0,0,0,0,1.395525,0
5802,0,2,4,7,4,0,0,0.125060,1
5803,0,1,1,2,0,1,0,0.214297,0
5804,1,5,5,8,5,0,0,0.078303,1
5805,0,0,0,0,0,0,0,2.414303,0
5806,0,0,1,1,0,1,0,0.448830,0
5807,0,1,3,4,1,2,0,0.236199,0
5808,0,0,3,3,3,0,0,0.297011,0
5809,0,1,3,6,1,2,0,0.103995,1
5810,0,1,2,3,0,2,0,0.232720,0
5811,0,1,4,7,0,3,1,0.137813,1
5812,0,0,1,2,1,0,0,0.461679,0
5813,0,1,3,3,2,1,0,0.232374,0
5814,0,0,0,3,0,0,0,0.514093,0
5815,0,0,5,9,4,0,1,0.281813,0
5816,0,1,1,3,0,1,0,0.228701,0
5817,0,1,2,4,2,0,0,0.187487,0
5818,0,0,0,1,0,0,0,0.644334,0
5819,0,0,0,7,0,0,0,0.625091,0
5820,0,1,1,2,0,1,0,0.108994,1
5821,0,1,2,5,1,0,1,0.244357,0
5822,0,0,2,3,0,2,0,0.301289,0
5823,1,2,3,9,0,1,2,0.041496,1
5824,0,1,1,5,0,1,0,0.115171,1
5825,1,1,1,10,0,1,0,0.031226,1
5826,0,0,1,3,0,1,0,0.410340,0
5827,0,0,2,4,2,0,0,0.463820,0
5828,0,2,2,3,2,0,0,0.234375,0
5829,0,0,0,3,0,0,0,0.652460,0
5830,0,0,1,2,0,1,0,0.425831,0
5831,0,0,0,1,0,0,0,0.914357,0
5832,0,2,2,5,1,0,1,0.103239,1
5833,0,1,3,7,3,0,0,0.192158,0
5834,1,1,1,3,0,1,0,0.060149,1
5835,0,2,2,3,2,0,0,0.127693,1
5836,0,0,0,1,0,0,0,0.968966,0
5837,0,2,3,8,0,0,3,0.179328,0
5838,0,0,3,6,1,0,2,0.285652,0
5839,4,4,4,9,4,0,0,0.012389,1
5840,0,3,4,8,3,1,0,0.110230,1
5841,0,2,5,6,2,0,3,0.141978,1
5842,1,3,5,5,0,4,1,0.032832,1
5843,0,0,1,2,0,1,0,0.345656,0
5844,1,1,2,2,0,1,1,0.008188,1
5845,0,2,2,4,1,1,0,0.108064,1
5846,0,1,1,2,0,1,0,0.127489,1
5847,2,3,6,6,6,0,0,0.020743,1
5848,0,1,5,8,1,1,3,0.115337,1
5849,0,0,0,3,0,0,0,0.555268,0
5850,1,1,7,11,3,4,0,0.009769,1
5851,0,1,1,5,0,1,0,0.121190,1
5852,0,0,0,2,0,0,0,0.596284,0
5853,0,2,2,3,2,0,0,0.189874,0
5854,0,0,1,5,1,0,0,0.335413,0
5855,0,2,2,3,2,0,0,0.191975,0
5856,0,0,0,1,0,0,0,0.607676,0
5857,1,1,5,8,2,2,1,0.087018,1
5858,1,1,2,7,0,0,2,0.047893,1
5859,0,1,2,5,0,2,0,0.116413,1
5860,0,0,0,4,0,0,0,0.727869,0
5861,0,0,1,8,0,0,1,0.319635,0
5862,1,1,3,5,1,1,1,0.007834,1
5863,3,3,5,8,0,0,5,0.033486,1
5864,0,0,1,1,1,0,0,0.281846,0
5865,0,1,2,3,0,2,0,0.224055,0
5866,0,1,1,3,0,1,0,0.125728,1
5867,0,2,6,11,4,1,1,0.112379,1
5868,0,0,2,3,1,1,0,0.373960,0
5869,0,1,1,2,1,0,0,0.173566,1
5870,0,1,1,1,0,1,0,0.208268,0
5871,0,1,1,8,1,0,0,0.190820,0
5872,0,0,1,1,0,0,1,0.466905,0
5873,0,0,2,5,2,0,0,0.401053,0
5874,1,1,1,1,1,0,0,0.031992,1
5875,0,1,3,4,1,2,0,0.100322,1
5876,1,3,4,9,0,1,3,0.021552,1
5877,0,0,0,0,0,0,0,1.317972,0
5878,1,1,2,2,0,1,1,0.065259,1
5879,0,0,1,3,0,1,0,0.337713,0
5880,1,2,6,9,5,1,0,0.057851,1
5881,0,0,1,1,1,0,0,0.447347,0
5882,0,0,0,2,0,0,0,0.549895,0
5883,0,0,2,3,0,0,2,0.267769,0
5884,0,0,1,2,0,1,0,0.435234,0
5885,4,4,4,6,4,0,0,0.000774,1
5886,0,2,4,8,1,1,2,0.208770,0
5887,0,0,1,14,0,0,1,0.263832,0
5888,0,0,2,8,2,0,0,0.272571,0
5889,0,0,1,1,0,1,0,0.425867,0
5890,3,4,4,5,4,0,0,0.032418,1
5891,1,3,4,5,1,1,2,0.039890,1
5892,0,0,0,0,0,0,0,1.983940,0
5893,0,0,0,5,0,0,0,0.633292,0
5894,0,0,0,2,0,0,0,0.626717,0
5895,1,5,5,8,2,0,3,0.081050,1
5896,0,5,6,9,3,0,3,0.183372,0
5897,0,1,2,7,1,1,0,0.233624,0
5898,0,4,5,8,0,2,3,0.116557,1
5899,0,0,1,3,0,1,0,0.314079,0
5900,0,0,6,9,3,0,3,0.272505,0
5901,1,2,4,5,4,0,0,0.005271,1
5902,1,2,4,5,1,3,0,0.084048,1
5903,0,0,2,7,0,1,1,0.362566,0
5904,0,0,3,6,1,2,0,0.259300,0
5905,0,1,4,8,0,2,2,0.213851,0
5906,0,0,1,2,1,0,0,0.369422,0
5907,2,2,3,6,0,0,3,0.086083,1
5908,0,2,2,8,1,1,0,0.199975,0
5909,3,7,11,14,6,2,3,0.015812,1
5910,0,0,0,0,0,0,0,1.298714,0
5911,1,1,6,11,2,4,0,0.019069,1
5912,0,1,4,6,4,0,0,0.143303,1
5913,1,1,3,6,2,1,0,0.056460,1
5914,0,0,2,3,0,2,0,0.441024,0
5915,0,0,2,4,0,0,2,0.344451,0
5916,0,1,1,3,0,1,0,0.205612,0
5917,0,1,2,4,0,1,1,0.150348,1
5918,0,1,5,12,2,3,0,0.117026,1
5919,2,2,4,7,3,1,0,0.029128,1
5920,0,0,1,9,0,0,1,0.395196,0
5921,0,0,3,4,3,0,0,0.373761,0
5922,0,0,1,5,0,0,1,0.254822,0
5923,0,1,3,5,0,3,0,0.164733,1
5924,0,0,1,2,0,0,1,0.299992,0
5925,0,2,3,6,0,2,1,0.145399,1
5926,0,0,0,0,0,0,0,1.139771,0
5927,2,8,12,18,0,0,12,0.087585,1
5928,0,2,2,4,0,2,0,0.214966,0
5929,0,0,0,1,0,0,0,0.815018,0
5930,0,0,2,4,2,0,0,0.260190,0
5931,1,1,1,1,0,1,0,0.068968,1
5932,1,1,2,3,0,2,0,0.097789,1
5933,0,0,0,2,0,0,0,0.764190,0
5934,0,1,2,5,1,1,0,0.190990,0
5935,4,4,8,9,5,2,1,0.030248,1
5936,0,1,2,4,0,2,0,0.191652,0
5937,1,1,2,2,1,1,0,0.052003,1
5938,0,1,4,7,3,1,0,0.206126,0
5939,0,2,3,4,2,1,0,0.162145,1
5940,0,0,1,4,0,0,1,0.445492,0
5941,3,4,6,10,1,0,5,0.046360,1
5942,0,0,0,2,0,0,0,0.614624,0
5943,1,1,1,4,1,0,0,0.094898,1
5944,0,0,1,1,1,0,0,0.261583,0
5945,0,0,0,2,0,0,0,0.672290,0
5946,0,1,4,5,0,1,3,0.209771,0
5947,1,1,1,2,1,0,0,0.003140,1
5948,0,0,1,1,0,1,0,0.290698,0
5949,2,3,6,14,3,3,0,0.031876,1
5950,0,0,0,1,0,0,0,0.912372,0
5951,0,0,2,8,2,0,0,0.255403,0
5952,0,0,2,4,1,1,0,0.252185,0
5953,1,4,7,10,2,1,4,0.066125,1
5954,0,0,3,4,2,0,1,0.356193,0
5955,0,0,0,0,0,0,0,1.010267,0
5956,1,3,5,7,0,5,0,0.066436,1
5957,0,3,7,8,0,3,4,0.146618,1
5958,0,0,0,0,0,0,0,1.023828,0
5959,1,2,4,7,3,1,0,0.084880,1
5960,0,0,2,3,0,1,1,0.308741,0
5961,3,4,4,5,4,0,0,0.024910,1
5962,0,1,4,7,1,3,0,0.167283,1
5963,0,0,2,4,0,0,2,0.355470,0
5964,0,0,0,0,0,0,0,1.735972,0
5965,0,0,1,3,1,0,0,0.272479,0
5966,0,2,8,16,0,4,4,0.103149,1
5967,3,4,4,4,0,4,0,0.085004,1
5968,2,2,3,7,0,2,1,0.041915,1
5969,0,0,0,2,0,0,0,0.744661,0
5970,0,0,0,4,0,0,0,0.551559,0
5971,0,0,0,0,0,0,0,1.426893,0
5972,1,1,2,3,2,0,0,0.086374,1
5973,1,2,2,3,1,1,0,0.061050,1
5974,1,1,3,3,2,1,0,0.054237,1
5975,0,1,1,3,0,1,0,0.159413,1
5976,0,0,3,6,0,3,0,0.301186,0
5977,0,0,0,1,0,0,0,0.760763,0
5978,0,0,0,2,0,0,0,0.785728,0
5979,1,2,4,6,2,2,0,0.055850,1
5980,0,2,7,9,0,7,0,0.144841,1
5981,1,1,1,5,1,0,0,0.036104,1
5982,0,2,2,9,2,0,0,0.161142,1
5983,0,0,0,5,0,0,0,0.659934,0
5984,2,4,6,6,5,1,0,0.062834,1
5985,1,1,2,7,1,1,0,0.005502,1
5986,2,5,6,8,6,0,0,0.022575,1
5987,0,4,7,18,2,1,4,0.101606,1
5988,0,0,0,1,0,0,0,0.737999,0
5989,0,0,0,4,0,0,0,0.511193,0
5990,0,1,3,4,0,2,1,0.220070,0
5991,0,0,0,0,0,0,0,1.072496,0
5992,0,0,0,4,0,0,0,0.522232,0
5993,0,0,1,2,1,0,0,0.261892,0
5994,2,9,14,20,2,0,12,0.087417,1
5995,0,1,1,2,1,0,0,0.210434,0
5996,2,2,8,14,0,1,7,0.040541,1
5997,0,0,1,3,0,0,1,0.285525,0
5998,0,0,0,1,0,0,0,0.786765,0
5999,0,3,4,11,4,0,0,0.133595,1
6000,1,5,5,11,2,2,1,0.095346,1
6001,1,1,4,6,3,0,1,0.012179,1
6002,0,1,6,9,0,0,6,0.155397,1
6003,0,0,0,1,0,0,0,0.841828,0
6004,3,5,6,9,5,1,0,0.040228,1
6005,1,1,1,3,0,1,0,0.093242,1
6006,0,5,7,11,3,1,3,0.104900,1
6007,0,1,1,10,0,1,0,0.189125,0
6008,0,0,1,2,0,0,1,0.445411,0
6009,0,1,2,3,0,1,1,0.111741,1
6010,0,0,1,2,0,1,0,0.447528,0
6011,0,1,1,3,0,1,0,0.212626,0
6012,0,0,0,2,0,0,0,0.519062,0
6013,0,1,1,1,1,0,0,0.197838,0
6014,0,1,2,5,0,1,1,0.180515,0
6015,0,0,1,4,0,1,0,0.345364,0
6016,0,0,2,7,0,0,2,0.364663,0
6017,0,0,0,3,0,0,0,0.563469,0
6018,1,1,1,1,0,1,0,0.056329,1
6019,0,0,0,3,0,0,0,0.662839,0
6020,1,1,2,2,2,0,0,0.080097,1
6021,0,0,0,1,0,0,0,0.955909,0
6022,0,0,0,0,0,0,0,1.023638,0
6023,5,9,14,16,1,1,12,0.026475,1
6024,0,3,8,11,1,2,5,0.119891,1
6025,0,0,0,0,0,0,0,2.272270,0
6026,1,1,1,1,1,0,0,0.004009,1
6027,1,2,4,5,0,2,2,0.099220,1
6028,0,0,0,3,0,0,0,0.516204,0
6029,2,7,8,10,0,2,6,0.043890,1
6030,0,1,2,4,0,2,0,0.141776,1
6031,0,1,2,3,0,2,0,0.172038,1
6032,0,0,1,5,1,0,0,0.479405,0
6033,0,1,3,7,0,2,1,0.117940,1
6034,0,3,5,13,1,0,4,0.205547,0
6035,0,0,0,3,0,0,0,0.972248,0
6036,0,1,3,8,0,1,2,0.237966,0
6037,2,2,5,6,4,1,0,0.024837,1
6038,0,0,2,5,1,1,0,0.327016,0
6039,1,1,2,4,0,2,0,0.022347,1
6040,0,1,1,4,0,0,1,0.148186,1
6041,0,0,3,7,2,1,0,0.273835,0
6042,0,0,3,27,2,0,1,0.305606,0
6043,1,1,1,3,0,1,0,0.018581,1
6044,0,1,3,7,1,2,0,0.127105,1
6045,0,2,3,4,0,1,2,0.109279,1
6046,0,1,1,2,1,0,0,0.212388,0
6047,0,0,8,8,0,0,8,0.299002,0
6048,1,1,2,4,0,1,1,0.055094,1
6049,0,0,1,4,0,0,1,0.391604,0
6050,0,2,3,3,2,1,0,0.116058,1
6051,2,4,6,10,6,0,0,0.025807,1
6052,1,1,3,3,3,0,0,0.058223,1
6053,0,0,0,0,0,0,0,1.029812,0
6054,0,0,1,4,1,0,0,0.440364,0
6055,1,2,3,6,3,0,0,0.088410,1
6056,0,2,2,8,2,0,0,0.147812,1
6057,0,0,1,2,1,0,0,0.266386,0
6058,0,1,4,6,4,0,0,0.162222,1
6059,0,0,0,1,0,0,0,0.809234,0
6060,0,2,5,7,0,2,3,0.181525,0
6061,0,0,0,3,0,0,0,0.614686,0
6062,0,1,4,8,2,0,2,0.230985,0
6063,1,2,4,7,4,0,0,0.074640,1
6064,0,1,3,4,2,1,0,0.225915,0
6065,1,2,4,8,0,3,1,0.084451,1
6066,0,1,3,4,1,2,0,0.225668,0
6067,0,0,0,0,0,0,0,1.287964,0
6068,1,3,5,6,5,0,0,0.043737,1
6069,0,0,0,2,0,0,0,0.766922,0
6070,0,1,2,2,2,0,0,0.119856,1
6071,0,0,1,1,0,1,0,0.255224,0
6072,0,1,1,4,1,0,0,0.212401,0
6073,0,0,1,2,0,0,1,0.276028,0
6074,0,2,5,8,4,1,0,0.100626,1
6075,2,2,4,5,4,0,0,0.026408,1
6076,1,3,4,8,1,2,1,0.076158,1
6077,0,2,2,2,1,0,1,0.179608,0
6078,0,1,1,3,0,1,0,0.242936,0
6079,0,0,1,2,0,1,0,0.268449,0
6080,0,1,3,7,0,3,0,0.185859,0
6081,1,6,7,10,0,7,0,0.009340,1
6082,0,0,1,2,1,0,0,0.460282,0
6083,0,0,0,2,0,0,0,0.670805,0
6084,0,2,2,4,1,1,0,0.106158,1
6085,6,19,22,26,0,2,20,0.007693,1
6086,0,3,4,6,0,3,1,0.133525,1
6087,0,0,0,0,0,0,0,1.025472,0
6088,0,0,0,2,0,0,0,0.652801,0
6089,1,3,5,8,1,2,2,0.095853,1
6090,0,0,0,3,0,0,0,0.565784,0
6091,1,1,1,3,0,1,0,0.027133,1
6092,0,1,2,6,1,1,0,0.152644,1
6093,0,1,1,3,0,1,0,0.134796,1
6094,1,1,2,10,1,0,1,0.084757,1
6095,1,4,8,11,2,2,4,0.075667,1
6096,1,1,3,4,2,1,0,0.094405,1
6097,0,1,1,2,0,1,0,0.207092,0
6098,0,2,4,5,2,2,0,0.145985,1
6099,0,3,3,5,0,0,3,0.123890,1
6100,4,4,7,10,5,1,1,0.004141,1
6101,1,1,1,3,1,0,0,0.075145,1
6102,0,1,1,3,1,0,0,0.196427,0
6103,0,3,3,7,0,2,1,0.108972,1
6104,0,0,2,3,0,0,2,0.281433,0
6105,1,3,3,6,3,0,0,0.058875,1
6106,0,1,2,3,2,0,0,0.157698,1
6107,0,0,0,2,0,0,0,0.713048,0
6108,1,1,3,10,2,1,0,0.075212,1
6109,0,0,0,1,0,0,0,0.626444,0
6110,0,0,2,3,0,2,0,0.258567,0
6111,0,0,1,3,0,0,1,0.337087,0
6112,2,3,4,4,2,2,0,0.084996,1
6113,1,3,6,8,5,0,1,0.093454,1
6114,0,4,6,8,0,2,4,0.131324,1
6115,1,3,7,9,4,3,0,0.044308,1
6116,0,0,4,7,1,2,1,0.312809,0
6117,0,3,4,5,0,3,1,0.163011,1
6118,0,0,4,7,2,2,0,0.264197,0
6119,0,0,0,2,0,0,0,0.829308,0
6120,0,0,2,4,2,0,0,0.421692,0
6121,0,0,1,2,0,1,0,0.414125,0
6122,0,0,0,2,0,0,0,0.705006,0
6123,0,0,3,4,2,1,0,0.252530,0
6124,0,0,0,5,0,0,0,0.808477,0
6125,0,0,1,4,0,0,1,0.468661,0
6126,0,1,19,23,0,1,18,0.121049,1
6127,0,0,0,2,0,0,0,0.894888,0
6128,0,0,0,0,0,0,0,1.198621,0
6129,0,0,0,0,0,0,0,1.377797,0
6130,1,2,2,5,1,1,0,0.069244,1
6131,0,1,2,7,2,0,0,0.244214,0
6132,0,0,0,1,0,0,0,0.504764,0
6133,0,1,2,5,0,1,1,0.125249,1
6134,0,1,2,3,0,0,2,0.223090,0
6135,0,1,1,2,1,0,0,0.239607,0
6136,0,0,0,0,0,0,0,1.626255,0
6137,0,0,2,4,2,0,0,0.421822,0
6138,0,1,1,1,0,1,0,0.223367,0
6139,0,0,0,3,0,0,0,0.575590,0
6140,0,0,1,6,0,0,1,0.324537,0
6141,2,5,6,10,1,2,3,0.090779,1
6142,0,0,2,3,2,0,0,0.295451,0
6143,3,6,6,9,5,1,0,0.005380,1
6144,0,0,2,3,0,2,0,0.361681,0
6145,0,1,3,3,1,2,0,0.217325,0
6146,0,0,0,6,0,0,0,0.511633,0
6147,0,0,0,0,0,0,0,1.212310,0
6148,2,6,8,20,0,2,6,0.011078,1
6149,0,4,10,17,6,2,2,0.168344,1
6150,0,1,2,3,0,0,2,0.143552,1
6151,0,1,1,2,1,0,0,0.237304,0
6152,0,0,0,0,0,0,0,1.763010,0
6153,1,3,4,6,1,3,0,0.017605,1
6154,0,4,6,9,1,1,4,0.155622,1
6155,2,2,2,2,1,1,0,0.056599,1
6156,0,1,1,1,0,0,1,0.233290,0
6157,0,1,1,1,0,1,0,0.156846,1
6158,0,1,1,3,0,1,0,0.207867,0
6159,0,1,1,4,0,1,0,0.122640,1
6160,0,0,0,2,0,0,0,0.816913,0
6161,0,0,0,1,0,0,0,0.906964,0
6162,0,0,1,1,0,1,0,0.280153,0
6163,3,3,4,8,2,2,0,0.016395,1
6164,0,0,1,2,0,1,0,0.477776,0
6165,0,0,0,1,0,0,0,0.751628,0
6166,0,2,4,8,0,0,4,0.121187,1
6167,0,0,1,2,0,1,0,0.454703,0
6168,0,0,2,7,1,1,0,0.384079,0
6169,0,0,2,6,0,2,0,0.343127,0
6170,0,0,0,2,0,0,0,0.949021,0
6171,2,6,9,11,7,1,1,0.057282,1
6172,0,0,1,7,1,0,0,0.264474,0
6173,1,1,2,3,2,0,0,0.005183,1
6174,0,1,1,1,0,1,0,0.239673,0
6175,1,1,4,7,0,0,4,0.076175,1
6176,0,0,1,4,1,0,0,0.423791,0
6177,0,2,3,5,1,2,0,0.134608,1
6178,0,0,0,1,0,0,0,0.668343,0
6179,0,0,1,2,0,1,0,0.361329,0
6180,0,0,0,2,0,0,0,0.517677,0
6181,1,4,5,8,4,1,0,0.075360,1
6182,0,0,1,2,0,1,0,0.390084,0
6183,0,1,2,3,1,1,0,0.240218,0
6184,0,0,0,0,0,0,0,1.239686,0
6185,1,1,2,2,1,1,0,0.032936,1
6186,3,4,4,4,0,4,0,0.032050,1
6187,0,0,1,1,1,0,0,0.290202,0
6188,1,2,3,6,1,1,1,0.061173,1
6189,0,0,0,0,0,0,0,1.702615,0
6190,0,1,2,5,1,1,0,0.157799,1
6191,0,1,3,4,1,2,0,0.157476,1
6192,0,1,1,4,0,1,0,0.153349,1
6193,1,3,7,8,4,3,0,0.068406,1
6194,0,0,0,2,0,0,0,0.790166,0
6195,0,0,0,1,0,0,0,0.506077,0
6196,0,0,1,7,0,1,0,0.289426,0
6197,0,4,9,17,2,6,1,0.212354,0
6198,0,0,0,0,0,0,0,1.802051,0
6199,0,0,1,1,0,1,0,0.410805,0
6200,0,0,0,2,0,0,0,0.509345,0
6201,1,2,2,4,0,2,0,0.022479,1
6202,0,1,4,6,4,0,0,0.126624,1
6203,11,19,22,22,0,5,17,0.004479,1
6204,0,0,0,1,0,0,0,0.783204,0
6205,1,1,1,3,1,0,0,0.010346,1
6206,0,0,0,0,0,0,0,1.208525,0
6207,1,1,1,1,0,1,0,0.037395,1
6208,0,1,2,2,0,1,1,0.235564,0
6209,1,1,4,6,2,2,0,0.060775,1
6210,0,0,0,4,0,0,0,0.549400,0
6211,2,2,3,4,3,0,0,0.091499,1
6212,0,1,2,6,1,1,0,0.155874,1
6213,0,0,1,6,0,0,1,0.360137,0
6214,0,1,1,2,1,0,0,0.187839,0
6215,0,2,7,10,2,5,0,0.163120,1
6216,1,2,4,6,3,0,1,0.065558,1
6217,0,0,0,0,0,0,0,1.354200,0
6218,0,1,1,6,0,1,0,0.163850,1
6219,0,2,4,10,0,2,2,0.136323,1
6220,0,1,1,1,0,1,0,0.200080,0
6221,1,1,2,7,0,1,1,0.020190,1
6222,2,4,8,13,6,0,2,0.087950,1
6223,0,0,0,2,0,0,0,0.768535,0
6224,0,0,0,5,0,0,0,0.511751,0
6225,0,0,1,2,1,0,0,0.332290,0
6226,2,3,3,4,1,2,0,0.048642,1
6227,0,0,3,5,2,0,1,0.265412,0
6228,0,0,2,4,1,1,0,0.307253,0
6229,0,0,1,4,0,1,0,0.463332,0
6230,0,0,0,2,0,0,0,0.649463,0
6231,0,0,0,1,0,0,0,0.952787,0
6232,0,0,2,5,1,0,1,0.366437,0
6233,3,4,5,8,0,0,5,0.059086,1
6234,0,0,0,5,0,0,0,0.572039,0
6235,0,0,0,2,0,0,0,0.991506,0
6236,4,7,8,11,1,7,0,0.005564,1
6237,0,2,2,2,1,1,0,0.185245,0
6238,0,1,3,6,1,1,1,0.226941,0
6239,1,2,4,9,0,1,3,0.073896,1
6240,0,0,0,6,0,0,0,0.507100,0
6241,0,0,3,7,1,1,1,0.280509,0
6242,0,3,3,5,1,0,2,0.162477,1
6243,0,0,2,5,0,2,0,0.335339,0
6244,0,3,3,3,0,0,3,0.217449,0
6245,0,0,2,3,0,0,2,0.407513,0
6246,0,1,2,2,1,1,0,0.227004,0
6247,0,0,0,1,0,0,0,0.783325,0
6248,1,3,4,7,1,3,0,0.019368,1
6249,1,1,1,2,0,0,1,0.060642,1
6250,0,0,2,4,0,0,2,0.260563,0
6251,0,0,0,4,0,0,0,0.618221,0
6252,0,1,2,2,0,2,0,0.235015,0
6253,1,1,2,6,1,1,0,0.050121,1
6254,0,2,5,8,4,1,0,0.127047,1
6255,0,2,2,8,0,0,2,0.172475,1
6256,0,0,3,7,0,0,3,0.319033,0
6257,0,1,1,3,0,1,0,0.156370,1
6258,0,0,2,5,1,1,0,0.304399,0
6259,0,0,0,2,0,0,0,0.572929,0
6260,0,2,3,3,2,1,0,0.206863,0
6261,0,1,5,5,0,2,3,0.185591,0
6262,0,0,3,5,0,3,0,0.298488,0
6263,0,2,5,8,2,0,3,0.162774,1
6264,0,2,2,4,0,0,2,0.109049,1
6265,0,0,1,2,1,0,0,0.415426,0
6266,0,2,6,12,1,1,4,0.129096,1
6267,2,4,5,10,2,1,2,0.012742,1
6268,0,0,2,3,2,0,0,0.346441,0
6269,0,1,2,6,1,0,1,0.106552,1
6270,1,5,8,8,3,0,5,0.043303,1
6271,0,0,2,2,2,0,0,0.366009,0
6272,2,5,7,10,7,0,0,0.004124,1
6273,1,2,5,5,2,2,1,0.033300,1
6274,0,0,1,3,0,1,0,0.364004,0
6275,2,3,3,5,0,0,3,0.018770,1
6276,0,0,1,3,0,1,0,0.333926,0
6277,0,0,3,8,1,2,0,0.405385,0
6278,0,2,6,12,1,1,4,0.113156,1
6279,0,1,1,3,0,0,1,0.127690,1
6280,0,0,2,6,2,0,0,0.369511,0
6281,0,2,2,3,1,0,1,0.159497,1
6282,0,0,2,2,2,0,0,0.310625,0
6283,0,0,0,3,0,0,0,0.711739,0
6284,0,0,2,5,1,1,0,0.412817,0
6285,2,3,4,5,2,2,0,0.009462,1
6286,0,0,1,8,1,0,0,0.465881,0
6287,0,2,2,4,2,0,0,0.156323,1
6288,1,1,2,5,1,1,0,0.019495,1
6289,1,1,1,2,0,1,0,0.031423,1
6290,0,2,3,5,0,0,3,0.182456,0
6291,0,0,0,1,0,0,0,0.509484,0
6292,2,3,5,9,2,1,2,0.063917,1
6293,0,1,6,11,3,2,1,0.158904,1
6294,0,0,0,1,0,0,0,0.942883,0
6295,0,0,0,0,0,0,0,1.202128,0
6296,1,3,4,6,0,4,0,0.076390,1
6297,0,1,1,1,0,1,0,0.189191,0
6298,0,0,0,0,0,0,0,1.368434,0
6299,0,2,5,9,1,2,2,0.143963,1
6300,3,3,5,5,1,1,3,0.035389,1
6301,0,0,0,2,0,0,0,0.888276,0
6302,0,0,1,2,0,1,0,0.451366,0
6303,0,0,0,2,0,0,0,0.659358,0
6304,0,0,2,7,0,2,0,0.283070,0
6305,0,1,2,5,1,0,1,0.225259,0
6306,2,3,6,12,2,4,0,0.024175,1
6307,0,2,5,9,1,0,4,0.185015,0
6308,0,1,4,9,4,0,0,0.151827,1
6309,2,4,4,4,0,1,3,0.014745,1
6310,0,1,3,4,0,1,2,0.178004,0
6311,1,1,2,6,1,1,0,0.000201,1
6312,0,0,2,3,2,0,0,0.305989,0
6313,2,4,5,10,1,3,1,0.022996,1
6314,0,0,0,0,0,0,0,1.968202,0
6315,0,0,1,6,0,1,0,0.474658,0
6316,2,2,2,5,2,0,0,0.081283,1
6317,0,0,1,3,1,0,0,0.324948,0
6318,0,0,0,0,0,0,0,1.343484,0
6319,1,1,2,4,1,0,1,0.008137,1
6320,0,0,1,4,0,0,1,0.322475,0
6321,0,0,5,11,2,3,0,0.359657,0
6322,0,0,2,8,1,0,1,0.368233,0
6323,0,2,3,9,1,0,2,0.132840,1
6324,1,2,4,12,2,0,2,0.033818,1
6325,1,1,3,7,1,1,1,0.059604,1
6326,0,0,0,2,0,0,0,0.758452,0
6327,0,1,1,3,1,0,0,0.249736,0
6328,0,0,1,4,0,1,0,0.325518,0
6329,1,2,3,8,3,0,0,0.082319,1
6330,0,0,0,0,0,0,0,1.809593,0
6331,1,1,1,2,0,1,0,0.084001,1
6332,1,1,3,4,2,1,0,0.089443,1
6333,0,3,7,7,5,0,2,0.109061,1
6334,0,0,1,6,0,1,0,0.380775,0
6335,0,0,4,7,3,0,1,0.287989,0
6336,1,3,5,7,4,1,0,0.061757,1
6337,1,2,2,5,0,1,1,0.023453,1
6338,0,2,4,5,0,0,4,0.219889,0
6339,0,1,1,3,0,1,0,0.234163,0
6340,0,0,0,2,0,0,0,0.878403,0
6341,1,1,1,3,0,1,0,0.055045,1
6342,0,1,1,2,1,0,0,0.212010,0
6343,0,2,4,12,3,1,0,0.109719,1
6344,0,0,0,1,0,0,0,0.620921,0
6345,0,0,0,0,0,0,0,2.220161,0
6346,0,0,2,2,1,1,0,0.268394,0
6347,0,3,4,6,2,2,0,0.177554,0
6348,0,0,0,0,0,0,0,1.222267,0
6349,0,2,2,4,0,2,0,0.142443,1
6350,2,6,7,11,2,2,3,0.020270,1
6351,0,0,6,11,0,4,2,0.305932,0
6352,0,0,0,0,0,0,0,1.262589,0
6353,3,3,4,8,3,1,0,0.036219,1
6354,0,1,4,10,4,0,0,0.190985,0
6355,1,1,2,5,0,2,0,0.052876,1
6356,0,1,3,3,1,2,0,0.110250,1
6357,1,2,3,7,1,2,0,0.092592,1
6358,0,0,0,2,0,0,0,0.886264,0
6359,1,1,2,4,1,0,1,0.083572,1
6360,0,0,1,2,1,0,0,0.251660,0
6361,1,1,2,3,0,2,0,0.051123,1
6362,0,0,0,0,0,0,0,1.162003,0
6363,0,0,0,1,0,0,0,0.696935,0
6364,1,3,4,8,1,2,1,0.081054,1
6365,0,0,1,2,0,1,0,0.456103,0
6366,1,2,3,8,1,2,0,0.014355,1
6367,1,4,7,12,5,1,1,0.041997,1
6368,0,2,12,20,4,0,8,0.210474,0
6369,1,1,1,1,1,0,0,0.041558,1
6370,0,2,3,6,1,1,1,0.100544,1
6371,0,0,2,5,0,1,1,0.380347,0
6372,1,2,5,10,3,2,0,0.016523,1
6373,0,2,2,4,0,2,0,0.109267,1
6374,0,1,1,1,0,0,1,0.249806,0
6375,0,2,3,3,2,1,0,0.120895,1
6376,0,0,0,0,0,0,0,1.517593,0
6377,1,1,1,2,0,1,0,0.009684,1
6378,0,0,0,0,0,0,0,1.432083,0
6379,0,0,2,3,2,0,0,0.356769,0
6380,0,0,2,3,0,1,1,0.382598,0
6381,0,0,0,2,0,0,0,0.537049,0
6382,1,5,5,7,4,0,1,0.068007,1
6383,0,0,1,4,0,1,0,0.321758,0
6384,0,0,0,3,0,0,0,0.878361,0
6385,0,1,3,3,0,3,0,0.147235,1
6386,0,0,1,2,1,0,0,0.420832,0
6387,0,1,1,1,0,0,1,0.240879,0
6388,1,3,4,7,3,1,0,0.064187,1
6389,0,0,0,1,0,0,0,0.611828,0
6390,0,0,0,0,0,0,0,2.004921,0
6391,0,1,1,4,1,0,0,0.167586,1
6392,0,1,4,7,2,1,1,0.214550,0
6393,1,1,1,1,0,1,0,0.016407,1
6394,1,1,2,3,0,1,1,0.027818,1
6395,0,1,1,2,1,0,0,0.130935,1
6396,0,0,1,2,0,1,0,0.472276,0
6397,0,2,2,4,0,1,1,0.128637,1
6398,0,0,0,5,0,0,0,0.689684,0
6399,0,0,4,7,1,1,2,0.321976,0
6400,0,0,2,3,1,1,0,0.348037,0
6401,1,2,6,8,0,6,0,0.073088,1
6402,6,7,9,13,9,0,0,0.004537,1
6403,0,0,2,5,1,1,0,0.272971,0
6404,0,0,0,0,0,0,0,1.620735,0
6405,4,5,6,9,4,2,0,0.014383,1
6406,0,0,1,2,0,1,0,0.355606,0
6407,0,0,1,1,1,0,0,0.459017,0
6408,1,4,8,10,5,3,0,0.085247,1
6409,0,1,2,3,0,0,2,0.137048,1
6410,0,0,3,6,1,2,0,0.275459,0
6411,0,0,0,1,0,0,0,0.665305,0
6412,0,0,1,6,1,0,0,0.405270,0
6413,1,1,1,3,0,1,0,0.043820,1
6414,2,5,9,13,5,2,2,0.045506,1
6415,0,5,5,10,0,1,4,0.101447,1
6416,0,0,0,3,0,0,0,0.595817,0
6417,2,2,2,4,0,2,0,0.058929,1
6418,1,1,1,1,1,0,0,0.061755,1
6419,0,0,0,1,0,0,0,0.695091,0
6420,0,0,0,1,0,0,0,0.951722,0
6421,0,1,2,3,0,1,1,0.177822,0
6422,3,3,3,12,0,0,3,0.075719,1
6423,0,1,5,7,2,0,3,0.196633,0
6424,0,0,1,3,0,1,0,0.285448,0
6425,0,0,1,6,1,0,0,0.336674,0
6426,0,0,0,1,0,0,0,0.861955,0
6427,4,6,8,11,5,0,3,0.030069,1
6428,1,1,3,5,1,2,0,0.009563,1
6429,0,1,1,3,0,0,1,0.173273,1
6430,0,1,1,5,0,1,0,0.192027,0
6431,1,1,1,3,0,1,0,0.006506,1
6432,0,1,2,7,0,1,1,0.112358,1
6433,1,1,1,2,0,1,0,0.020008,1
6434,0,0,4,5,2,1,1,0.333611,0
6435,4,4,4,10,4,0,0,0.016881,1
6436,0,2,3,6,0,1,2,0.104448,1
6437,1,2,5,8,5,0,0,0.088572,1
6438,0,3,4,6,1,1,2,0.132545,1
6439,0,0,1,1,0,1,0,0.406585,0
6440,1,5,9,12,4,1,4,0.095312,1
6441,0,1,3,4,2,1,0,0.201064,0
6442,0,0,3,6,2,1,0,0.314358,0
6443,0,0,0,3,0,0,0,0.631757,0
6444,3,4,5,10,3,1,1,0.042630,1
6445,0,0,1,7,0,0,1,0.327974,0
6446,1,2,2,5,0,2,0,0.003667,1
6447,1,2,2,4,0,0,2,0.083833,1
6448,1,1,1,3,0,1,0,0.075094,1
6449,1,2,2,2,1,1,0,0.012524,1
6450,1,1,2,3,1,1,0,0.037059,1
6451,0,1,2,6,1,1,0,0.156188,1
6452,1,2,6,6,4,2,0,0.097842,1
6453,0,1,3,5,2,1,0,0.177056,0
6454,0,1,2,2,0,1,1,0.142213,1
6455,1,2,6,6,2,1,3,0.032721,1
6456,0,1,2,5,2,0,0,0.206195,0
6457,0,0,2,3,0,2,0,0.402686,0
6458,0,0,0,2,0,0,0,0.630875,0
6459,0,3,5,7,3,1,1,0.197554,0
6460,0,0,0,2,0,0,0,0.542231,0
6461,0,0,0,1,0,0,0,0.607558,0
6462,0,1,3,9,2,1,0,0.200330,0
6463,0,3,6,18,2,2,2,0.129164,1
6464,0,1,2,6,2,0,0,0.195624,0
6465,0,2,4,7,3,1,0,0.138677,1
6466,0,1,4,8,2,2,0,0.123926,1
6467,0,2,3,4,0,1,2,0.154602,1
6468,0,2,5,5,1,1,3,0.148125,1
6469,0,0,2,3,0,1,1,0.367682,0
6470,2,2,2,2,0,2,0,0.068900,1
6471,1,2,3,7,1,2,0,0.025227,1
6472,2,4,5,9,0,1,4,0.096259,1
6473,1,1,1,4,0,1,0,0.041654,1
6474,0,0,0,2,0,0,0,0.884556,0
6475,0,0,1,2,0,1,0,0.428034,0
6476,0,0,0,3,0,0,0,0.604963,0
6477,1,1,3,5,1,1,1,0.072869,1
6478,0,0,1,6,1,0,0,0.481737,0
6479,0,1,1,4,0,1,0,0.107340,1
6480,0,1,2,3,0,2,0,0.106724,1
6481,0,2,4,5,1,0,3,0.112621,1
6482,1,1,3,8,0,2,1,0.002724,1
6483,1,2,9,14,0,5,4,0.002269,1
6484,0,2,2,2,0,2,0,0.146253,1
6485,0,0,2,6,0,2,0,0.375500,0
6486,0,2,3,9,0,1,2,0.112426,1
6487,3,5,6,10,2,1,3,0.040627,1
6488,1,1,1,1,0,1,0,0.056957,1
6489,0,0,0,5,0,0,0,0.587456,0
6490,0,0,4,7,0,2,2,0.252301,0
6491,1,3,5,9,3,1,1,0.085611,1
6492,0,1,2,7,0,0,2,0.208940,0
6493,0,0,0,1,0,0,0,0.603941,0
6494,0,1,4,5,1,3,0,0.210029,0
6495,1,2,2,7,0,2,0,0.076630,1
6496,1,6,8,9,5,2,1,0.082164,1
6497,0,0,1,5,0,0,1,0.480617,0
6498,0,0,2,4,1,1,0,0.446328,0
6499,0,1,1,3,1,0,0,0.147740,1
6500,1,2,4,9,0,1,3,0.001709,1
6501,0,0,2,6,0,2,0,0.255321,0
6502,0,0,3,6,3,0,0,0.322471,0
6503,0,2,2,6,1,1,0,0.115732,1
6504,1,1,2,4,0,1,1,0.040188,1
6505,1,1,3,4,2,1,0,0.048688,1
6506,1,4,4,6,3,0,1,0.059182,1
6507,0,1,1,3,0,1,0,0.151730,1
6508,0,1,1,5,0,0,1,0.140072,1
6509,2,4,4,4,4,0,0,0.000822,1
6510,0,1,1,4,0,0,1,0.169766,1
6511,0,1,2,4,1,1,0,0.106312,1
6512,0,1,2,6,0,2,0,0.149324,1
6513,3,3,7,8,1,1,5,0.007066,1
6514,0,2,5,11,2,3,0,0.159736,1
6515,0,1,2,7,2,0,0,0.180160,0
6516,0,2,13,20,0,0,13,0.206686,0
6517,0,1,1,5,0,1,0,0.162354,1
6518,2,5,8,10,5,0,3,0.085401,1
6519,0,2,3,5,2,1,0,0.213057,0
6520,1,2,6,9,2,0,4,0.045827,1
6521,0,0,2,6,1,1,0,0.284159,0
6522,0,0,2,5,0,1,1,0.305076,0
6523,0,0,0,0,0,0,0,1.215597,0
6524,0,3,6,7,2,1,3,0.125635,1
6525,0,0,2,6,0,1,1,0.281004,0
6526,0,0,2,3,0,0,2,0.401981,0
6527,0,0,1,4,1,0,0,0.459736,0
6528,0,0,1,1,0,1,0,0.435593,0
6529,2,2,2,4,0,2,0,0.034013,1
6530,0,0,3,5,0,2,1,0.367114,0
6531,1,1,1,1,1,0,0,0.007180,1
6532,0,0,2,4,1,0,1,0.463916,0
6533,0,0,1,2,1,0,0,0.285966,0
6534,1,2,2,4,1,1,0,0.075919,1
6535,0,0,1,2,0,1,0,0.431917,0
6536,1,1,1,4,0,0,1,0.044962,1
6537,0,2,3,6,0,2,1,0.208887,0
6538,0,0,0,7,0,0,0,0.571367,0
6539,0,0,0,0,0,0,0,1.234957,0
6540,0,2,4,7,3,1,0,0.226509,0
6541,1,1,1,2,1,0,0,0.098542,1
6542,0,0,0,0,0,0,0,1.109082,0
6543,0,0,0,1,0,0,0,0.760084,0
6544,0,0,0,1,0,0,0,0.904692,0
6545,2,5,7,9,5,2,0,0.002056,1
6546,0,0,1,4,0,1,0,0.277197,0
6547,0,1,3,4,3,0,0,0.133982,1
6548,0,0,0,1,0,0,0,0.768675,0
6549,0,2,4,6,0,2,2,0.154193,1
6550,0,2,2,6,2,0,0,0.165726,1
6551,0,0,0,0,0,0,0,1.445451,0
6552,0,0,2,5,2,0,0,0.280759,0
6553,1,1,2,3,1,0,1,0.016804,1
6554,0,0,0,6,0,0,0,0.596614,0
6555,0,0,1,4,0,1,0,0.464829,0
6556,1,1,3,6,2,1,0,0.023067,1
6557,0,4,7,11,2,5,0,0.114078,1
6558,0,0,1,2,1,0,0,0.260052,0
6559,0,0,0,2,0,0,0,0.565749,0
6560,1,2,3,5,0,3,0,0.089302,1
6561,1,1,4,6,3,1,0,0.029862,1
6562,0,0,3,6,2,1,0,0.360207,0
6563,2,2,2,2,0,1,1,0.070203,1
6564,0,1,1,2,1,0,0,0.137639,1
6565,3,3,4,4,0,3,1,0.029907,1
6566,0,1,1,1,1,0,0,0.232000,0
6567,0,0,0,2,0,0,0,0.770371,0
6568,2,3,3,5,0,0,3,0.006429,1
6569,1,1,2,5,0,1,1,0.075692,1
6570,0,3,5,8,2,3,0,0.114911,1
6571,1,1,1,4,1,0,0,0.094154,1
6572,0,1,2,4,0,1,1,0.249505,0
6573,1,3,6,7,1,3,2,0.077530,1
6574,0,0,1,1,1,0,0,0.258784,0
6575,0,1,1,2,1,0,0,0.104199,1
6576,0,0,2,7,2,0,0,0.459730,0
6577,0,4,18,23,0,0,18,0.116421,1
6578,0,0,1,2,1,0,0,0.362752,0
6579,0,0,1,4,0,0,1,0.375605,0
6580,0,1,5,10,3,0,2,0.214394,0
6581,0,3,6,7,4,1,1,0.174277,0
6582,1,1,2,3,1,0,1,0.089338,1
6583,0,0,0,4,0,0,0,0.705499,0
6584,0,2,2,4,0,2,0,0.120202,1
6585,0,2,3,6,1,2,0,0.115640,1
6586,0,0,1,2,1,0,0,0.454245,0
6587,1,2,3,4,3,0,0,0.076707,1
6588,0,1,1,1,0,1,0,0.232758,0
6589,0,0,0,1,0,0,0,0.824957,0
6590,2,5,9,18,6,3,0,0.026054,1
6591,0,0,0,0,0,0,0,1.203995,0
6592,0,1,2,4,0,1,1,0.162787,1
6593,0,1,4,7,4,0,0,0.181288,0
6594,2,7,8,13,1,1,6,0.063025,1
6595,0,0,4,7,2,2,0,0.271294,0
6596,0,0,0,0,0,0,0,1.210767,0
6597,0,0,0,4,0,0,0,0.572106,0
6598,0,0,2,3,1,1,0,0.347089,0
6599,0,0,2,3,0,0,2,0.295553,0
6600,2,2,5,8,2,0,3,0.012426,1
6601,0,0,2,4,1,0,1,0.405423,0
6602,1,1,2,5,0,2,0,0.091793,1
6603,0,2,8,15,2,1,5,0.125427,1
6604,0,0,3,4,3,0,0,0.407468,0
6605,2,4,5,7,2,2,1,0.037188,1
6606,0,0,1,1,0,1,0,0.296650,0
6607,0,1,4,5,4,0,0,0.144666,1
6608,0,0,0,2,0,0,0,0.568521,0
6609,1,2,4,7,3,0,1,0.001159,1
6610,0,0,1,1,0,1,0,0.358203,0
6611,1,1,1,2,0,1,0,0.018385,1
6612,1,1,1,7,0,1,0,0.098323,1
6613,1,2,3,3,3,0,0,0.078130,1
6614,0,0,2,9,1,1,0,0.367075,0
6615,0,0,0,2,0,0,0,0.573567,0
6616,0,0,0,2,0,0,0,0.608324,0
6617,0,0,1,3,1,0,0,0.446647,0
6618,0,2,4,7,4,0,0,0.173535,1
6619,1,3,7,9,4,2,1,0.035152,1
6620,0,0,1,5,1,0,0,0.279309,0
6621,1,1,2,5,2,0,0,0.011692,1
6622,0,0,0,3,0,0,0,0.707483,0
6623,0,0,0,0,0,0,0,1.219133,0
6624,0,0,2,5,0,1,1,0.451093,0
6625,0,0,3,6,2,0,1,0.379447,0
6626,0,5,6,7,0,6,0,0.101223,1
6627,0,1,1,5,0,1,0,0.188498,0
6628,1,1,5,8,1,4,0,0.081356,1
6629,0,1,2,3,1,1,0,0.132506,1
6630,0,1,4,8,1,2,1,0.102740,1
6631,0,2,2,4,2,0,0,0.121226,1
6632,0,0,1,3,0,1,0,0.439981,0
6633,0,0,2,3,2,0,0,0.274402,0
6634,1,1,2,3,1,1,0,0.039409,1
6635,0,2,3,9,2,1,0,0.168304,1
6636,0,0,0,3,0,0,0,0.709575,0
6637,0,0,0,0,0,0,0,1.289440,0
6638,0,0,0,3,0,0,0,0.560065,0
6639,0,2,4,6,0,0,4,0.190329,0
6640,1,1,1,1,1,0,0,0.037388,1
6641,0,0,1,5,1,0,0,0.488578,0
6642,1,3,5,6,4,0,1,0.010720,1
6643,2,4,8,11,2,4,2,0.005554,1
6644,0,2,2,4,0,0,2,0.165690,1
6645,0,0,1,4,1,0,0,0.423072,0
6646,0,1,1,2,0,1,0,0.142338,1
6647,0,0,0,1,0,0,0,0.534959,0
6648,0,1,1,2,0,1,0,0.112754,1
6649,0,0,0,0,0,0,0,1.299311,0
6650,0,5,8,12,8,0,0,0.124314,1
6651,0,0,2,8,2,0,0,0.402516,0
6652,0,0,0,0,0,0,0,1.094167,0
6653,4,5,7,11,6,0,1,0.010104,1
6654,1,1,1,2,0,1,0,0.047438,1
6655,0,0,0,1,0,0,0,0.982958,0
6656,0,1,1,3,1,0,0,0.104138,1
6657,0,1,1,2,0,1,0,0.180736,0
6658,0,2,2,3,1,1,0,0.153844,1
6659,0,0,3,7,0,1,2,0.398046,0
6660,0,0,1,7,1,0,0,0.315086,0
6661,0,1,2,5,2,0,0,0.212720,0
6662,0,0,0,2,0,0,0,0.629858,0
6663,0,0,1,1,0,1,0,0.381901,0
6664,0,1,2,4,2,0,0,0.112933,1
6665,0,0,0,1,0,0,0,0.534418,0
6666,0,1,1,4,1,0,0,0.235855,0
6667,0,0,0,2,0,0,0,0.582980,0
6668,0,1,8,9,2,6,0,0.245374,0
6669,0,0,1,5,0,0,1,0.365720,0
6670,1,2,5,9,3,0,2,0.089875,1
6671,0,2,4,8,2,2,0,0.156781,1
6672,0,0,2,2,2,0,0,0.366901,0
6673,0,1,1,3,0,1,0,0.118616,1
6674,1,2,5,5,5,0,0,0.079398,1
6675,0,0,0,1,0,0,0,0.573140,0
6676,1,1,3,6,3,0,0,0.039507,1
6677,0,0,2,2,0,2,0,0.335355,0
6678,2,5,7,11,5,2,0,0.084799,1
6679,0,0,1,4,0,0,1,0.367781,0
6680,3,4,7,13,0,4,3,0.079360,1
6681,0,0,0,2,0,0,0,0.517300,0
6682,0,1,1,5,1,0,0,0.240917,0
6683,0,2,3,4,0,0,3,0.113256,1
6684,0,0,0,1,0,0,0,0.544948,0
6685,0,0,2,5,2,0,0,0.336245,0
6686,0,2,2,3,0,2,0,0.212265,0
6687,0,0,1,3,0,1,0,0.424437,0
6688,0,1,3,5,0,1,2,0.115733,1
6689,0,1,1,1,1,0,0,0.198075,0
6690,0,0,0,0,0,0,0,1.021273,0
6691,0,0,0,1,0,0,0,0.659733,0
6692,0,0,4,7,0,0,4,0.375039,0
6693,0,1,3,11,2,1,0,0.208195,0
6694,0,0,2,4,0,1,1,0.265624,0
6695,0,0,1,2,0,1,0,0.471662,0
6696,2,3,4,6,2,2,0,0.011600,1
6697,3,3,4,6,1,3,0,0.032644,1
6698,0,0,3,7,1,1,1,0.250338,0
6699,0,0,1,3,0,1,0,0.308457,0
6700,1,1,2,4,0,2,0,0.038019,1
6701,0,0,0,0,0,0,0,1.002055,0
6702,1,2,3,3,3,0,0,0.092359,1
6703,1,1,1,2,1,0,0,0.079294,1
6704,0,0,0,4,0,0,0,0.538298,0
6705,0,1,1,3,0,1,0,0.104227,1
6706,0,1,2,5,1,1,0,0.194698,0
6707,0,0,1,4,0,0,1,0.325253,0
6708,0,0,1,4,1,0,0,0.329664,0
6709,0,0,0,3,0,0,0,0.653178,0
6710,0,0,1,3,0,1,0,0.277853,0
6711,0,0,1,2,1,0,0,0.292144,0
6712,0,1,1,4,0,1,0,0.143343,1
6713,0,0,1,1,1,0,0,0.253951,0
6714,0,1,1,4,0,0,1,0.184685,0
6715,1,1,1,2,0,1,0,0.005699,1
6716,0,0,0,0,0,0,0,1.617967,0
6717,0,0,0,0,0,0,0,1.233792,0
6718,1,1,1,4,1,0,0,0.087918,1
6719,0,0,1,5,0,1,0,0.288161,0
6720,0,1,1,2,0,1,0,0.136069,1
6721,0,2,2,4,0,0,2,0.124818,1
6722,0,0,0,2,0,0,0,0.856074,0
6723,0,1,4,4,2,2,0,0.245705,0
6724,0,1,4,5,3,1,0,0.155216,1
6725,2,3,3,7,0,3,0,0.035414,1
6726,1,1,2,5,0,2,0,0.076248,1
6727,0,0,0,0,0,0,0,1.332508,0
6728,0,0,3,4,1,0,2,0.286536,0
6729,0,0,0,4,0,0,0,0.654278,0
6730,0,3,6,9,4,2,0,0.102015,1
6731,0,3,5,5,1,1,3,0.113954,1
6732,2,3,7,8,7,0,0,0.063523,1
6733,2,4,6,6,0,3,3,0.065950,1
6734,0,0,1,4,1,0,0,0.376484,0
6735,0,0,0,1,0,0,0,0.859445,0
6736,2,3,5,8,3,2,0,0.081640,1
6737,0,1,3,8,1,1,1,0.187775,0
6738,1,1,2,5,0,1,1,0.071534,1
6739,0,1,2,5,2,0,0,0.217976,0
6740,1,1,1,1,0,1,0,0.078749,1
6741,1,2,4,7,0,3,1,0.019665,1
6742,0,0,0,0,0,0,0,1.335975,0
6743,0,0,1,2,1,0,0,0.377553,0
6744,0,2,2,3,0,1,1,0.118997,1
6745,0,0,1,2,1,0,0,0.416829,0
6746,0,1,1,5,1,0,0,0.135049,1
6747,1,1,4,9,2,2,0,0.015730,1
6748,0,0,0,1,0,0,0,0.802685,0
6749,0,0,1,2,0,1,0,0.474848,0
6750,2,2,4,6,0,3,1,0.028562,1
6751,1,1,2,3,0,1,1,0.086758,1
6752,1,1,1,1,0,1,0,0.031717,1
6753,0,0,0,3,0,0,0,0.561926,0
6754,0,1,1,4,0,1,0,0.202388,0
6755,0,0,0,3,0,0,0,0.799244,0
6756,0,0,0,3,0,0,0,0.789450,0
6757,0,2,3,6,2,1,0,0.130023,1
6758,0,0,2,2,1,0,1,0.297647,0
6759,0,0,0,0,0,0,0,2.702245,0
6760,0,2,2,5,2,0,0,0.170818,1
6761,1,2,3,9,1,1,1,0.051784,1
6762,0,1,1,1,0,1,0,0.235894,0
6763,0,0,1,4,1,0,0,0.343218,0
6764,0,4,16,19,0,0,16,0.182599,0
6765,0,0,0,1,0,0,0,0.548037,0
6766,0,1,2,4,0,2,0,0.178033,0
6767,0,0,1,2,0,0,1,0.252348,0
6768,1,2,5,7,1,2,2,0.076836,1
6769,0,0,1,5,0,1,0,0.454738,0
6770,0,2,3,6,3,0,0,0.131498,1
6771,0,0,0,2,0,0,0,0.599750,0
6772,2,2,2,3,0,2,0,0.024962,1
6773,0,0,1,2,1,0,0,0.484617,0
6774,0,0,0,3,0,0,0,0.564848,0
6775,0,0,0,0,0,0,0,1.501959,0
6776,0,0,2,2,1,1,0,0.351533,0
6777,0,2,3,4,1,2,0,0.150256,1
6778,0,0,2,5,2,0,0,0.261934,0
6779,1,1,3,5,1,2,0,0.000514,1
6780,0,0,1,2,0,1,0,0.375600,0
6781,0,0,2,6,0,1,1,0.309963,0
6782,0,1,1,1,0,1,0,0.153691,1
6783,0,0,0,1,0,0,0,0.832300,0
6784,2,3,5,8,2,0,3,0.058980,1
6785,0,1,3,3,3,0,0,0.223673,0
6786,0,0,0,2,0,0,0,0.711136,0
6787,0,2,2,5,0,0,2,0.121191,1
6788,1,1,4,10,0,2,2,0.023356,1
6789,4,4,5,9,4,1,0,0.023208,1
6790,0,0,1,1,0,1,0,0.443011,0
6791,1,3,5,9,3,2,0,0.046428,1
6792,0,1,2,4,2,0,0,0.239776,0
6793,0,0,2,6,0,1,1,0.371058,0
6794,0,0,0,6,0,0,0,0.526969,0
6795,1,6,6,8,5,1,0,0.061404,1
6796,0,0,1,4,1,0,0,0.431851,0
6797,3,5,17,22,0,0,17,0.002439,1
6798,0,0,1,3,1,0,0,0.473908,0
6799,0,0,3,5,0,0,3,0.381311,0
6800,0,0,1,2,1,0,0,0.472315,0
6801,1,1,3,4,0,1,2,0.049090,1
6802,0,0,1,2,0,1,0,0.270549,0
6803,0,0,0,2,0,0,0,0.733678,0
6804,0,1,2,3,2,0,0,0.162974,1
6805,0,0,0,0,0,0,0,1.806082,0
6806,0,2,4,5,1,1,2,0.186225,0
6807,1,3,5,9,1,0,4,0.062894,1
6808,0,0,2,3,2,0,0,0.304322,0
6809,0,1,1,5,0,1,0,0.223949,0
6810,0,0,0,0,0,0,0,1.276002,0
6811,0,1,1,2,0,0,1,0.190190,0
6812,0,4,6,6,4,2,0,0.109244,1
6813,2,2,3,5,0,3,0,0.005617,1
6814,0,0,0,0,0,0,0,1.957956,0
6815,0,1,1,8,1,0,0,0.211659,0
6816,0,0,2,3,0,2,0,0.303729,0
6817,0,1,1,4,0,1,0,0.218617,0
6818,1,2,2,3,1,0,1,0.071591,1
6819,1,2,3,5,1,1,1,0.018522,1
6820,0,2,5,10,5,0,0,0.235302,0
6821,0,0,0,0,0,0,0,1.195630,0
6822,0,1,3,4,2,1,0,0.227343,0
6823,0,0,2,4,2,0,0,0.273329,0
6824,4,6,7,12,3,2,2,0.076276,1
6825,0,1,4,7,2,0,2,0.216945,0
6826,0,0,0,3,0,0,0,0.659160,0
6827,0,1,1,1,1,0,0,0.165089,1
6828,0,1,1,1,0,1,0,0.176920,0
6829,0,0,1,9,0,0,1,0.321362,0
6830,0,1,2,5,2,0,0,0.241548,0
6831,1,1,2,5,2,0,0,0.046936,1
6832,1,1,1,8,0,0,1,0.036856,1
6833,0,0,0,1,0,0,0,0.598885,0
6834,0,0,0,0,0,0,0,1.279476,0
6835,0,3,9,12,8,1,0,0.111124,1
6836,0,0,1,3,1,0,0,0.347126,0
6837,0,3,5,9,5,0,0,0.158220,1
6838,0,2,2,5,2,0,0,0.133502,1
6839,1,1,2,4,0,1,1,0.043551,1
6840,1,2,4,14,0,4,0,0.095024,1
6841,3,8,10,13,2,2,6,0.024887,1
6842,0,1,1,1,0,1,0,0.111805,1
6843,2,2,2,3,2,0,0,0.091365,1
6844,0,0,0,3,0,0,0,0.744664,0
6845,0,0,2,3,1,0,1,0.406353,0
6846,0,0,0,0,0,0,0,1.563039,0
6847,0,0,1,7,0,0,1,0.360518,0
6848,0,0,0,4,0,0,0,0.713917,0
6849,1,4,4,6,4,0,0,0.077685,1
6850,0,2,4,5,0,2,2,0.108162,1
6851,0,0,0,3,0,0,0,0.524491,0
6852,0,2,3,4,0,3,0,0.193404,0
6853,4,4,4,5,0,0,4,0.026505,1
6854,1,2,3,6,0,2,1,0.081638,1
6855,0,0,0,3,0,0,0,0.541921,0
6856,1,2,3,4,0,1,2,0.066163,1
6857,0,1,1,2,0,1,0,0.106364,1
6858,1,2,2,2,0,2,0,0.090910,1
6859,0,0,1,1,1,0,0,0.342793,0
6860,3,4,8,8,4,3,1,0.053468,1
6861,0,0,0,3,0,0,0,0.562014,0
6862,2,2,4,9,2,2,0,0.025788,1
6863,1,1,2,8,2,0,0,0.094160,1
6864,0,0,0,2,0,0,0,0.671973,0
6865,0,0,0,2,0,0,0,0.627715,0
6866,0,0,0,1,0,0,0,0.835167,0
6867,0,1,4,9,2,0,2,0.134600,1
6868,1,1,1,1,1,0,0,0.024236,1
6869,0,0,0,0,0,0,0,1.564916,0
6870,0,1,3,4,0,2,1,0.107425,1
6871,0,0,0,2,0,0,0,0.786592,0
6872,0,0,0,1,0,0,0,0.768894,0
6873,0,0,0,2,0,0,0,0.758354,0
6874,0,0,6,13,0,0,6,0.348405,0
6875,0,0,2,5,1,0,1,0.432988,0
6876,0,2,2,2,1,0,1,0.148300,1
6877,0,0,4,5,3,1,0,0.390778,0
6878,0,0,1,2,1,0,0,0.370576,0
6879,0,0,0,3,0,0,0,0.610264,0
6880,0,0,1,1,0,1,0,0.415296,0
6881,3,4,8,16,2,2,4,0.043943,1
6882,0,0,2,3,0,2,0,0.368438,0
6883,0,0,0,1,0,0,0,0.569569,0
6884,0,1,1,2,1,0,0,0.150120,1
6885,1,3,6,10,1,1,4,0.040601,1
6886,0,1,2,4,1,1,0,0.189021,0
6887,0,1,2,2,0,2,0,0.175087,0
6888,0,0,1,9,1,0,0,0.461153,0
6889,4,4,4,7,2,2,0,0.051689,1
6890,0,0,0,3,0,0,0,0.581988,0
6891,0,0,1,3,1,0,0,0.490700,0
6892,0,0,1,2,0,0,1,0.432238,0
6893,0,0,1,1,0,0,1,0.422525,0
6894,0,1,2,5,1,1,0,0.245550,0
6895,0,0,1,4,1,0,0,0.422915,0
6896,0,2,2,4,0,0,2,0.120655,1
6897,0,0,0,1,0,0,0,0.958251,0
6898,0,0,0,0,0,0,0,1.329271,0
6899,0,0,0,0,0,0,0,1.133316,0
6900,2,3,8,13,4,0,4,0.012370,1
6901,0,0,1,5,0,1,0,0.268551,0
6902,1,1,2,2,0,2,0,0.060156,1
6903,0,0,0,5,0,0,0,0.585854,0
6904,0,0,1,2,1,0,0,0.419746,0
6905,0,0,1,3,0,1,0,0.355075,0
6906,1,1,1,3,0,1,0,0.091687,1
6907,0,0,0,3,0,0,0,0.570767,0
6908,0,1,2,5,0,2,0,0.130277,1
6909,0,0,2,4,2,0,0,0.272203,0
6910,0,0,0,1,0,0,0,0.730384,0
6911,0,0,1,2,0,1,0,0.358962,0
6912,0,0,1,5,1,0,0,0.364960,0
6913,0,1,4,10,1,2,1,0.246214,0
6914,2,2,2,7,0,2,0,0.096525,1
6915,0,0,1,4,0,1,0,0.410348,0
6916,0,0,0,3,0,0,0,0.614246,0
6917,3,4,5,6,4,1,0,0.049778,1
6918,2,2,3,4,1,1,1,0.019384,1
6919,0,0,1,3,0,1,0,0.369166,0
6920,0,0,0,0,0,0,0,1.417857,0
6921,1,1,5,7,3,2,0,0.067646,1
6922,0,0,0,3,0,0,0,0.585738,0
6923,0,0,0,1,0,0,0,0.573513,0
6924,1,2,2,4,1,1,0,0.052895,1
6925,0,2,4,4,0,2,2,0.188346,0
6926,0,0,0,1,0,0,0,0.723028,0
6927,0,1,3,5,0,2,1,0.148082,1
6928,3,3,5,6,4,0,1,0.021889,1
6929,1,2,2,5,0,2,0,0.031874,1
6930,0,3,3,4,2,1,0,0.163853,1
6931,0,0,0,2,0,0,0,0.639770,0
6932,1,6,7,9,1,0,6,0.063603,1
6933,0,1,2,8,0,0,2,0.217206,0
6934,1,3,7,7,2,3,2,0.028410,1
6935,0,0,0,1,0,0,0,0.880352,0
6936,0,0,0,1,0,0,0,0.867927,0
6937,0,2,3,9,1,1,1,0.161445,1
6938,0,1,1,3,0,1,0,0.212337,0
6939,1,1,1,2,1,0,0,0.062455,1
6940,1,1,1,3,1,0,0,0.000316,1
6941,0,0,2,4,2,0,0,0.312903,0
6942,0,0,1,17,1,0,0,0.328475,0
6943,0,0,0,4,0,0,0,0.514776,0
6944,2,2,4,8,1,2,1,0.082538,1
6945,0,2,2,3,2,0,0,0.197596,0
6946,0,1,1,1,0,1,0,0.130886,1
6947,0,0,0,2,0,0,0,0.654484,0
6948,1,3,6,13,5,0,1,0.069861,1
6949,0,0,0,0,0,0,0,1.452286,0
6950,1,1,3,8,1,2,0,0.003645,1
6951,0,0,0,5,0,0,0,0.599396,0
6952,0,3,4,6,1,3,0,0.121976,1
6953,1,1,1,1,0,1,0,0.098480,1
6954,0,2,3,3,2,1,0,0.108178,1
6955,0,1,1,2,0,0,1,0.161211,1
6956,0,0,5,9,2,1,2,0.379272,0
6957,1,1,3,4,2,1,0,0.002216,1
6958,1,3,5,7,3,2,0,0.026746,1
6959,1,1,1,4,1,0,0,0.015239,1
6960,1,2,6,12,5,1,0,0.019334,1
6961,1,1,1,3,1,0,0,0.063331,1
6962,4,7,7,9,6,1,0,0.013266,1
6963,1,1,1,3,0,1,0,0.076601,1
6964,0,1,3,7,1,1,1,0.115349,1
6965,0,0,0,5,0,0,0,0.578179,0
6966,1,4,8,13,0,1,7,0.049986,1
6967,5,5,6,14,6,0,0,0.020350,1
6968,0,1,2,4,1,1,0,0.164101,1
6969,0,0,0,1,0,0,0,0.959842,0
6970,1,2,2,2,2,0,0,0.091188,1
6971,1,1,1,1,0,0,1,0.037202,1
6972,0,1,3,7,0,1,2,0.162790,1
6973,3,3,3,6,2,1,0,0.043768,1
6974,0,0,1,3,0,1,0,0.352231,0
6975,3,4,6,10,5,1,0,0.017432,1
6976,0,2,4,8,1,1,2,0.141672,1
6977,0,0,0,4,0,0,0,0.500960,0
6978,0,2,4,12,2,1,1,0.159407,1
6979,0,1,2,8,1,1,0,0.153452,1
6980,0,1,3,9,1,2,0,0.208542,0
6981,0,1,3,4,3,0,0,0.144654,1
6982,0,1,1,3,0,1,0,0.136492,1
6983,0,1,3,6,1,1,1,0.223098,0
6984,3,8,11,14,8,3,0,0.039894,1
6985,0,0,2,5,2,0,0,0.259813,0
6986,0,0,0,0,0,0,0,1.129049,0
6987,0,2,4,4,3,1,0,0.114426,1
6988,0,0,0,2,0,0,0,0.553936,0
6989,0,1,4,7,2,1,1,0.243488,0
6990,0,0,0,2,0,0,0,0.786227,0
6991,1,2,2,6,0,0,2,0.090445,1
6992,0,4,5,12,4,1,0,0.163135,1
6993,0,0,1,7,1,0,0,0.481570,0
6994,0,0,0,2,0,0,0,0.940617,0
6995,2,2,2,2,0,2,0,0.042245,1
6996,0,0,3,3,1,2,0,0.343838,0
6997,0,0,1,2,1,0,0,0.306262,0
6998,0,2,2,3,0,1,1,0.183566,0
6999,1,4,10,14,1,1,8,0.020961,1
7000,0,0,1,1,0,1,0,0.289822,0
7001,0,1,3,9,3,0,0,0.154755,1
7002,3,4,6,6,6,0,0,0.029898,1
7003,0,2,3,10,1,2,0,0.152713,1
7004,0,0,1,6,0,0,1,0.259202,0
7005,1,1,1,1,0,0,1,0.061666,1
7006,1,1,1,1,1,0,0,0.040237,1
7007,0,0,1,4,1,0,0,0.455098,0
7008,1,1,2,5,0,2,0,0.095746,1
7009,1,2,5,10,0,2,3,0.060034,1
7010,2,6,7,8,0,4,3,0.036559,1
7011,0,0,2,4,1,1,0,0.319324,0
7012,1,2,5,5,0,2,3,0.073309,1
7013,0,0,1,1,1,0,0,0.350950,0
7014,2,5,7,14,2,3,2,0.061801,1
7015,5,5,7,10,5,1,1,0.019342,1
7016,1,1,2,4,2,0,0,0.074215,1
7017,0,1,3,9,1,2,0,0.248059,0
7018,0,0,0,1,0,0,0,0.882905,0
7019,1,1,3,10,1,1,1,0.085809,1
7020,0,0,1,3,0,1,0,0.472868,0
7021,0,0,0,1,0,0,0,0.609657,0
7022,2,2,3,4,2,1,0,0.025463,1
7023,0,0,1,3,1,0,0,0.471095,0
7024,0,0,0,4,0,0,0,0.540819,0
7025,0,5,5,10,2,0,3,0.135281,1
7026,0,0,1,3,0,1,0,0.341823,0
7027,0,0,0,2,0,0,0,0.558507,0
7028,2,3,3,9,0,0,3,0.032478,1
7029,1,1,2,3,1,1,0,0.029488,1
7030,0,0,2,6,1,0,1,0.324013,0
7031,0,0,3,5,0,0,3,0.347492,0
7032,0,0,0,2,0,0,0,0.558226,0
7033,0,1,2,3,1,1,0,0.144097,1
7034,0,3,6,27,0,2,4,0.174628,0
7035,0,0,0,2,0,0,0,0.779875,0
7036,0,0,0,0,0,0,0,1.146152,0
7037,0,0,0,0,0,0,0,1.352423,0
7038,0,2,4,4,4,0,0,0.149853,1
7039,0,0,0,1,0,0,0,0.708690,0
7040,2,5,8,10,0,1,7,0.064832,1
7041,0,0,1,3,1,0,0,0.436267,0
7042,0,3,3,8,1,0,2,0.128438,1
7043,0,3,5,8,4,1,0,0.102857,1
7044,0,1,2,4,1,1,0,0.234135,0
7045,1,1,2,3,1,1,0,0.022156,1
7046,1,2,2,2,1,1,0,0.039876,1
7047,0,0,2,7,1,1,0,0.293795,0
7048,3,4,6,8,2,1,3,0.018109,1
7049,1,1,4,9,2,2,0,0.060617,1
7050,0,0,1,4,0,1,0,0.334716,0
7051,0,0,2,5,2,0,0,0.313638,0
7052,0,0,0,1,0,0,0,0.564843,0
7053,0,0,1,7,0,0,1,0.324855,0
7054,0,1,2,4,0,0,2,0.110372,1
7055,0,0,0,2,0,0,0,0.598889,0
7056,3,4,8,10,6,2,0,0.053839,1
7057,0,0,0,0,0,0,0,1.628743,0
7058,0,0,1,1,0,1,0,0.349343,0
7059,0,3,4,4,1,0,3,0.123394,1
7060,0,1,2,4,2,0,0,0.143547,1
7061,3,7,8,12,2,3,3,0.018307,1
7062,1,2,4,4,4,0,0,0.071841,1
7063,0,0,3,6,0,1,2,0.262612,0
7064,1,1,2,5,2,0,0,0.023036,1
7065,0,0,3,9,0,2,1,0.281620,0
7066,0,0,1,3,0,0,1,0.260886,0
7067,0,1,1,3,1,0,0,0.168103,1
7068,1,2,2,4,1,1,0,0.041822,1
7069,0,0,1,2,1,0,0,0.377188,0
7070,1,1,1,1,0,1,0,0.033191,1
7071,0,0,1,4,1,0,0,0.352453,0
7072,2,3,5,5,4,0,1,0.041181,1
7073,0,0,1,2,0,1,0,0.335118,0
7074,2,3,6,11,6,0,0,0.042677,1
7075,0,0,0,4,0,0,0,0.712411,0
7076,0,0,1,3,0,0,1,0.499597,0
7077,0,1,1,2,1,0,0,0.236003,0
7078,0,0,0,0,0,0,0,1.334863,0
7079,0,0,0,0,0,0,0,1.423825,0
7080,0,0,0,3,0,0,0,0.602957,0
7081,0,2,3,4,2,1,0,0.124393,1
7082,1,2,2,5,0,1,1,0.001962,1
7083,3,4,4,8,0,4,0,0.065761,1
7084,1,2,2,4,2,0,0,0.072292,1
7085,0,1,1,2,0,1,0,0.247367,0
7086,2,2,2,6,0,0,2,0.086819,1
7087,0,0,0,5,0,0,0,0.506386,0
7088,1,1,1,3,0,0,1,0.019206,1
7089,1,1,1,2,0,1,0,0.064913,1
7090,0,0,0,3,0,0,0,0.586761,0
7091,0,0,0,2,0,0,0,0.526501,0
7092,0,0,0,1,0,0,0,0.595337,0
7093,0,1,4,8,4,0,0,0.232740,0
7094,0,0,1,4,1,0,0,0.495750,0
7095,0,3,3,10,0,3,0,0.221007,0
7096,1,2,3,7,1,2,0,0.030331,1
7097,0,1,3,6,3,0,0,0.236473,0
7098,2,2,4,10,2,0,2,0.003312,1
7099,0,1,1,2,1,0,0,0.122118,1
7100,1,2,3,7,0,2,1,0.053197,1
7101,1,4,6,8,1,1,4,0.091817,1
7102,2,3,4,7,0,1,3,0.046104,1
7103,0,1,4,6,1,3,0,0.231156,0
7104,1,2,4,10,1,1,2,0.034799,1
7105,0,0,0,4,0,0,0,0.589904,0
7106,3,5,6,7,6,0,0,0.011974,1
7107,1,1,2,4,1,0,1,0.095984,1
7108,1,2,4,6,3,1,0,0.089771,1
7109,0,0,0,1,0,0,0,0.950270,0
7110,0,1,1,3,1,0,0,0.155941,1
7111,0,2,4,7,1,1,2,0.230438,0
7112,0,0,0,6,0,0,0,0.505729,0
7113,0,1,3,4,3,0,0,0.161270,1
7114,1,1,1,1,0,1,0,0.012684,1
7115,0,0,1,4,0,1,0,0.318428,0
7116,1,1,1,5,1,0,0,0.006822,1
7117,0,2,3,9,0,1,2,0.103890,1
7118,1,2,3,4,2,1,0,0.033383,1
7119,0,0,0,0,0,0,0,1.551566,0
7120,0,0,9,18,0,3,6,0.332999,0
7121,0,0,2,2,0,2,0,0.308209,0
7122,0,0,0,0,0,0,0,1.408576,0
7123,0,0,0,3,0,0,0,0.557657,0
7124,0,0,0,0,0,0,0,1.695173,0
7125,0,0,0,3,0,0,0,0.658929,0
7126,1,4,4,11,0,0,4,0.091820,1
7127,0,1,1,4,0,1,0,0.108137,1
7128,1,3,5,15,5,0,0,0.027736,1
7129,0,2,3,6,1,2,0,0.226249,0
7130,0,2,2,8,1,1,0,0.204478,0
7131,0,2,4,9,1,1,2,0.185921,0
7132,0,0,1,1,0,1,0,0.491468,0
7133,1,1,2,3,1,1,0,0.097797,1
7134,0,1,1,1,1,0,0,0.105758,1
7135,0,1,1,2,0,1,0,0.183677,0
7136,0,0,0,3,0,0,0,0.517474,0
7137,0,0,3,3,0,3,0,0.257632,0
7138,0,0,0,0,0,0,0,1.142762,0
7139,0,3,4,8,1,2,1,0.113346,1
7140,0,0,0,0,0,0,0,1.653957,0
7141,0,0,0,4,0,0,0,0.709064,0
7142,3,3,4,7,1,0,3,0.003568,1
7143,4,4,4,6,4,0,0,0.014333,1
7144,0,1,1,4,0,1,0,0.125097,1
7145,0,0,0,3,0,0,0,0.534791,0
7146,0,1,4,6,4,0,0,0.170762,1
7147,0,0,0,2,0,0,0,0.910714,0
7148,0,0,1,1,0,1,0,0.257492,0
7149,0,0,1,4,1,0,0,0.287147,0
7150,0,0,1,4,1,0,0,0.436402,0
7151,0,0,2,5,0,2,0,0.268073,0
7152,0,2,6,15,1,1,4,0.164587,1
7153,0,0,0,1,0,0,0,0.897284,0
7154,0,1,2,3,0,2,0,0.228496,0
7155,0,0,1,5,0,1,0,0.453135,0
7156,0,1,1,2,0,1,0,0.186062,0
7157,1,1,4,6,4,0,0,0.013432,1
7158,2,4,7,10,2,1,4,0.094229,1
7159,2,2,3,6,3,0,0,0.041865,1
7160,0,0,0,0,0,0,0,1.422123,0
7161,0,0,0,0,0,0,0,1.474358,0
7162,0,2,4,6,0,3,1,0.224743,0
7163,0,0,3,7,0,1,2,0.291547,0
7164,0,1,1,1,0,1,0,0.127106,1
7165,0,0,4,7,1,0,3,0.430257,0
7166,0,1,2,4,1,1,0,0.212118,0
7167,0,0,1,3,1,0,0,0.485993,0
7168,0,1,3,6,0,0,3,0.213262,0
7169,1,3,3,8,2,1,0,0.053525,1
7170,0,2,2,4,1,1,0,0.130013,1
7171,0,1,3,12,0,1,2,0.140327,1
7172,1,3,5,6,5,0,0,0.063959,1
7173,1,2,5,6,5,0,0,0.095730,1
7174,0,1,3,6,1,2,0,0.149707,1
7175,0,1,2,6,1,1,0,0.235485,0
7176,0,0,0,2,0,0,0,0.708246,0
7177,0,2,2,4,0,0,2,0.204272,0
7178,0,0,0,1,0,0,0,0.744873,0
7179,0,0,0,3,0,0,0,0.527594,0
7180,0,3,3,8,1,1,1,0.140174,1
7181,1,2,2,5,0,2,0,0.020659,1
7182,0,1,1,3,0,0,1,0.109753,1
7183,0,1,1,2,0,1,0,0.138465,1
7184,0,0,0,3,0,0,0,0.785667,0
7185,0,0,1,3,1,0,0,0.445442,0
7186,0,0,1,2,0,1,0,0.311964,0
7187,1,1,1,6,0,0,1,0.043220,1
7188,0,0,1,3,0,1,0,0.484707,0
7189,1,1,1,3,1,0,0,0.055973,1
7190,1,1,1,4,1,0,0,0.055232,1
7191,0,0,1,3,0,0,1,0.387291,0
7192,0,2,4,7,0,4,0,0.139179,1
7193,1,1,1,3,0,1,0,0.089697,1
7194,0,0,1,4,1,0,0,0.492271,0
7195,0,2,3,6,2,0,1,0.233447,0
7196,5,6,6,6,0,2,4,0.036478,1
7197,0,0,1,7,1,0,0,0.367823,0
7198,0,1,2,4,0,2,0,0.240817,0
7199,0,0,0,3,0,0,0,0.759557,0
7200,0,0,1,3,0,1,0,0.471404,0
7201,0,1,1,1,0,1,0,0.143579,1
7202,0,0,0,0,0,0,0,1.386868,0
7203,0,1,2,3,1,1,0,0.206273,0
7204,0,0,0,2,0,0,0,0.581930,0
7205,0,0,2,2,1,0,1,0.272076,0
7206,0,0,0,3,0,0,0,0.549624,0
7207,0,0,0,1,0,0,0,0.992645,0
7208,1,1,4,6,2,0,2,0.036152,1
7209,0,0,0,1,0,0,0,0.968471,0
7210,0,1,1,3,1,0,0,0.247028,0
7211,0,0,2,4,1,1,0,0.452315,0
7212,0,0,2,3,0,2,0,0.282844,0
7213,0,2,2,6,2,0,0,0.134820,1
7214,0,1,5,7,5,0,0,0.120883,1
7215,5,5,6,6,5,1,0,0.005525,1
7216,0,1,1,4,0,1,0,0.218368,0
7217,0,0,0,2,0,0,0,0.549088,0
7218,0,0,2,4,1,1,0,0.256749,0
7219,0,1,2,2,2,0,0,0.150767,1
7220,0,0,0,2,0,0,0,0.553268,0
7221,0,0,0,1,0,0,0,0.654450,0
7222,3,4,6,10,1,2,3,0.062905,1
7223,0,0,0,3,0,0,0,0.617877,0
7224,0,0,0,3,0,0,0,0.679648,0
7225,0,0,0,3,0,0,0,0.843557,0
7226,0,1,4,7,3,1,0,0.207421,0
7227,0,0,0,1,0,0,0,0.620006,0
7228,0,1,5,7,3,2,0,0.154864,1
7229,0,1,4,7,1,1,2,0.248683,0
7230,0,0,0,4,0,0,0,0.689665,0
7231,0,0,0,3,0,0,0,0.656303,0
7232,0,0,0,2,0,0,0,0.898353,0
7233,4,4,6,10,0,6,0,0.009683,1
7234,0,1,1,8,1,0,0,0.116484,1
7235,1,3,7,8,4,1,2,0.052978,1
7236,0,0,1,2,0,1,0,0.398615,0
7237,0,2,5,6,1,0,4,0.176639,0
7238,0,0,0,0,0,0,0,1.337511,0
7239,4,4,4,7,0,1,3,0.011048,1
7240,2,3,6,9,6,0,0,0.071354,1
7241,1,3,4,6,3,1,0,0.079315,1
7242,0,1,4,6,0,0,4,0.117359,1
7243,3,3,3,3,0,0,3,0.000230,1
7244,0,2,4,10,3,0,1,0.136865,1
7245,0,1,1,2,1,0,0,0.199972,0
7246,0,1,1,2,1,0,0,0.231991,0
7247,0,0,3,4,1,0,2,0.264997,0
7248,0,0,1,2,0,1,0,0.336097,0
7249,2,3,4,7,4,0,0,0.072324,1
7250,0,0,0,1,0,0,0,0.661775,0
7251,1,1,1,2,0,1,0,0.039954,1
7252,0,0,0,3,0,0,0,0.934305,0
7253,0,2,4,6,0,0,4,0.182966,0
7254,0,0,0,1,0,0,0,0.930509,0
7255,0,0,0,1,0,0,0,0.691346,0
7256,0,1,1,5,0,0,1,0.225843,0
7257,0,2,2,2,1,1,0,0.146039,1
7258,1,1,3,5,2,1,0,0.028737,1
7259,0,0,1,6,0,1,0,0.483710,0
7260,0,0,0,0,0,0,0,1.344414,0
7261,0,2,2,8,0,0,2,0.143957,1
7262,0,1,1,1,1,0,0,0.108183,1
7263,0,1,1,3,0,1,0,0.109358,1
7264,0,0,0,1,0,0,0,0.560256,0
7265,0,0,2,4,2,0,0,0.400873,0
7266,0,0,1,4,0,0,1,0.287084,0
7267,1,1,1,1,0,1,0,0.085434,1
7268,0,0,1,4,1,0,0,0.309113,0
7269,0,1,1,3,0,1,0,0.183838,0
7270,0,0,3,10,1,2,0,0.272862,0
7271,1,2,4,8,2,2,0,0.017082,1
7272,0,0,1,5,0,1,0,0.336770,0
7273,2,4,4,6,4,0,0,0.028901,1
7274,2,2,5,6,1,4,0,0.069545,1
7275,0,0,0,0,0,0,0,1.183198,0
7276,0,2,2,2,0,0,2,0.130022,1
7277,0,0,2,3,0,2,0,0.313898,0
7278,0,0,0,4,0,0,0,0.690907,0
7279,0,0,2,9,1,1,0,0.288648,0
7280,0,1,2,3,2,0,0,0.186134,0
7281,0,0,5,6,4,1,0,0.266722,0
7282,0,0,0,3,0,0,0,0.756203,0
7283,0,1,2,4,0,1,1,0.233293,0
7284,0,0,0,0,0,0,0,1.309682,0
7285,0,0,3,4,0,3,0,0.349931,0
7286,1,4,8,12,6,2,0,0.070333,1
7287,0,0,1,1,0,1,0,0.283325,0
7288,0,0,2,5,1,0,1,0.315878,0
7289,0,1,1,2,0,1,0,0.155801,1
7290,0,0,0,1,0,0,0,0.630079,0
7291,0,0,0,0,0,0,0,1.689787,0
7292,1,1,3,4,0,3,0,0.011133,1
7293,0,0,2,3,1,1,0,0.252356,0
7294,0,4,9,14,1,3,5,0.116970,1
7295,0,0,0,1,0,0,0,0.601640,0
7296,0,2,4,11,2,2,0,0.112405,1
7297,1,3,9,14,5,2,2,0.010444,1
7298,0,0,1,4,1,0,0,0.448872,0
7299,0,0,0,3,0,0,0,0.551955,0
7300,2,2,4,6,2,2,0,0.071678,1
7301,1,1,4,6,3,1,0,0.060184,1
7302,0,0,1,4,0,0,1,0.462487,0
7303,0,0,0,4,0,0,0,0.529833,0
7304,0,1,4,5,1,3,0,0.103003,1
7305,1,1,2,4,0,0,2,0.028444,1
7306,1,2,4,6,4,0,0,0.075837,1
7307,0,1,4,7,3,1,0,0.177669,0
7308,0,0,1,1,0,1,0,0.332435,0
7309,2,2,4,8,2,2,0,0.022017,1
7310,0,0,1,2,0,1,0,0.347487,0
7311,0,0,0,0,0,0,0,1.442681,0
7312,2,2,3,4,1,2,0,0.057350,1
7313,2,5,5,5,5,0,0,0.019576,1
7314,0,1,3,7,0,0,3,0.167741,1
7315,0,2,2,4,0,2,0,0.155502,1
7316,1,1,5,8,4,1,0,0.097252,1
7317,0,0,2,4,0,1,1,0.260461,0
7318,0,0,2,4,0,2,0,0.438145,0
7319,0,1,3,5,1,0,2,0.159902,1
7320,0,3,3,4,0,1,2,0.146925,1
7321,0,1,1,4,0,1,0,0.177343,0
7322,0,0,0,2,0,0,0,0.708027,0
7323,0,1,2,7,0,2,0,0.227524,0
7324,0,1,1,4,0,1,0,0.140649,1
7325,0,1,1,1,1,0,0,0.150157,1
7326,1,1,1,4,0,0,1,0.007301,1
7327,0,4,7,13,3,1,3,0.100108,1
7328,0,1,2,6,0,2,0,0.195365,0
7329,0,1,1,3,1,0,0,0.189216,0
7330,1,3,6,8,2,3,1,0.047798,1
7331,0,2,2,5,2,0,0,0.174243,0
7332,0,0,1,6,0,0,1,0.278032,0
7333,0,0,1,2,0,1,0,0.305781,0
7334,2,3,3,4,3,0,0,0.048537,1
7335,1,3,3,4,3,0,0,0.012672,1
7336,0,0,0,1,0,0,0,0.790406,0
7337,0,3,5,7,0,3,2,0.177070,0
7338,0,0,0,1,0,0,0,0.815383,0
7339,0,0,0,2,0,0,0,0.776042,0
7340,0,0,0,1,0,0,0,0.626542,0
7341,0,0,0,2,0,0,0,0.684977,0
7342,0,0,1,1,1,0,0,0.269439,0
7343,0,0,1,6,1,0,0,0.357706,0
7344,1,7,11,13,0,7,4,0.022210,1
7345,0,0,1,2,0,0,1,0.324773,0
7346,0,1,4,6,1,1,2,0.129573,1
7347,0,0,0,0,0,0,0,2.032473,0
7348,0,0,1,3,1,0,0,0.435420,0
7349,0,0,1,1,0,0,1,0.377087,0
7350,0,2,2,4,0,0,2,0.170025,1
7351,1,1,4,7,2,2,0,0.084392,1
7352,0,0,0,1,0,0,0,0.889823,0
7353,0,0,1,2,0,1,0,0.368096,0
7354,0,0,0,2,0,0,0,0.635870,0
7355,0,0,1,1,0,1,0,0.273464,0
7356,0,0,1,2,0,1,0,0.292883,0
7357,0,0,0,2,0,0,0,0.771091,0
7358,0,0,0,0,0,0,0,1.118618,0
7359,1,1,1,1,1,0,0,0.096891,1
7360,1,1,2,6,2,0,0,0.054904,1
7361,2,2,3,4,1,2,0,0.052179,1
7362,0,0,0,4,0,0,0,0.808985,0
7363,0,0,0,4,0,0,0,0.642348,0
7364,1,2,2,3,0,2,0,0.083492,1
7365,0,1,1,3,0,1,0,0.111611,1
7366,1,1,1,1,0,1,0,0.053753,1
7367,0,0,3,7,2,1,0,0.404236,0
7368,1,2,4,6,3,1,0,0.038025,1
7369,0,0,2,9,1,0,1,0.291302,0
7370,0,0,1,2,0,1,0,0.415967,0
7371,3,4,6,8,6,0,0,0.039663,1
7372,0,1,1,5,0,1,0,0.199278,0
7373,4,4,5,7,5,0,0,0.004134,1
7374,0,0,2,3,0,2,0,0.358923,0
7375,0,0,0,6,0,0,0,0.965910,0
7376,1,1,3,8,2,1,0,0.033699,1
7377,1,1,4,5,0,1,3,0.039128,1
7378,2,4,17,26,7,1,9,0.094029,1
7379,2,4,5,5,5,0,0,0.045284,1
7380,0,0,1,4,0,0,1,0.440476,0
7381,4,5,7,8,5,2,0,0.011730,1
7382,0,1,1,1,1,0,0,0.139034,1
7383,0,0,0,2,0,0,0,0.685644,0
7384,1,1,1,1,1,0,0,0.087995,1
7385,0,0,1,7,1,0,0,0.380524,0
7386,0,0,1,2,1,0,0,0.392163,0
7387,0,1,1,5,1,0,0,0.198711,0
7388,1,3,3,7,1,2,0,0.033939,1
7389,0,0,2,2,0,2,0,0.317847,0
7390,0,0,0,3,0,0,0,0.634447,0
7391,0,1,1,2,1,0,0,0.171620,1
7392,0,5,13,16,0,1,12,0.142189,1
7393,0,0,0,0,0,0,0,1.418415,0
7394,0,0,3,6,1,2,0,0.262797,0
7395,0,0,0,1,0,0,0,0.898647,0
7396,0,0,3,8,3,0,0,0.343660,0
7397,3,3,6,9,0,3,3,0.073225,1
7398,0,2,3,7,3,0,0,0.166618,1
7399,1,1,4,5,2,2,0,0.013044,1
7400,0,0,1,1,0,1,0,0.450568,0
7401,0,1,1,3,1,0,0,0.179517,0
7402,1,2,2,3,0,0,2,0.011775,1
7403,0,0,0,2,0,0,0,0.541849,0
7404,0,1,2,6,1,1,0,0.216241,0
7405,0,0,2,4,0,2,0,0.361961,0
7406,0,0,3,5,1,2,0,0.293047,0
7407,0,1,1,1,1,0,0,0.148566,1
7408,0,1,4,6,0,2,2,0.235550,0
7409,0,0,0,3,0,0,0,0.625822,0
7410,0,0,2,5,1,1,0,0.284011,0
7411,1,1,1,1,0,1,0,0.008696,1
7412,0,0,1,2,1,0,0,0.414149,0
7413,1,4,6,8,1,1,4,0.038284,1
7414,0,1,3,3,1,2,0,0.234626,0
7415,0,0,1,4,0,1,0,0.282368,0
7416,0,0,1,4,0,1,0,0.484590,0
7417,0,0,0,4,0,0,0,0.545044,0
7418,1,1,3,4,0,2,1,0.090423,1
7419,0,0,0,0,0,0,0,1.191249,0
7420,1,1,1,2,0,1,0,0.085703,1
7421,2,3,4,6,0,4,0,0.018760,1
7422,2,5,5,6,0,0,5,0.001000,1
7423,0,0,1,3,1,0,0,0.262782,0
7424,0,0,2,6,1,1,0,0.342506,0
7425,0,0,0,2,0,0,0,0.637919,0
7426,0,1,5,9,3,2,0,0.214463,0
7427,0,2,2,4,0,0,2,0.199033,0
7428,1,2,11,14,1,6,4,0.020069,1
7429,1,2,2,2,1,1,0,0.054296,1
7430,0,2,3,7,2,1,0,0.146621,1
7431,0,0,3,3,1,1,1,0.298882,0
7432,0,0,0,2,0,0,0,0.622894,0
7433,0,0,1,1,0,0,1,0.332675,0
7434,0,0,0,3,0,0,0,0.758717,0
7435,2,2,3,4,1,2,0,0.064285,1
7436,0,4,7,8,2,2,3,0.120703,1
7437,1,1,2,3,2,0,0,0.082944,1
7438,1,3,6,7,5,1,0,0.088075,1
7439,2,2,2,7,0,2,0,0.020761,1
7440,0,0,3,9,0,1,2,0.254990,0
7441,0,0,0,1,0,0,0,0.906688,0
7442,1,1,2,4,1,1,0,0.044742,1
7443,0,1,1,7,0,1,0,0.180219,0
7444,1,1,1,3,0,1,0,0.001968,1
7445,0,0,0,1,0,0,0,0.841143,0
7446,0,0,0,1,0,0,0,0.831031,0
7447,0,1,2,2,1,1,0,0.224191,0
7448,0,0,1,2,0,1,0,0.312950,0
7449,1,1,3,5,1,2,0,0.090741,1
7450,0,5,6,9,3,3,0,0.105340,1
7451,0,0,2,4,0,2,0,0.264459,0
7452,0,0,0,1,0,0,0,0.939457,0
7453,0,0,1,3,1,0,0,0.350031,0
7454,0,0,0,2,0,0,0,0.992755,0
7455,1,1,2,2,1,1,0,0.092099,1
7456,0,2,2,3,2,0,0,0.134554,1
7457,0,0,1,3,1,0,0,0.493820,0
7458,0,0,1,5,1,0,0,0.495678,0
7459,0,1,3,3,3,0,0,0.165684,1
7460,0,2,2,3,0,2,0,0.117933,1
7461,1,2,2,2,1,1,0,0.041135,1
7462,1,1,3,5,2,1,0,0.050522,1
7463,0,1,2,4,1,1,0,0.192158,0
7464,0,0,1,4,1,0,0,0.375743,0
7465,1,2,2,6,0,2,0,0.016658,1
7466,0,0,0,4,0,0,0,0.605902,0
7467,0,3,3,3,3,0,0,0.107389,1
7468,2,6,6,8,6,0,0,0.024756,1
7469,1,3,7,10,5,2,0,0.099460,1
7470,0,0,0,0,0,0,0,1.379075,0
7471,0,0,0,1,0,0,0,0.623327,0
7472,0,0,2,8,0,2,0,0.410227,0
7473,0,5,6,7,6,0,0,0.147332,1
7474,1,3,5,6,0,2,3,0.057054,1
7475,0,2,2,7,0,0,2,0.172862,1
7476,0,0,0,0,0,0,0,1.079217,0
7477,0,0,0,1,0,0,0,0.858077,0
7478,1,1,2,2,2,0,0,0.031162,1
7479,0,1,2,4,1,1,0,0.129948,1
7480,0,0,0,1,0,0,0,0.769996,0
7481,0,0,0,5,0,0,0,0.549044,0
7482,0,2,2,6,2,0,0,0.106931,1
7483,0,1,2,3,2,0,0,0.239809,0
7484,0,5,8,11,0,2,6,0.131991,1
7485,0,0,3,4,0,1,2,0.368957,0
7486,0,0,1,2,0,1,0,0.303288,0
7487,0,0,0,3,0,0,0,0.704844,0
7488,0,0,1,1,0,1,0,0.265713,0
7489,0,3,3,3,1,0,2,0.133528,1
7490,2,2,2,5,0,0,2,0.030534,1
7491,0,0,4,10,1,1,2,0.418594,0
7492,0,0,2,3,2,0,0,0.309677,0
7493,0,0,2,2,0,2,0,0.340230,0
7494,0,0,0,2,0,0,0,0.512063,0
7495,0,0,2,2,2,0,0,0.306732,0
7496,1,2,5,16,2,2,1,0.057323,1
7497,0,0,2,3,0,2,0,0.367062,0
7498,1,1,2,5,1,1,0,0.034405,1
7499,0,0,0,2,0,0,0,0.802189,0
7500,1,1,4,4,0,2,2,0.060571,1
7501,0,2,2,12,2,0,0,0.242646,0
7502,3,3,4,5,1,1,2,0.005988,1
7503,1,1,4,6,1,2,1,0.003268,1
7504,0,0,1,3,0,1,0,0.339130,0
7505,0,1,3,11,1,0,2,0.111231,1
7506,0,0,1,5,0,1,0,0.300068,0
7507,0,0,1,4,0,1,0,0.496500,0
7508,2,3,5,8,1,0,4,0.043847,1
7509,0,2,2,3,1,1,0,0.116811,1
7510,1,2,4,5,0,0,4,0.004828,1
7511,0,2,2,4,1,0,1,0.140785,1
7512,3,6,13,16,11,0,2,0.011430,1
7513,0,0,2,3,2,0,0,0.356117,0
7514,0,0,1,2,1,0,0,0.353143,0
7515,0,1,1,2,0,1,0,0.136492,1
7516,0,1,3,11,0,3,0,0.209054,0
7517,0,0,1,3,0,1,0,0.423015,0
7518,2,2,3,5,3,0,0,0.046543,1
7519,0,0,1,3,0,1,0,0.457906,0
7520,1,1,2,5,0,0,2,0.050556,1
7521,0,1,4,9,2,2,0,0.209740,0
7522,0,1,2,7,0,2,0,0.246458,0
7523,1,1,1,2,1,0,0,0.079014,1
7524,0,3,5,8,3,2,0,0.173111,1
7525,16,20,24,24,0,0,24,0.005038,1
7526,0,2,2,3,0,2,0,0.234669,0
7527,0,2,2,5,2,0,0,0.198585,0
7528,0,0,0,4,0,0,0,0.651571,0
7529,0,0,5,6,0,1,4,0.254135,0
7530,0,1,5,9,0,1,4,0.140698,1
7531,1,4,4,6,1,3,0,0.045314,1
7532,1,3,5,6,1,2,2,0.069968,1
7533,0,1,1,4,1,0,0,0.119742,1
7534,0,0,2,3,2,0,0,0.445882,0
7535,0,0,2,7,1,0,1,0.415505,0
7536,2,2,5,9,5,0,0,0.062640,1
7537,0,0,0,2,0,0,0,0.516749,0
7538,0,0,0,1,0,0,0,0.639110,0
7539,0,0,0,5,0,0,0,0.754565,0
7540,2,13,17,21,0,0,17,0.015767,1
7541,0,0,0,0,0,0,0,1.085773,0
7542,1,1,4,7,1,2,1,0.061964,1
7543,0,1,4,6,3,1,0,0.204779,0
7544,1,1,1,3,0,1,0,0.086408,1
7545,0,0,1,2,0,1,0,0.382291,0
7546,0,0,0,0,0,0,0,1.691009,0
7547,0,0,0,0,0,0,0,1.238091,0
7548,0,1,1,4,0,1,0,0.212436,0
7549,0,0,1,7,0,1,0,0.462442,0
7550,1,3,4,7,2,0,2,0.013814,1
7551,0,0,0,1,0,0,0,0.740123,0
7552,0,0,1,2,0,1,0,0.300184,0
7553,0,1,1,3,1,0,0,0.239413,0
7554,0,0,1,4,1,0,0,0.394082,0
7555,0,1,3,8,2,0,1,0.245669,0
7556,0,0,4,6,1,1,2,0.412459,0
7557,0,0,3,4,2,1,0,0.330928,0
7558,2,4,6,7,1,2,3,0.014013,1
7559,2,4,6,6,0,2,4,0.041386,1
7560,2,2,4,4,0,0,4,0.017218,1
7561,2,4,9,17,5,3,1,0.052607,1
7562,0,0,2,5,1,0,1,0.362500,0
7563,0,1,4,7,0,1,3,0.232727,0
7564,0,0,0,6,0,0,0,0.519688,0
7565,2,6,6,16,3,1,2,0.070110,1
7566,1,1,1,2,0,0,1,0.036600,1
7567,0,1,2,4,2,0,0,0.145326,1
7568,0,4,5,6,1,4,0,0.217949,0
7569,0,0,0,3,0,0,0,0.633326,0
7570,0,0,4,4,1,0,3,0.285865,0
7571,0,0,0,2,0,0,0,0.684881,0
7572,0,0,2,3,2,0,0,0.335857,0
7573,0,2,3,5,2,1,0,0.187543,0
7574,0,0,0,2,0,0,0,0.636465,0
7575,1,2,4,5,3,1,0,0.088216,1
7576,0,0,1,3,0,1,0,0.342946,0
7577,0,1,2,6,0,2,0,0.104947,1
7578,0,0,2,5,0,0,2,0.459546,0
7579,0,0,2,3,1,1,0,0.351160,0
7580,3,3,4,6,3,1,0,0.032180,1
7581,1,3,5,8,4,0,1,0.077940,1
7582,0,4,6,10,0,1,5,0.126314,1
7583,0,0,3,6,2,1,0,0.360770,0
7584,0,0,1,4,1,0,0,0.413511,0
7585,0,1,3,7,2,1,0,0.117782,1
7586,3,5,6,7,4,1,1,0.022564,1
7587,0,0,3,5,1,2,0,0.356624,0
7588,0,0,0,3,0,0,0,0.763209,0
7589,0,2,3,3,0,0,3,0.129967,1
7590,0,3,3,9,2,1,0,0.186409,0
7591,0,4,10,18,0,3,7,0.115176,1
7592,0,0,1,3,0,1,0,0.487271,0
7593,2,3,5,5,5,0,0,0.042361,1
7594,1,1,3,4,0,2,1,0.061948,1
7595,1,2,2,3,1,0,1,0.067157,1
7596,1,1,2,6,1,1,0,0.084263,1
7597,0,0,0,0,0,0,0,1.251170,0
7598,0,0,1,4,0,1,0,0.317688,0
7599,0,0,2,5,0,2,0,0.313622,0
7600,0,0,5,6,1,3,1,0.282656,0
7601,1,2,3,4,3,0,0,0.087489,1
7602,1,1,1,3,0,1,0,0.028067,1
7603,2,2,2,4,0,1,1,0.073685,1
7604,0,0,0,1,0,0,0,0.720162,0
7605,0,0,0,1,0,0,0,0.561579,0
7606,3,4,4,7,0,0,4,0.047067,1
7607,0,2,3,4,1,0,2,0.116889,1
7608,0,0,0,1,0,0,0,0.756525,0
7609,0,1,5,18,1,0,4,0.123706,1
7610,0,0,0,3,0,0,0,0.596217,0
7611,0,1,3,7,1,0,2,0.235048,0
7612,0,0,1,2,0,1,0,0.300851,0
7613,0,2,2,3,1,1,0,0.166514,1
7614,0,0,2,2,0,0,2,0.257445,0
7615,0,0,1,4,1,0,0,0.300573,0
7616,0,3,8,16,2,1,5,0.142773,1
7617,0,1,1,4,0,0,1,0.159450,1
7618,1,1,2,6,1,1,0,0.012435,1
7619,0,0,1,2,0,1,0,0.281947,0
7620,0,0,0,1,0,0,0,0.897753,0
7621,0,0,0,3,0,0,0,0.945825,0
7622,2,2,2,3,0,1,1,0.017259,1
7623,4,6,6,9,4,2,0,0.022683,1
7624,1,3,6,12,1,2,3,0.074394,1
7625,0,1,1,3,0,1,0,0.152207,1
7626,0,1,1,4,1,0,0,0.108750,1
7627,0,1,2,5,0,0,2,0.203292,0
7628,0,4,7,8,3,0,4,0.135683,1
7629,0,0,2,6,0,1,1,0.485484,0
7630,0,1,1,1,1,0,0,0.167676,1
7631,0,1,1,2,1,0,0,0.182559,0
7632,0,1,2,6,0,1,1,0.123403,1
7633,5,5,6,10,5,0,1,0.021711,1
7634,1,1,1,1,0,0,1,0.055869,1
7635,0,0,2,2,0,0,2,0.446860,0
7636,0,0,1,3,1,0,0,0.317851,0
7637,0,1,5,11,1,2,2,0.113432,1
7638,0,1,1,2,1,0,0,0.106755,1
7639,7,7,9,14,1,3,5,0.044291,1
7640,0,1,2,11,2,0,0,0.239464,0
7641,1,4,5,10,3,0,2,0.045251,1
7642,3,4,5,7,5,0,0,0.013598,1
7643,0,1,3,4,1,2,0,0.144651,1
7644,0,0,0,1,0,0,0,0.965085,0
7645,0,0,2,2,0,0,2,0.343520,0
7646,1,1,1,2,1,0,0,0.002660,1
7647,0,0,1,2,1,0,0,0.392922,0
7648,0,3,3,8,2,0,1,0.117229,1
7649,0,0,0,4,0,0,0,0.559205,0
7650,0,1,6,9,5,1,0,0.126367,1
7651,3,5,6,11,0,1,5,0.013453,1
7652,2,5,5,5,4,0,1,0.023069,1
7653,0,0,0,0,0,0,0,1.944358,0
7654,0,1,1,3,1,0,0,0.177797,0
7655,0,0,1,3,0,0,1,0.289597,0
7656,0,0,2,4,2,0,0,0.355320,0
7657,0,3,3,4,3,0,0,0.111245,1
7658,3,6,8,9,2,3,3,0.020446,1
7659,0,2,4,7,3,1,0,0.113626,1
7660,1,1,2,5,1,1,0,0.072515,1
7661,0,1,4,7,4,0,0,0.225243,0
7662,0,1,1,3,1,0,0,0.178158,0
7663,1,1,1,3,1,0,0,0.049372,1
7664,0,0,0,0,0,0,0,1.684390,0
7665,2,4,6,7,6,0,0,0.038223,1
7666,0,0,1,2,0,1,0,0.303581,0
7667,3,4,6,8,4,2,0,0.010557,1
7668,2,6,7,9,2,2,3,0.047925,1
7669,0,0,1,2,0,0,1,0.475908,0
7670,0,0,0,3,0,0,0,0.704890,0
7671,1,1,2,3,0,2,0,0.026113,1
7672,0,0,0,0,0,0,0,1.388840,0
7673,0,0,1,2,0,1,0,0.282448,0
7674,1,1,4,6,0,4,0,0.071531,1
7675,0,4,6,8,0,4,2,0.171162,1
7676,0,0,2,3,0,0,2,0.261537,0
7677,1,1,1,1,0,1,0,0.042641,1
7678,0,0,0,1,0,0,0,0.667100,0
7679,0,1,1,3,1,0,0,0.149331,1
7680,5,6,11,13,8,1,2,0.004879,1
7681,0,1,2,4,2,0,0,0.171047,1
7682,1,5,10,12,7,3,0,0.088680,1
7683,0,3,7,8,0,2,5,0.103510,1
7684,0,0,0,3,0,0,0,0.802969,0
7685,0,0,0,3,0,0,0,0.627084,0
7686,0,0,2,2,0,1,1,0.347634,0
7687,0,0,0,2,0,0,0,0.782227,0
7688,0,0,2,8,1,1,0,0.289498,0
7689,0,0,1,5,1,0,0,0.479365,0
7690,0,0,1,1,0,1,0,0.281764,0
7691,1,3,5,6,4,0,1,0.073362,1
7692,0,0,0,3,0,0,0,0.683074,0
7693,0,0,0,0,0,0,0,1.022204,0
7694,0,1,1,3,0,1,0,0.134212,1
7695,0,1,1,5,0,1,0,0.145686,1
7696,0,0,3,5,0,3,0,0.272972,0
7697,2,2,4,4,1,3,0,0.042297,1
7698,0,0,0,0,0,0,0,1.241958,0
7699,0,0,0,3,0,0,0,0.537022,0
7700,0,0,1,2,0,0,1,0.312593,0
7701,0,0,2,4,2,0,0,0.312264,0
7702,0,0,0,1,0,0,0,0.568143,0
7703,0,0,0,1,0,0,0,0.987260,0
7704,1,3,7,10,4,3,0,0.082293,1
7705,0,0,0,1,0,0,0,0.962189,0
7706,3,4,7,7,5,2,0,0.050738,1
7707,0,0,0,1,0,0,0,0.775429,0
7708,0,0,1,6,0,0,1,0.279274,0
7709,3,6,8,11,1,3,4,0.054534,1
7710,0,1,1,3,1,0,0,0.158773,1
7711,0,1,3,6,0,1,2,0.159232,1
7712,0,0,0,1,0,0,0,0.828829,0
7713,0,0,0,1,0,0,0,0.641266,0
7714,3,3,3,4,1,2,0,0.040949,1
7715,0,0,2,2,0,0,2,0.347226,0
7716,0,1,8,10,4,4,0,0.210094,0
7717,0,0,1,4,0,1,0,0.298708,0
7718,0,1,6,9,1,1,4,0.163201,1
7719,0,2,3,7,3,0,0,0.190347,0
7720,0,0,1,6,0,1,0,0.422391,0
7721,0,1,3,3,0,2,1,0.117239,1
7722,1,1,2,4,1,1,0,0.067268,1
7723,0,2,3,5,1,0,2,0.235907,0
7724,0,0,3,8,1,1,1,0.268176,0
7725,0,1,3,4,3,0,0,0.127437,1
7726,0,0,0,2,0,0,0,0.615342,0
7727,0,1,1,1,0,1,0,0.128592,1
7728,0,0,1,3,0,0,1,0.294816,0
7729,0,0,0,1,0,0,0,0.620141,0
7730,0,1,3,8,0,2,1,0.172464,1
7731,1,5,6,6,2,4,0,0.038060,1
7732,0,0,0,0,0,0,0,1.689058,0
7733,0,1,1,2,0,0,1,0.178195,0
7734,0,4,6,11,3,1,2,0.163709,1
7735,0,0,2,6,1,1,0,0.276385,0
7736,2,2,3,6,0,1,2,0.025809,1
7737,0,0,1,3,0,1,0,0.452485,0
7738,0,0,0,2,0,0,0,0.588937,0
7739,0,2,3,5,3,0,0,0.113808,1
7740,0,0,0,2,0,0,0,0.844750,0
7741,0,1,1,3,1,0,0,0.196086,0
7742,1,1,2,3,0,0,2,0.052903,1
7743,1,1,3,4,2,1,0,0.098001,1
7744,0,2,3,4,0,0,3,0.111423,1
7745,0,1,2,4,0,0,2,0.122364,1
7746,0,1,1,1,1,0,0,0.222687,0
7747,1,1,1,2,1,0,0,0.075709,1
7748,0,0,2,6,0,1,1,0.294151,0
7749,0,1,2,3,0,0,2,0.230548,0
7750,0,2,2,7,0,0,2,0.125101,1
7751,0,0,1,4,1,0,0,0.355611,0
7752,0,0,0,3,0,0,0,0.778710,0
7753,0,0,0,0,0,0,0,1.052153,0
7754,0,0,0,1,0,0,0,0.669367,0
7755,0,0,2,2,0,0,2,0.345240,0
7756,0,1,1,2,0,1,0,0.170133,1
7757,0,0,3,4,1,2,0,0.384247,0
7758,0,1,3,5,2,1,0,0.209441,0
7759,0,0,0,4,0,0,0,0.577443,0
7760,0,1,1,2,0,1,0,0.156685,1
7761,0,0,0,0,0,0,0,1.487979,0
7762,0,1,4,6,0,4,0,0.163444,1
7763,0,2,4,6,3,1,0,0.198483,0
7764,0,0,2,4,2,0,0,0.370113,0
7765,0,3,7,17,0,4,3,0.135556,1
7766,0,1,4,11,1,1,2,0.149446,1
7767,3,3,8,21,1,3,4,0.033534,1
7768,0,0,1,2,0,0,1,0.302739,0
7769,4,4,6,8,6,0,0,0.026110,1
7770,1,1,2,4,0,2,0,0.010614,1
7771,2,5,7,7,7,0,0,0.003352,1
7772,0,2,4,5,1,1,2,0.119705,1
7773,1,1,3,6,2,1,0,0.074352,1
7774,2,3,3,4,0,2,1,0.075202,1
7775,0,1,1,2,0,0,1,0.204474,0
7776,2,3,6,8,3,1,2,0.076044,1
7777,0,0,0,1,0,0,0,0.976578,0
7778,0,0,1,1,0,1,0,0.491500,0
7779,2,2,5,10,3,1,1,0.008809,1
7780,0,0,0,2,0,0,0,0.567104,0
7781,0,1,1,2,0,1,0,0.230007,0
7782,0,0,2,6,1,1,0,0.372189,0
7783,1,2,4,5,4,0,0,0.065218,1
7784,0,0,2,3,0,2,0,0.439033,0
7785,1,3,4,7,3,1,0,0.016865,1
7786,1,1,1,4,0,0,1,0.089344,1
7787,0,0,1,1,1,0,0,0.369813,0
7788,0,0,1,2,0,1,0,0.374946,0
7789,0,2,3,4,0,2,1,0.181811,0
7790,0,0,1,3,0,1,0,0.498165,0
7791,0,0,1,2,0,1,0,0.419455,0
7792,0,3,3,3,2,1,0,0.185199,0
7793,1,1,1,1,1,0,0,0.060764,1
7794,1,1,4,7,2,1,1,0.011608,1
7795,0,0,4,9,1,0,3,0.256252,0
7796,1,1,3,4,1,0,2,0.036872,1
7797,0,1,4,9,2,2,0,0.200869,0
7798,0,1,1,2,1,0,0,0.148354,1
7799,0,0,1,2,1,0,0,0.407568,0
7800,0,3,12,13,6,3,3,0.124919,1
7801,0,0,3,9,2,1,0,0.322533,0
7802,2,2,4,14,1,3,0,0.010268,1
7803,0,0,3,4,0,3,0,0.384848,0
7804,0,0,1,1,1,0,0,0.319347,0
7805,0,3,4,7,1,0,3,0.193578,0
7806,0,0,1,1,1,0,0,0.395947,0
7807,0,0,0,2,0,0,0,0.566208,0
7808,0,0,0,3,0,0,0,0.624347,0
7809,2,4,7,12,5,1,1,0.017703,1
7810,1,1,1,2,0,0,1,0.095940,1
7811,0,1,2,4,2,0,0,0.233690,0
7812,1,1,3,5,2,1,0,0.036009,1
7813,0,0,0,0,0,0,0,1.163469,0
7814,0,1,4,4,1,2,1,0.124532,1
7815,2,5,8,9,5,3,0,0.035438,1
7816,3,3,10,13,2,5,3,0.023220,1
7817,3,4,5,5,2,2,1,0.006726,1
7818,0,1,1,1,0,0,1,0.130916,1
7819,2,3,6,11,0,5,1,0.058768,1
7820,1,1,1,3,0,1,0,0.034759,1
7821,0,0,1,2,0,1,0,0.472938,0
7822,0,0,0,3,0,0,0,0.542421,0
7823,0,0,0,1,0,0,0,0.708198,0
7824,0,3,6,16,0,2,4,0.138055,1
7825,0,0,2,3,2,0,0,0.485415,0
7826,1,1,2,5,0,2,0,0.047754,1
7827,0,1,3,5,1,2,0,0.202257,0
7828,0,2,5,6,5,0,0,0.161535,1
7829,0,0,0,4,0,0,0,0.639561,0
7830,1,3,3,6,1,2,0,0.071321,1
7831,2,2,2,3,0,0,2,0.077220,1
7832,0,0,0,3,0,0,0,0.846789,0
7833,0,0,0,3,0,0,0,0.623784,0
7834,1,1,3,6,1,0,2,0.058755,1
7835,0,0,1,4,1,0,0,0.491626,0
7836,4,5,7,8,5,2,0,0.013079,1
7837,0,0,0,1,0,0,0,0.508003,0
7838,1,2,4,6,4,0,0,0.061421,1
7839,4,4,6,8,6,0,0,0.038121,1
7840,1,4,4,8,1,0,3,0.061855,1
7841,0,0,0,0,0,0,0,3.080831,0
7842,0,1,2,3,0,2,0,0.188515,0
7843,1,2,3,5,1,1,1,0.039034,1
7844,0,1,1,2,0,0,1,0.191776,0
7845,0,2,2,4,2,0,0,0.113331,1
7846,1,1,1,2,1,0,0,0.024955,1
7847,1,2,3,6,2,1,0,0.066719,1
7848,0,1,2,4,1,1,0,0.109503,1
7849,0,0,0,0,0,0,0,4.251574,0
7850,0,0,0,4,0,0,0,0.603971,0
7851,0,0,2,3,1,0,1,0.382291,0
7852,0,1,1,1,0,1,0,0.140688,1
7853,2,4,10,12,8,0,2,0.051657,1
7854,1,1,1,3,0,1,0,0.073356,1
7855,0,0,0,3,0,0,0,0.897520,0
7856,0,0,0,1,0,0,0,0.545716,0
7857,1,2,4,5,2,2,0,0.075034,1
7858,0,0,1,1,0,1,0,0.428424,0
7859,1,1,2,3,0,2,0,0.069380,1
7860,1,1,1,4,0,1,0,0.030863,1
7861,0,0,1,2,0,1,0,0.347197,0
7862,0,0,0,1,0,0,0,0.898984,0
7863,0,0,1,8,1,0,0,0.257305,0
7864,0,1,1,3,0,1,0,0.146585,1
7865,0,0,0,1,0,0,0,0.651952,0
7866,0,0,2,5,0,2,0,0.394979,0
7867,0,0,2,3,1,1,0,0.385834,0
7868,0,1,1,2,0,1,0,0.230693,0
7869,1,1,2,2,1,1,0,0.019814,1
7870,0,1,1,4,1,0,0,0.246636,0
7871,1,1,1,1,0,1,0,0.037226,1
7872,0,0,0,0,0,0,0,1.675625,0
7873,0,0,0,1,0,0,0,0.734113,0
7874,2,4,6,18,1,1,4,0.025333,1
7875,0,1,4,5,1,0,3,0.196464,0
7876,0,1,4,5,1,0,3,0.240255,0
7877,0,0,0,0,0,0,0,1.463523,0
7878,0,3,3,4,0,0,3,0.157897,1
7879,0,1,2,2,0,1,1,0.144611,1
7880,0,0,1,1,0,1,0,0.274919,0
7881,0,0,1,4,0,1,0,0.477232,0
7882,0,0,0,1,0,0,0,0.752508,0
7883,0,2,5,7,4,1,0,0.162499,1
7884,2,6,7,9,4,3,0,0.055477,1
7885,0,0,0,2,0,0,0,0.724032,0
7886,0,2,3,8,1,2,0,0.176052,0
7887,0,2,3,4,1,2,0,0.182532,0
7888,0,1,2,3,0,2,0,0.171871,1
7889,0,0,0,1,0,0,0,0.715151,0
7890,0,0,1,3,0,1,0,0.464260,0
7891,0,0,2,5,2,0,0,0.289237,0
7892,0,5,6,8,0,0,6,0.101725,1
7893,0,1,3,10,0,1,2,0.149324,1
7894,0,2,2,5,2,0,0,0.191023,0
7895,1,2,7,14,3,2,2,0.065563,1
7896,0,2,4,7,2,2,0,0.144700,1
7897,0,1,1,2,0,1,0,0.238870,0
7898,1,1,1,10,1,0,0,0.024544,1
7899,1,2,3,3,0,2,1,0.059585,1
7900,0,1,2,4,0,2,0,0.246991,0
7901,0,0,2,3,2,0,0,0.334105,0
7902,0,0,0,1,0,0,0,0.698664,0
7903,0,0,1,8,0,1,0,0.277465,0
7904,0,0,0,2,0,0,0,0.775041,0
7905,0,0,2,2,1,1,0,0.326586,0
7906,0,0,0,0,0,0,0,1.019729,0
7907,2,3,5,8,2,1,2,0.043351,1
7908,0,0,0,2,0,0,0,0.543467,0
7909,0,0,2,7,2,0,0,0.275436,0
7910,0,0,1,5,1,0,0,0.420696,0
7911,1,3,8,13,2,1,5,0.006676,1
7912,1,1,2,2,1,1,0,0.048117,1
7913,0,1,1,5,0,0,1,0.113255,1
7914,0,0,1,4,0,1,0,0.428734,0
7915,2,5,8,10,1,2,5,0.013565,1
7916,1,1,2,3,0,2,0,0.079217,1
7917,0,0,0,3,0,0,0,0.672020,0
7918,0,1,2,3,0,2,0,0.159946,1
7919,0,0,0,0,0,0,0,1.139199,0
7920,0,0,0,3,0,0,0,0.676781,0
7921,4,4,5,10,2,3,0,0.068959,1
7922,0,0,2,2,1,0,1,0.323009,0
7923,0,0,0,0,0,0,0,2.036498,0
7924,0,0,1,3,1,0,0,0.388924,0
7925,0,0,1,3,0,0,1,0.405226,0
7926,1,3,3,3,0,1,2,0.021741,1
7927,0,0,0,2,0,0,0,0.618202,0
7928,0,0,0,2,0,0,0,0.519424,0
7929,2,3,6,9,2,2,2,0.062719,1
7930,0,0,0,4,0,0,0,0.509501,0
7931,0,0,2,6,1,1,0,0.300810,0
7932,0,2,22,25,0,0,22,0.103955,1
7933,0,0,1,4,1,0,0,0.468946,0
7934,0,1,2,2,0,2,0,0.138980,1
7935,1,3,4,10,1,1,2,0.027699,1
7936,0,0,1,3,1,0,0,0.418890,0
7937,1,2,5,10,5,0,0,0.043700,1
7938,0,0,0,5,0,0,0,0.550105,0
7939,0,0,2,14,0,0,2,0.293597,0
7940,1,1,1,2,0,1,0,0.004705,1
7941,0,0,0,3,0,0,0,0.504455,0
7942,2,2,5,11,0,1,4,0.009183,1
7943,1,2,3,5,3,0,0,0.097585,1
7944,1,1,4,4,4,0,0,0.025105,1
7945,0,1,1,4,1,0,0,0.187146,0
7946,3,4,4,7,4,0,0,0.027566,1
7947,0,0,0,0,0,0,0,1.169899,0
7948,0,0,0,0,0,0,0,1.318016,0
7949,0,1,2,7,2,0,0,0.125423,1
7950,0,1,1,3,0,0,1,0.214328,0
7951,1,1,1,4,0,1,0,0.097041,1
7952,0,0,0,6,0,0,0,0.678037,0
7953,0,1,1,3,0,0,1,0.152389,1
7954,1,1,1,2,1,0,0,0.047651,1
7955,3,3,4,6,1,1,2,0.017922,1
7956,0,0,0,2,0,0,0,0.718062,0
7957,1,2,3,4,2,1,0,0.068609,1
7958,1,2,4,7,0,1,3,0.001703,1
7959,0,1,2,5,2,0,0,0.115483,1
7960,2,4,7,9,1,3,3,0.044095,1
7961,1,2,7,10,3,3,1,0.033618,1
7962,0,0,1,2,1,0,0,0.457920,0
7963,0,0,0,1,0,0,0,0.634074,0
7964,1,1,1,1,0,1,0,0.071991,1
7965,0,0,1,4,1,0,0,0.356369,0
7966,0,0,1,2,1,0,0,0.267388,0
7967,0,1,5,9,0,5,0,0.149270,1
7968,0,0,2,3,0,2,0,0.421607,0
7969,0,0,2,5,2,0,0,0.407928,0
7970,0,1,3,6,0,0,3,0.177754,0
7971,3,4,5,6,2,1,2,0.019293,1
7972,0,0,0,2,0,0,0,0.839001,0
7973,0,1,2,7,1,0,1,0.163810,1
7974,1,1,6,8,3,2,1,0.094261,1
7975,0,0,0,1,0,0,0,0.781360,0
7976,1,1,3,6,2,1,0,0.047042,1
7977,0,8,10,15,0,0,10,0.158642,1
7978,0,0,0,2,0,0,0,0.607412,0
7979,0,0,0,0,0,0,0,1.143662,0
7980,0,0,0,2,0,0,0,0.748454,0
7981,1,4,6,11,1,1,4,0.016666,1
7982,0,0,1,2,0,1,0,0.487278,0
7983,1,1,1,3,1,0,0,0.047036,1
7984,0,0,0,0,0,0,0,1.285159,0
7985,2,2,11,19,2,1,8,0.036673,1
7986,0,2,3,5,0,1,2,0.108507,1
7987,0,1,2,4,1,1,0,0.210847,0
7988,0,0,1,3,0,1,0,0.467634,0
7989,6,6,9,12,3,2,4,0.024407,1
7990,0,0,0,1,0,0,0,0.998492,0
7991,3,4,8,12,4,0,4,0.016424,1
7992,1,3,3,5,2,1,0,0.005431,1
7993,0,1,4,7,3,1,0,0.158312,1
7994,0,0,0,0,0,0,0,1.067192,0
7995,1,2,2,2,0,0,2,0.015496,1
7996,0,0,0,1,0,0,0,0.808520,0
7997,1,1,3,4,2,1,0,0.097118,1
7998,0,1,2,3,1,1,0,0.220201,0
7999,0,0,2,4,0,0,2,0.345293,0
8000,0,0,0,2,0,0,0,0.524769,0
8001,0,0,1,2,0,0,1,0.388695,0
8002,0,0,0,0,0,0,0,1.109635,0
8003,0,0,0,0,0,0,0,2.294199,0
8004,0,0,0,0,0,0,0,1.074811,0
8005,0,2,4,4,0,2,2,0.167126,1
8006,0,2,5,10,1,4,0,0.217742,0
8007,0,0,2,8,2,0,0,0.325369,0
8008,0,0,1,3,0,1,0,0.474772,0
8009,0,2,3,5,0,2,1,0.161967,1
8010,0,0,3,6,0,2,1,0.291398,0
8011,0,1,4,8,0,4,0,0.217072,0
8012,0,0,2,4,0,2,0,0.289147,0
8013,0,2,3,5,2,1,0,0.220662,0
8014,0,0,2,3,2,0,0,0.490684,0
8015,0,1,1,4,0,1,0,0.226913,0
8016,0,0,0,2,0,0,0,0.781286,0
8017,1,2,2,3,0,2,0,0.089335,1
8018,0,2,4,8,1,2,1,0.170867,1
8019,0,0,0,0,0,0,0,1.173031,0
8020,0,1,7,12,2,0,5,0.163383,1
8021,0,0,0,2,0,0,0,0.714416,0
8022,0,1,1,1,0,1,0,0.224678,0
8023,1,1,1,4,1,0,0,0.026756,1
8024,0,1,4,5,1,1,2,0.185550,0
8025,0,0,1,4,1,0,0,0.447978,0
8026,0,0,0,0,0,0,0,1.030853,0
8027,0,0,1,3,1,0,0,0.355662,0
8028,1,1,4,8,1,3,0,0.093147,1
8029,0,0,1,1,0,1,0,0.488430,0
8030,0,0,2,4,2,0,0,0.372282,0
8031,1,3,6,9,3,3,0,0.084647,1
8032,0,0,2,2,1,1,0,0.333330,0
8033,0,0,1,1,0,0,1,0.261971,0
8034,1,1,2,4,1,0,1,0.028158,1
8035,0,0,0,1,0,0,0,0.873611,0
8036,0,1,5,14,0,0,5,0.238730,0
8037,0,0,0,3,0,0,0,0.767472,0
8038,0,0,0,2,0,0,0,0.671176,0
8039,0,0,0,5,0,0,0,0.504971,0
8040,1,6,11,13,7,2,2,0.074188,1
8041,1,4,8,12,6,0,2,0.079169,1
8042,0,0,1,2,0,1,0,0.275381,0
8043,0,1,3,9,0,2,1,0.185246,0
8044,0,0,0,1,0,0,0,0.870306,0
8045,0,1,1,4,0,1,0,0.127203,1
8046,1,1,4,5,1,1,2,0.027212,1
8047,0,1,1,3,0,1,0,0.128001,1
8048,0,0,0,2,0,0,0,0.716426,0
8049,0,0,0,2,0,0,0,0.725871,0
8050,0,0,0,1,0,0,0,0.792506,0
8051,0,1,1,1,1,0,0,0.162798,1
8052,3,5,8,11,5,1,2,0.015911,1
8053,0,0,0,1,0,0,0,0.736048,0
8054,0,0,1,2,0,1,0,0.269145,0
8055,0,1,3,6,2,1,0,0.180087,0
8056,0,0,0,3,0,0,0,0.523365,0
8057,0,0,1,9,0,1,0,0.279054,0
8058,0,1,1,1,0,1,0,0.159711,1
8059,0,1,4,9,4,0,0,0.204221,0
8060,0,1,1,2,1,0,0,0.148444,1
8061,0,0,2,5,1,0,1,0.298010,0
8062,2,4,6,10,5,1,0,0.053214,1
8063,1,1,2,4,1,1,0,0.076950,1
8064,1,1,1,4,1,0,0,0.095442,1
8065,0,0,0,0,0,0,0,1.149488,0
8066,0,2,4,10,1,1,2,0.142353,1
8067,0,0,0,1,0,0,0,0.740081,0
8068,1,2,5,7,4,1,0,0.010004,1
8069,0,0,4,6,1,2,1,0.382531,0
8070,0,0,0,2,0,0,0,0.745002,0
8071,2,3,4,12,0,2,2,0.008803,1
8072,0,0,1,2,0,1,0,0.493740,0
8073,0,0,1,1,1,0,0,0.384749,0
8074,1,2,7,14,5,2,0,0.019149,1
8075,0,1,1,5,0,1,0,0.101035,1
8076,0,0,1,1,0,1,0,0.258318,0
8077,0,0,0,4,0,0,0,0.520179,0
8078,0,0,0,1,0,0,0,0.818698,0
8079,0,0,1,4,1,0,0,0.390952,0
8080,1,1,3,7,1,1,1,0.012315,1
8081,0,0,0,0,0,0,0,1.191552,0
8082,0,0,0,2,0,0,0,0.793384,0
8083,0,1,5,5,0,5,0,0.209001,0
8084,2,2,2,2,1,1,0,0.064411,1
8085,0,1,4,8,1,1,2,0.151799,1
8086,2,4,5,5,4,1,0,0.089195,1
8087,0,0,0,3,0,0,0,0.725575,0
8088,0,2,2,3,2,0,0,0.118589,1
8089,1,1,1,3,1,0,0,0.000636,1
8090,0,1,3,6,0,3,0,0.134052,1
8091,1,1,3,4,1,1,1,0.027999,1
8092,0,0,4,4,1,0,3,0.264231,0
8093,0,0,3,7,3,0,0,0.255906,0
8094,2,5,7,7,6,1,0,0.034271,1
8095,2,2,3,4,0,1,2,0.086676,1
8096,1,2,5,10,1,2,2,0.057283,1
8097,0,1,1,2,0,0,1,0.244168,0
8098,0,0,2,4,1,1,0,0.255913,0
8099,0,0,2,4,2,0,0,0.273867,0
8100,0,0,1,6,0,0,1,0.442275,0
8101,0,0,1,2,0,1,0,0.425633,0
8102,0,0,0,0,0,0,0,1.426159,0
8103,0,0,0,1,0,0,0,0.863938,0
8104,0,2,5,10,5,0,0,0.136798,1
8105,0,0,0,2,0,0,0,0.601368,0
8106,0,3,4,5,0,2,2,0.186912,0
8107,0,0,6,10,2,2,2,0.292940,0
8108,0,0,1,5,1,0,0,0.402861,0
8109,1,4,9,12,7,2,0,0.066127,1
8110,0,0,1,2,1,0,0,0.475242,0
8111,0,1,3,6,0,0,3,0.218778,0
8112,0,1,1,1,1,0,0,0.187422,0
8113,0,0,0,1,0,0,0,0.736967,0
8114,0,0,0,2,0,0,0,0.593680,0
8115,0,0,0,0,0,0,0,1.143299,0
8116,1,1,1,3,0,1,0,0.071696,1
8117,1,2,3,3,0,2,1,0.031022,1
8118,0,0,3,7,0,1,2,0.432324,0
8119,0,1,1,4,0,1,0,0.245067,0
8120,0,5,5,9,3,0,2,0.100981,1
8121,0,0,0,1,0,0,0,0.626322,0
8122,1,1,3,4,3,0,0,0.064645,1
8123,0,0,1,1,1,0,0,0.270627,0
8124,0,0,0,2,0,0,0,0.566547,0
8125,0,0,1,4,1,0,0,0.482555,0
8126,0,0,1,4,1,0,0,0.404218,0
8127,0,2,4,6,2,2,0,0.156772,1
8128,0,0,2,4,0,0,2,0.468727,0
8129,0,0,0,0,0,0,0,1.079597,0
8130,0,0,1,2,1,0,0,0.255564,0
8131,0,1,3,6,1,1,1,0.135054,1
8132,0,2,3,5,1,1,1,0.110922,1
8133,0,0,0,0,0,0,0,1.146966,0
8134,0,2,2,3,0,0,2,0.180095,0
8135,0,1,2,3,0,2,0,0.210913,0
8136,1,3,5,5,3,0,2,0.012741,1
8137,0,0,0,2,0,0,0,0.625374,0
8138,1,2,5,13,0,1,4,0.021152,1
8139,1,4,5,9,4,1,0,0.061690,1
8140,0,1,7,19,2,2,3,0.249425,0
8141,0,0,2,6,1,1,0,0.370410,0
8142,0,0,0,2,0,0,0,0.573311,0
8143,0,3,4,9,1,1,2,0.187762,0
8144,1,1,2,2,1,1,0,0.008697,1
8145,0,2,4,7,0,4,0,0.101305,1
8146,0,0,1,2,0,1,0,0.256249,0
8147,0,0,0,3,0,0,0,0.562133,0
8148,0,1,4,10,1,2,1,0.128559,1
8149,0,1,1,1,0,1,0,0.149641,1
8150,0,0,0,4,0,0,0,0.616222,0
8151,1,1,3,8,1,1,1,0.013301,1
8152,0,0,4,8,2,2,0,0.388591,0
8153,0,0,2,2,0,2,0,0.400115,0
8154,1,2,4,7,2,2,0,0.049613,1
8155,0,0,1,2,0,1,0,0.253716,0
8156,0,0,2,4,1,1,0,0.400437,0
8157,0,0,2,7,1,1,0,0.292587,0
8158,0,1,6,10,6,0,0,0.108281,1
8159,0,0,3,6,0,2,1,0.278825,0
8160,0,1,1,2,1,0,0,0.184597,0
8161,0,0,2,4,0,0,2,0.321264,0
8162,0,1,1,2,0,0,1,0.124196,1
8163,0,0,4,10,2,1,1,0.253924,0
8164,4,4,4,6,4,0,0,0.026391,1
8165,0,0,0,1,0,0,0,0.735370,0
8166,0,0,0,2,0,0,0,0.680431,0
8167,0,0,0,0,0,0,0,1.043170,0
8168,0,0,0,0,0,0,0,1.482335,0
8169,0,0,0,1,0,0,0,0.868508,0
8170,1,2,3,5,0,2,1,0.062474,1
8171,0,0,0,1,0,0,0,0.730802,0
8172,0,1,4,6,2,0,2,0.234069,0
8173,0,0,0,2,0,0,0,0.846073,0
8174,0,0,1,1,0,1,0,0.259863,0
8175,0,0,0,0,0,0,0,1.307513,0
8176,0,0,2,2,0,2,0,0.367701,0
8177,0,3,3,6,0,0,3,0.137699,1
8178,0,0,1,2,0,1,0,0.353224,0
8179,0,2,2,5,0,0,2,0.103078,1
8180,0,0,0,2,0,0,0,0.524266,0
8181,0,0,3,4,2,1,0,0.300095,0
8182,1,3,4,8,2,2,0,0.011342,1
8183,0,0,0,0,0,0,0,1.021537,0
8184,1,1,3,6,0,2,1,0.014443,1
8185,0,0,0,0,0,0,0,1.299896,0
8186,0,0,1,1,1,0,0,0.398333,0
8187,1,2,2,5,2,0,0,0.089795,1
8188,0,1,1,2,0,1,0,0.245597,0
8189,0,1,1,3,0,1,0,0.247465,0
8190,0,0,0,2,0,0,0,0.648403,0
8191,4,4,4,5,4,0,0,0.003654,1
8192,2,2,3,7,1,2,0,0.009729,1
8193,4,6,6,9,5,1,0,0.008966,1
8194,0,0,1,4,0,1,0,0.412412,0
8195,0,1,2,4,1,0,1,0.224018,0
8196,0,0,0,10,0,0,0,0.522665,0
8197,0,2,3,4,1,2,0,0.123009,1
8198,0,1,3,7,3,0,0,0.139579,1
8199,0,1,1,7,1,0,0,0.139385,1
8200,0,1,2,2,0,2,0,0.146955,1
8201,0,0,3,7,2,1,0,0.292011,0
8202,3,3,3,6,0,0,3,0.005999,1
8203,0,0,2,5,2,0,0,0.258356,0
8204,0,1,1,5,0,1,0,0.198370,0
8205,0,1,4,5,1,2,1,0.114609,1
8206,0,2,2,5,0,0,2,0.224872,0
8207,1,2,4,5,0,1,3,0.085964,1
8208,0,0,2,2,1,1,0,0.403835,0
8209,0,1,1,1,0,1,0,0.113790,1
8210,2,2,5,12,0,1,4,0.080466,1
8211,0,0,1,2,1,0,0,0.436131,0
8212,0,0,0,2,0,0,0,0.555692,0
8213,0,0,2,5,0,2,0,0.329019,0
8214,0,0,0,1,0,0,0,0.888686,0
8215,0,0,0,3,0,0,0,0.723370,0
8216,0,1,1,1,0,0,1,0.215836,0
8217,3,4,8,10,6,1,1,0.030982,1
8218,0,2,2,2,0,0,2,0.194411,0
8219,0,1,3,3,3,0,0,0.157177,1
8220,0,2,4,6,4,0,0,0.182705,0
8221,0,0,1,4,0,1,0,0.496980,0
8222,0,0,0,1,0,0,0,0.994739,0
8223,0,0,1,5,1,0,0,0.445010,0
8224,0,0,0,2,0,0,0,0.544879,0
8225,0,0,1,7,0,0,1,0.463246,0
8226,0,2,4,6,0,0,4,0.237827,0
8227,0,0,1,7,0,0,1,0.429697,0
8228,1,3,3,4,1,2,0,0.016572,1
8229,1,1,2,4,0,0,2,0.093506,1
8230,0,0,1,4,1,0,0,0.278813,0
8231,0,2,3,7,3,0,0,0.113560,1
8232,3,3,4,12,0,1,3,0.085089,1
8233,0,3,5,6,4,1,0,0.129531,1
8234,0,0,1,4,0,1,0,0.449941,0
8235,0,0,1,3,1,0,0,0.338570,0
8236,0,0,0,3,0,0,0,0.621884,0
8237,0,0,0,2,0,0,0,0.733462,0
8238,0,0,0,0,0,0,0,1.387602,0
8239,0,0,1,3,1,0,0,0.404849,0
8240,0,0,0,1,0,0,0,0.575502,0
8241,0,1,1,2,0,1,0,0.205646,0
8242,0,0,2,2,0,2,0,0.347210,0
8243,0,0,1,1,1,0,0,0.377975,0
8244,2,2,3,7,0,0,3,0.016804,1
8245,0,0,0,0,0,0,0,1.471419,0
8246,0,1,2,4,1,1,0,0.119705,1
8247,1,1,2,4,2,0,0,0.056621,1
8248,0,0,0,0,0,0,0,1.846058,0
8249,0,0,1,3,0,0,1,0.372651,0
8250,0,1,2,6,1,1,0,0.148192,1
8251,1,4,5,7,5,0,0,0.091922,1
8252,1,3,8,15,4,2,2,0.041182,1
8253,0,0,1,5,1,0,0,0.427457,0
8254,1,1,1,5,1,0,0,0.004276,1
8255,0,0,2,3,1,1,0,0.298435,0
8256,0,0,2,3,1,1,0,0.357869,0
8257,0,0,2,3,1,0,1,0.441652,0
8258,0,0,0,2,0,0,0,0.692525,0
8259,0,0,2,4,2,0,0,0.383570,0
8260,3,21,25,25,0,3,22,0.069484,1
8261,1,1,3,4,0,1,2,0.023356,1
8262,0,0,0,2,0,0,0,0.539919,0
8263,0,0,2,5,0,2,0,0.330035,0
8264,1,1,2,5,2,0,0,0.093569,1
8265,0,0,0,1,0,0,0,0.996653,0
8266,0,1,1,4,1,0,0,0.152299,1
8267,0,2,5,11,2,0,3,0.117674,1
8268,0,5,10,13,4,1,5,0.112287,1
8269,0,0,2,3,0,1,1,0.307429,0
8270,0,0,3,4,0,3,0,0.370466,0
8271,1,1,1,2,0,1,0,0.027511,1
8272,0,0,3,5,2,0,1,0.253785,0
8273,0,0,1,4,0,1,0,0.428448,0
8274,1,3,5,7,0,2,3,0.086993,1
8275,0,1,2,5,0,1,1,0.248680,0
8276,0,1,2,4,1,1,0,0.232577,0
8277,0,1,1,2,0,0,1,0.157888,1
8278,0,0,0,3,0,0,0,0.755896,0
8279,2,2,2,4,1,1,0,0.007210,1
8280,0,3,5,6,1,4,0,0.105233,1
8281,0,0,0,3,0,0,0,0.646399,0
8282,1,2,2,4,2,0,0,0.015974,1
8283,0,0,1,2,1,0,0,0.471437,0
8284,1,1,1,2,0,1,0,0.045800,1
8285,0,1,1,3,0,1,0,0.205375,0
8286,0,0,1,3,1,0,0,0.305968,0
8287,0,0,0,4,0,0,0,0.760025,0
8288,1,3,3,7,0,0,3,0.098375,1
8289,0,1,1,5,1,0,0,0.131242,1
8290,4,5,5,5,4,1,0,0.008192,1
8291,0,0,0,4,0,0,0,0.763510,0
8292,0,0,14,15,0,0,14,0.327234,0
8293,0,0,0,0,0,0,0,1.412304,0
8294,0,1,2,4,1,1,0,0.144805,1
8295,0,0,2,3,0,0,2,0.253578,0
8296,0,6,8,10,0,1,7,0.125919,1
8297,0,1,2,6,2,0,0,0.248308,0
8298,0,1,4,8,0,0,4,0.134176,1
8299,0,1,3,6,1,2,0,0.102243,1
8300,1,1,3,5,0,3,0,0.019943,1
8301,1,1,3,5,0,3,0,0.087990,1
8302,0,0,1,6,1,0,0,0.266384,0
8303,0,0,0,2,0,0,0,0.663780,0
8304,0,0,0,3,0,0,0,0.553132,0
8305,0,0,0,2,0,0,0,0.595353,0
8306,0,1,3,4,3,0,0,0.232051,0
8307,0,0,0,0,0,0,0,1.211637,0
8308,0,0,0,1,0,0,0,0.548523,0
8309,3,3,4,6,3,1,0,0.060275,1
8310,0,2,2,9,0,1,1,0.140487,1
8311,0,2,6,12,4,1,1,0.192485,0
8312,1,1,1,2,1,0,0,0.043801,1
8313,0,1,1,2,1,0,0,0.178466,0
8314,1,2,6,8,4,2,0,0.075021,1
8315,1,1,2,6,1,0,1,0.070282,1
8316,0,1,3,3,0,1,2,0.207427,0
8317,0,0,1,3,0,0,1,0.419144,0
8318,0,0,0,1,0,0,0,0.717969,0
8319,5,7,7,9,7,0,0,0.021096,1
8320,1,1,2,5,0,2,0,0.077031,1
8321,0,0,0,4,0,0,0,0.558198,0
8322,0,0,2,4,0,1,1,0.358672,0
8323,3,3,3,3,0,0,3,0.027191,1
8324,0,0,0,4,0,0,0,0.558361,0
8325,0,1,2,8,2,0,0,0.112869,1
8326,3,5,5,8,5,0,0,0.030040,1
8327,0,2,6,7,6,0,0,0.120390,1
8328,0,3,4,8,0,0,4,0.155476,1
8329,0,1,2,7,2,0,0,0.170554,1
8330,0,2,2,8,0,0,2,0.161351,1
8331,0,0,1,5,1,0,0,0.399987,0
8332,2,2,5,9,1,2,2,0.036474,1
8333,0,0,2,7,2,0,0,0.334974,0
8334,0,1,2,6,0,0,2,0.226633,0
8335,0,0,0,0,0,0,0,1.236792,0
8336,0,0,1,1,0,0,1,0.429232,0
8337,0,1,1,2,0,1,0,0.164900,1
8338,0,0,1,4,1,0,0,0.339461,0
8339,1,2,3,5,1,2,0,0.086906,1
8340,0,1,2,3,0,2,0,0.143156,1
8341,0,0,3,7,1,1,1,0.338580,0
8342,0,0,0,1,0,0,0,0.649522,0
8343,0,0,3,6,0,0,3,0.296777,0
8344,0,0,0,1,0,0,0,0.817664,0
8345,0,0,0,1,0,0,0,0.556549,0
8346,0,2,2,3,0,2,0,0.175492,0
8347,1,1,1,4,1,0,0,0.037105,1
8348,0,0,1,1,0,1,0,0.270653,0
8349,0,1,1,2,1,0,0,0.154418,1
8350,0,0,1,1,1,0,0,0.481927,0
8351,0,0,2,5,0,0,2,0.310562,0
8352,0,0,0,1,0,0,0,0.733434,0
8353,0,0,0,0,0,0,0,1.110047,0
8354,1,1,2,5,1,0,1,0.036849,1
8355,1,1,1,1,0,1,0,0.045197,1
8356,2,4,5,7,3,2,0,0.075112,1
8357,0,2,4,7,0,0,4,0.208520,0
8358,0,0,1,2,0,1,0,0.467907,0
8359,4,6,7,9,7,0,0,0.009805,1
8360,0,1,4,6,2,2,0,0.219443,0
8361,0,0,0,4,0,0,0,0.502947,0
8362,0,1,4,5,1,2,1,0.229933,0
8363,0,0,0,0,0,0,0,1.469426,0
8364,0,0,2,4,2,0,0,0.324911,0
8365,0,0,2,4,1,1,0,0.376720,0
8366,0,0,1,4,0,1,0,0.254621,0
8367,0,0,1,4,0,1,0,0.483644,0
8368,0,0,0,2,0,0,0,0.689937,0
8369,2,3,5,7,0,5,0,0.095005,1
8370,0,1,2,3,2,0,0,0.215525,0
8371,0,0,1,5,1,0,0,0.476730,0
8372,0,0,3,7,3,0,0,0.304091,0
8373,0,0,0,2,0,0,0,0.740041,0
8374,4,5,8,13,6,0,2,0.014336,1
8375,0,2,2,2,0,2,0,0.106251,1
8376,0,1,1,1,0,1,0,0.101261,1
8377,2,2,2,6,2,0,0,0.087257,1
8378,0,1,1,1,0,1,0,0.220948,0
8379,0,2,2,2,0,2,0,0.125202,1
8380,0,0,0,1,0,0,0,0.916944,0
8381,1,1,1,1,0,1,0,0.070337,1
8382,2,3,3,5,2,1,0,0.018687,1
8383,0,0,3,7,1,2,0,0.262864,0
8384,1,1,2,5,1,0,1,0.074495,1
8385,0,1,2,3,0,1,1,0.170729,1
8386,0,1,2,5,0,2,0,0.199430,0
8387,0,0,1,3,1,0,0,0.323471,0
8388,0,0,3,9,0,3,0,0.319756,0
8389,0,1,3,5,0,2,1,0.120338,1
8390,2,4,7,10,4,1,2,0.066881,1
8391,3,4,4,8,4,0,0,0.010345,1
8392,0,1,5,7,5,0,0,0.183815,0
8393,0,0,3,7,0,3,0,0.292168,0
8394,0,0,2,2,2,0,0,0.433182,0
8395,0,1,1,6,1,0,0,0.100978,1
8396,1,2,2,3,1,1,0,0.006998,1
8397,0,1,1,5,1,0,0,0.229086,0
8398,0,0,0,1,0,0,0,0.628330,0
8399,0,0,1,3,0,1,0,0.320235,0
8400,0,2,5,7,0,1,4,0.124157,1
8401,0,1,5,12,1,3,1,0.103261,1
8402,0,1,1,4,0,1,0,0.215512,0
8403,0,1,2,4,1,1,0,0.213059,0
8404,0,0,0,3,0,0,0,0.573599,0
8405,1,1,1,1,1,0,0,0.078561,1
8406,0,0,3,8,3,0,0,0.257583,0
8407,0,0,2,2,0,2,0,0.383210,0
8408,0,0,1,2,0,1,0,0.300877,0
8409,0,0,1,4,0,1,0,0.491417,0
8410,0,1,1,2,0,0,1,0.215535,0
8411,1,2,5,9,1,1,3,0.032450,1
8412,2,2,4,8,0,1,3,0.017389,1
8413,1,1,2,6,2,0,0,0.029926,1
8414,0,0,2,3,1,1,0,0.469161,0
8415,0,1,1,4,0,1,0,0.108689,1
8416,1,1,1,1,0,1,0,0.028001,1
8417,2,2,4,5,3,1,0,0.043146,1
8418,0,1,4,8,2,1,1,0.179936,0
8419,0,0,1,4,0,1,0,0.387591,0
8420,0,0,1,3,0,1,0,0.379695,0
8421,0,1,1,4,0,1,0,0.209296,0
8422,0,0,1,3,1,0,0,0.328372,0
8423,0,0,3,5,1,0,2,0.297840,0
8424,0,1,5,7,0,2,3,0.246230,0
8425,0,1,1,9,0,1,0,0.133106,1
8426,3,3,3,6,1,0,2,0.061731,1
8427,0,0,1,2,1,0,0,0.478615,0
8428,0,1,2,2,2,0,0,0.215145,0
8429,1,1,1,3,1,0,0,0.044607,1
8430,0,2,3,6,1,1,1,0.119658,1
8431,0,0,1,5,0,1,0,0.474024,0
8432,0,0,1,6,1,0,0,0.339230,0
8433,3,5,7,7,5,2,0,0.036722,1
8434,1,2,2,4,1,1,0,0.007184,1
8435,0,0,5,7,2,3,0,0.331730,0
8436,0,0,1,4,0,0,1,0.415609,0
8437,3,4,5,6,1,1,3,0.078127,1
8438,0,3,6,10,6,0,0,0.101205,1
8439,0,3,4,5,0,2,2,0.122559,1
8440,0,0,0,1,0,0,0,0.818745,0
8441,0,1,4,7,0,0,4,0.227352,0
8442,2,3,7,9,6,1,0,0.048624,1
8443,0,0,4,10,0,2,2,0.313417,0
8444,0,0,0,3,0,0,0,0.803132,0
8445,0,0,0,2,0,0,0,0.527765,0
8446,1,3,4,4,3,1,0,0.082770,1
8447,1,3,7,12,0,3,4,0.078916,1
8448,1,3,5,7,4,1,0,0.069291,1
8449,0,0,0,2,0,0,0,0.519120,0
8450,2,4,5,11,4,0,1,0.059901,1
8451,1,1,2,2,0,2,0,0.004854,1
8452,0,0,1,5,0,0,1,0.456695,0
8453,0,0,0,1,0,0,0,0.542240,0
8454,1,1,1,7,1,0,0,0.017149,1
8455,1,3,3,4,1,2,0,0.004416,1
8456,3,5,7,8,5,2,0,0.025196,1
8457,1,3,3,3,0,3,0,0.026304,1
8458,0,0,1,3,0,1,0,0.271015,0
8459,0,4,10,19,0,4,6,0.224704,0
8460,0,1,2,4,0,2,0,0.131453,1
8461,0,2,2,2,1,1,0,0.110485,1
8462,0,1,1,3,1,0,0,0.183762,0
8463,0,1,4,8,2,2,0,0.210945,0
8464,1,2,3,6,0,1,2,0.088333,1
8465,1,2,4,7,0,3,1,0.082190,1
8466,1,2,4,7,2,0,2,0.029200,1
8467,0,1,1,8,0,1,0,0.243420,0
8468,1,3,7,12,4,3,0,0.044172,1
8469,0,0,0,3,0,0,0,0.546933,0
8470,0,0,0,2,0,0,0,0.746916,0
8471,0,1,1,2,0,0,1,0.128800,1
8472,0,0,1,1,0,1,0,0.328775,0
8473,0,1,1,2,0,1,0,0.136454,1
8474,0,1,5,15,3,0,2,0.131276,1
8475,0,4,6,11,6,0,0,0.110637,1
8476,0,1,1,1,0,1,0,0.153298,1
8477,0,1,3,7,3,0,0,0.182360,0
8478,0,1,3,3,3,0,0,0.158979,1
8479,0,1,4,7,2,1,1,0.202246,0
8480,1,1,1,3,0,1,0,0.084153,1
8481,0,0,0,4,0,0,0,0.635905,0
8482,0,0,2,6,1,1,0,0.420539,0
8483,0,0,1,4,0,1,0,0.259089,0
8484,0,6,9,17,5,4,0,0.110846,1
8485,0,1,1,2,0,1,0,0.157676,1
8486,0,1,1,2,0,1,0,0.237420,0
8487,0,2,4,8,1,1,2,0.153638,1
8488,0,0,2,9,0,0,2,0.271997,0
8489,0,0,0,2,0,0,0,0.548606,0
8490,0,0,5,8,3,1,1,0.322266,0
8491,0,0,3,9,1,2,0,0.346533,0
8492,0,1,1,1,0,1,0,0.161742,1
8493,0,0,0,2,0,0,0,0.746294,0
8494,2,2,5,5,4,0,1,0.051432,1
8495,0,0,1,3,0,0,1,0.267028,0
8496,0,2,3,9,1,2,0,0.105780,1
8497,0,0,1,5,0,0,1,0.427553,0
8498,2,4,4,9,0,2,2,0.008987,1
8499,0,0,1,5,0,1,0,0.415788,0
8500,0,0,1,3,0,1,0,0.329983,0
8501,0,0,2,2,0,2,0,0.395012,0
8502,0,2,2,4,2,0,0,0.132810,1
8503,2,3,5,7,0,0,5,0.019713,1
8504,1,3,6,9,6,0,0,0.084415,1
8505,0,0,2,6,1,1,0,0.325862,0
8506,0,2,4,6,4,0,0,0.102039,1
8507,0,1,2,4,1,0,1,0.155852,1
8508,0,1,1,3,0,1,0,0.152906,1
8509,1,1,1,5,0,0,1,0.013183,1
8510,1,2,4,6,3,1,0,0.097215,1
8511,0,2,5,9,1,1,3,0.118731,1
8512,1,1,1,4,0,1,0,0.005729,1
8513,1,2,4,9,0,1,3,0.075670,1
8514,0,0,1,4,0,1,0,0.252169,0
8515,0,0,0,1,0,0,0,0.766448,0
8516,0,2,2,4,0,2,0,0.169957,1
8517,0,2,3,9,2,0,1,0.147590,1
8518,0,0,0,2,0,0,0,0.619478,0
8519,1,1,1,1,0,1,0,0.090276,1
8520,0,0,0,0,0,0,0,1.484475,0
8521,0,1,2,6,1,0,1,0.119265,1
8522,0,0,0,0,0,0,0,1.293966,0
8523,0,1,1,3,1,0,0,0.122157,1
8524,0,0,1,1,0,0,1,0.276529,0
8525,2,4,4,12,0,2,2,0.054375,1
8526,0,0,1,4,0,1,0,0.296778,0
8527,0,2,3,6,3,0,0,0.104242,1
8528,0,2,3,5,0,1,2,0.144915,1
8529,0,2,2,2,0,2,0,0.128668,1
8530,0,0,1,3,0,0,1,0.377870,0
8531,2,3,4,9,2,0,2,0.070612,1
8532,1,3,6,8,3,1,2,0.083439,1
8533,2,4,6,12,1,2,3,0.046005,1
8534,0,0,0,0,0,0,0,2.433325,0
8535,0,0,4,8,3,1,0,0.322410,0
8536,1,1,3,5,0,2,1,0.080799,1
8537,0,0,0,2,0,0,0,0.875535,0
8538,1,4,4,6,1,1,2,0.052143,1
8539,1,1,1,4,1,0,0,0.069110,1
8540,1,1,3,3,1,2,0,0.041074,1
8541,1,3,4,5,4,0,0,0.062669,1
8542,0,0,0,2,0,0,0,0.650493,0
8543,0,0,1,2,0,1,0,0.277452,0
8544,0,2,2,4,0,2,0,0.127145,1
8545,0,0,1,1,0,1,0,0.459493,0
8546,0,0,3,6,0,1,2,0.374386,0
8547,1,1,2,4,0,2,0,0.077454,1
8548,0,0,0,0,0,0,0,1.015198,0
8549,0,0,0,1,0,0,0,0.912648,0
8550,0,0,0,3,0,0,0,0.782646,0
8551,1,1,2,3,1,1,0,0.060934,1
8552,1,1,3,5,3,0,0,0.045031,1
8553,2,2,3,7,0,2,1,0.052990,1
8554,2,2,3,4,0,2,1,0.066074,1
8555,2,3,3,3,2,0,1,0.076994,1
8556,0,3,4,6,3,0,1,0.151095,1
8557,0,0,2,10,0,0,2,0.436183,0
8558,0,0,0,0,0,0,0,1.077201,0
8559,0,0,0,8,0,0,0,0.556485,0
8560,0,1,2,3,2,0,0,0.124760,1
8561,0,2,4,9,0,2,2,0.106150,1
8562,1,1,1,2,1,0,0,0.013043,1
8563,0,1,2,4,1,1,0,0.116474,1
8564,0,2,4,6,3,1,0,0.208391,0
8565,0,0,1,8,0,1,0,0.413284,0
8566,0,1,6,7,0,6,0,0.195007,0
8567,0,1,2,2,1,1,0,0.112054,1
8568,1,1,3,4,3,0,0,0.086360,1
8569,0,1,4,6,3,1,0,0.220235,0
8570,0,1,3,4,0,1,2,0.161621,1
8571,0,1,7,7,2,3,2,0.137727,1
8572,1,2,2,3,1,1,0,0.046451,1
8573,1,4,8,14,0,2,6,0.017505,1
8574,1,3,5,6,4,1,0,0.090335,1
8575,0,1,2,2,2,0,0,0.100719,1
8576,1,1,4,6,2,2,0,0.075802,1
8577,0,0,1,7,1,0,0,0.299813,0
8578,12,17,23,26,0,1,22,0.052403,1
8579,1,3,5,5,4,1,0,0.090598,1
8580,0,0,2,5,2,0,0,0.285810,0
8581,0,2,3,4,2,1,0,0.144359,1
8582,0,0,0,1,0,0,0,0.873010,0
8583,0,0,6,14,3,1,2,0.282628,0
8584,1,2,2,4,1,1,0,0.083669,1
8585,1,3,6,18,4,0,2,0.063212,1
8586,0,1,2,5,2,0,0,0.195321,0
8587,0,0,0,2,0,0,0,0.552681,0
8588,0,1,3,8,1,2,0,0.120397,1
8589,0,3,5,6,4,1,0,0.110527,1
8590,0,3,8,10,6,0,2,0.155883,1
8591,2,5,7,11,6,0,1,0.048183,1
8592,0,0,1,2,0,1,0,0.292325,0
8593,0,1,4,6,2,0,2,0.176123,0
8594,0,1,1,2,1,0,0,0.203111,0
8595,0,1,1,2,1,0,0,0.102918,1
8596,0,1,2,4,0,0,2,0.107857,1
8597,0,0,0,0,0,0,0,1.407294,0
8598,0,0,2,4,2,0,0,0.313274,0
8599,0,0,1,3,1,0,0,0.300493,0
8600,0,1,3,3,2,1,0,0.201012,0
8601,1,1,2,5,1,1,0,0.038515,1
8602,0,1,2,3,1,1,0,0.226487,0
8603,0,1,1,1,0,0,1,0.242652,0
8604,0,3,3,5,3,0,0,0.133510,1
8605,0,2,4,8,1,1,2,0.136557,1
8606,0,0,0,0,0,0,0,1.418015,0
8607,0,4,8,11,2,0,6,0.133801,1
8608,0,0,4,9,1,2,1,0.355275,0
8609,0,1,1,7,0,1,0,0.135270,1
8610,0,0,1,1,0,1,0,0.376864,0
8611,0,1,1,2,0,1,0,0.236430,0
8612,0,1,3,6,1,2,0,0.156374,1
8613,0,0,1,2,0,1,0,0.492411,0
8614,0,0,0,0,0,0,0,1.240154,0
8615,1,1,2,3,0,1,1,0.095132,1
8616,0,3,3,3,2,1,0,0.172062,1
8617,0,0,2,19,0,0,2,0.395212,0
8618,0,4,4,8,0,3,1,0.107333,1
8619,0,0,0,1,0,0,0,0.923733,0
8620,2,2,4,5,0,4,0,0.012895,1
8621,0,0,0,4,0,0,0,0.533356,0
8622,0,1,2,5,1,1,0,0.125422,1
8623,0,0,0,1,0,0,0,0.860389,0
8624,0,0,1,3,0,0,1,0.348718,0
8625,0,0,4,8,0,0,4,0.274623,0
8626,0,0,0,3,0,0,0,0.601520,0
8627,0,1,2,3,1,1,0,0.177074,0
8628,0,0,2,4,0,0,2,0.354231,0
8629,0,0,0,0,0,0,0,1.169015,0
8630,0,0,0,1,0,0,0,0.514074,0
8631,0,2,3,3,1,2,0,0.179919,0
8632,0,2,2,2,2,0,0,0.192928,0
8633,1,2,4,6,0,2,2,0.065927,1
8634,2,3,6,11,1,2,3,0.000775,1
8635,0,0,1,2,0,1,0,0.491396,0
8636,0,0,0,0,0,0,0,1.033237,0
8637,0,0,2,5,2,0,0,0.301199,0
8638,0,1,2,6,0,1,1,0.173861,1
8639,1,1,3,3,1,2,0,0.052326,1
8640,0,0,4,5,4,0,0,0.348877,0
8641,0,0,0,1,0,0,0,0.989593,0
8642,0,0,2,3,2,0,0,0.326796,0
8643,1,1,3,7,0,1,2,0.097793,1
8644,0,2,2,2,0,0,2,0.165860,1
8645,0,1,4,9,4,0,0,0.181328,0
8646,0,0,1,5,1,0,0,0.261060,0
8647,0,1,1,1,0,1,0,0.209981,0
8648,0,0,0,2,0,0,0,0.628833,0
8649,1,1,4,14,1,1,2,0.010658,1
8650,0,2,5,11,0,0,5,0.145739,1
8651,1,2,2,6,0,1,1,0.067382,1
8652,0,0,2,4,0,0,2,0.277956,0
8653,0,2,2,6,0,2,0,0.141023,1
8654,0,0,1,2,1,0,0,0.302428,0
8655,0,1,2,3,0,0,2,0.219243,0
8656,0,0,2,7,2,0,0,0.325406,0
8657,1,4,5,8,5,0,0,0.088139,1
8658,0,1,5,5,2,0,3,0.215680,0
8659,0,0,2,2,1,1,0,0.428524,0
8660,0,0,0,4,0,0,0,0.774895,0
8661,3,5,6,14,3,2,1,0.022527,1
8662,0,1,1,1,0,1,0,0.226888,0
8663,0,0,1,2,1,0,0,0.471377,0
8664,0,1,5,5,2,3,0,0.179338,0
8665,0,2,5,14,0,1,4,0.130893,1
8666,0,1,1,2,0,1,0,0.104377,1
8667,0,11,13,14,1,0,12,0.120031,1
8668,0,1,3,6,1,0,2,0.173201,1
8669,0,8,14,15,1,5,8,0.109698,1
8670,0,0,0,0,0,0,0,1.085594,0
8671,0,1,1,2,0,1,0,0.149011,1
8672,0,1,1,4,1,0,0,0.136885,1
8673,0,1,3,4,1,1,1,0.101010,1
8674,0,0,3,14,0,1,2,0.395045,0
8675,0,1,2,4,1,0,1,0.132202,1
8676,0,0,0,3,0,0,0,0.724073,0
8677,0,0,2,5,2,0,0,0.369320,0
8678,0,0,0,0,0,0,0,1.482372,0
8679,0,1,2,4,0,1,1,0.108491,1
8680,2,2,4,6,1,1,2,0.066175,1
8681,0,0,1,2,1,0,0,0.341874,0
8682,0,3,4,7,0,0,4,0.118686,1
8683,1,1,2,3,1,1,0,0.003086,1
8684,0,0,1,1,0,1,0,0.492453,0
8685,0,1,4,11,0,0,4,0.103101,1
8686,0,0,2,5,0,0,2,0.303948,0
8687,0,0,2,4,0,2,0,0.303600,0
8688,0,0,2,4,1,1,0,0.388150,0
8689,0,0,1,2,1,0,0,0.428413,0
8690,0,0,0,0,0,0,0,1.011254,0
8691,0,0,1,3,0,1,0,0.417561,0
8692,0,0,0,2,0,0,0,0.762415,0
8693,1,1,1,1,0,1,0,0.049109,1
8694,0,1,2,4,2,0,0,0.225795,0
8695,1,1,1,5,0,1,0,0.089393,1
8696,4,6,6,11,2,1,3,0.028500,1
8697,0,0,0,5,0,0,0,0.577524,0
8698,0,0,1,4,0,1,0,0.476396,0
8699,0,0,1,7,1,0,0,0.433784,0
8700,0,0,2,19,0,0,2,0.413793,0
8701,0,0,0,1,0,0,0,0.707655,0
8702,0,0,0,1,0,0,0,0.871519,0
8703,0,0,0,0,0,0,0,1.649715,0
8704,0,0,3,7,1,1,1,0.350013,0
8705,5,5,7,12,6,0,1,0.006294,1
8706,0,1,2,7,0,0,2,0.242833,0
8707,1,1,3,6,2,1,0,0.000969,1
8708,0,1,2,4,1,1,0,0.136758,1
8709,1,2,3,5,1,2,0,0.098793,1
8710,0,0,0,1,0,0,0,0.973375,0
8711,0,0,2,5,1,1,0,0.333933,0
8712,0,0,2,7,0,2,0,0.311823,0
8713,2,2,6,12,0,1,5,0.088611,1
8714,2,2,2,4,1,0,1,0.001506,1
8715,0,1,1,4,0,1,0,0.210069,0
8716,0,3,6,7,0,6,0,0.111453,1
8717,1,1,1,2,0,1,0,0.012656,1
8718,0,0,0,0,0,0,0,1.093135,0
8719,0,0,1,1,0,1,0,0.374930,0
8720,0,0,1,2,1,0,0,0.339445,0
8721,0,0,1,3,1,0,0,0.387390,0
8722,0,0,1,1,0,1,0,0.416124,0
8723,0,0,0,4,0,0,0,0.580871,0
8724,0,1,3,6,0,1,2,0.248093,0
8725,0,0,1,5,1,0,0,0.380088,0
8726,0,0,0,3,0,0,0,0.530145,0
8727,0,0,1,4,1,0,0,0.434239,0
8728,1,1,4,9,3,1,0,0.012377,1
8729,0,3,5,8,2,0,3,0.107220,1
8730,0,0,0,1,0,0,0,0.903446,0
8731,2,2,2,2,0,2,0,0.027801,1
8732,0,0,2,4,0,2,0,0.282199,0
8733,0,3,6,9,2,0,4,0.103938,1
8734,0,0,1,1,0,1,0,0.366589,0
8735,0,4,8,11,0,6,2,0.148889,1
8736,0,0,0,3,0,0,0,0.760745,0
8737,0,1,2,5,0,2,0,0.217595,0
8738,0,1,3,5,0,2,1,0.105460,1
8739,0,0,2,3,1,1,0,0.344717,0
8740,0,0,0,0,0,0,0,1.444118,0
8741,0,0,0,0,0,0,0,1.572745,0
8742,2,3,6,7,1,2,3,0.017968,1
8743,0,0,0,3,0,0,0,0.500297,0
8744,0,1,1,5,0,1,0,0.144407,1
8745,0,1,4,5,0,3,1,0.184046,0
8746,0,0,2,6,0,2,0,0.395149,0
8747,0,2,3,4,3,0,0,0.143225,1
8748,0,1,1,3,1,0,0,0.229346,0
8749,1,3,5,11,1,1,3,0.004744,1
8750,0,0,0,0,0,0,0,1.413867,0
8751,3,4,4,9,1,3,0,0.056310,1
8752,1,2,3,3,0,2,1,0.013828,1
8753,0,1,2,3,0,0,2,0.232505,0
8754,1,1,1,3,1,0,0,0.008973,1
8755,0,0,0,1,0,0,0,0.934517,0
8756,0,0,3,3,2,1,0,0.270490,0
8757,0,0,0,3,0,0,0,0.757171,0
8758,0,1,1,2,0,1,0,0.187194,0
8759,0,1,1,2,0,1,0,0.135573,1
8760,0,1,3,3,0,1,2,0.242214,0
8761,0,1,2,8,0,0,2,0.138296,1
8762,0,0,0,1,0,0,0,0.771336,0
8763,0,1,2,3,2,0,0,0.185015,0
8764,0,0,2,5,0,0,2,0.399366,0
8765,0,1,1,1,1,0,0,0.133753,1
8766,0,1,4,6,2,0,2,0.197199,0
8767,0,0,0,4,0,0,0,0.511087,0
8768,0,0,0,1,0,0,0,0.975423,0
8769,1,4,6,8,2,1,3,0.085539,1
8770,0,4,5,6,0,3,2,0.135922,1
8771,0,0,0,3,0,0,0,0.753515,0
8772,0,0,1,3,1,0,0,0.306737,0
8773,0,0,0,2,0,0,0,0.514837,0
8774,0,0,3,7,2,1,0,0.299660,0
8775,0,2,2,3,0,2,0,0.147667,1
8776,4,21,27,30,1,0,26,0.000272,1
8777,0,0,0,6,0,0,0,0.596054,0
8778,0,0,1,3,1,0,0,0.459124,0
8779,0,3,7,7,0,2,5,0.132145,1
8780,0,3,3,4,1,0,2,0.133780,1
8781,0,0,0,2,0,0,0,0.639479,0
8782,1,2,4,5,3,1,0,0.016558,1
8783,0,0,3,7,0,3,0,0.255681,0
8784,0,0,1,4,1,0,0,0.273668,0
8785,0,0,3,3,3,0,0,0.285310,0
8786,0,2,4,6,0,0,4,0.207100,0
8787,0,2,4,6,4,0,0,0.106574,1
8788,0,0,2,3,1,1,0,0.322295,0
8789,0,0,1,4,1,0,0,0.301451,0
8790,0,2,2,3,0,2,0,0.203310,0
8791,0,1,1,1,1,0,0,0.129092,1
8792,0,0,7,18,2,1,4,0.252908,0
8793,1,3,4,4,2,1,1,0.058245,1
8794,0,0,0,3,0,0,0,0.535355,0
8795,2,6,7,13,6,1,0,0.049739,1
8796,0,0,1,2,0,1,0,0.283818,0
8797,0,0,1,3,1,0,0,0.280169,0
8798,0,1,1,3,1,0,0,0.248631,0
8799,0,0,0,3,0,0,0,0.645831,0
8800,0,0,0,1,0,0,0,0.655772,0
8801,0,2,2,2,2,0,0,0.222917,0
8802,0,1,1,1,0,1,0,0.130547,1
8803,3,3,5,9,0,5,0,0.042123,1
8804,0,1,1,2,0,0,1,0.117534,1
8805,0,1,2,2,1,1,0,0.241542,0
8806,0,1,2,3,1,1,0,0.124795,1
8807,0,0,4,8,1,1,2,0.277825,0
8808,0,0,1,1,0,1,0,0.265600,0
8809,1,1,1,3,0,1,0,0.064329,1
8810,2,3,6,10,4,2,0,0.053035,1
8811,0,0,0,0,0,0,0,1.036888,0
8812,0,0,3,6,1,1,1,0.253665,0
8813,0,0,2,3,2,0,0,0.260659,0
8814,1,1,1,6,1,0,0,0.073835,1
8815,1,3,5,8,3,2,0,0.057481,1
8816,0,0,2,3,2,0,0,0.282030,0
8817,2,2,3,5,1,2,0,0.048082,1
8818,0,2,3,4,0,1,2,0.181965,0
8819,0,0,1,3,1,0,0,0.329262,0
8820,0,0,1,1,1,0,0,0.255441,0
8821,0,0,2,3,2,0,0,0.380252,0
8822,0,0,0,1,0,0,0,0.825794,0
8823,0,0,0,3,0,0,0,0.558415,0
8824,0,0,1,2,0,1,0,0.376040,0
8825,0,3,5,5,3,2,0,0.112317,1
8826,1,1,1,3,1,0,0,0.080678,1
8827,0,1,4,9,4,0,0,0.174226,0
8828,0,0,0,1,0,0,0,0.811159,0
8829,2,3,4,6,1,3,0,0.058350,1
8830,2,2,3,4,1,2,0,0.007158,1
8831,0,1,2,3,0,2,0,0.187346,0
8832,0,2,3,4,1,1,1,0.107433,1
8833,0,0,1,7,1,0,0,0.433289,0
8834,0,0,3,6,1,2,0,0.342684,0
8835,0,0,0,1,0,0,0,0.599791,0
8836,0,0,2,3,1,1,0,0.431542,0
8837,0,0,0,0,0,0,0,1.156596,0
8838,1,2,5,10,0,3,2,0.084715,1
8839,0,0,3,4,3,0,0,0.316965,0
8840,0,0,1,3,1,0,0,0.435851,0
8841,0,0,0,0,0,0,0,1.066607,0
8842,1,1,2,2,1,1,0,0.010260,1
8843,0,1,1,3,0,1,0,0.120908,1
8844,0,1,5,10,3,2,0,0.132142,1
8845,0,0,0,0,0,0,0,1.361758,0
8846,0,0,2,5,2,0,0,0.399267,0
8847,1,2,4,8,1,2,1,0.097338,1
8848,3,5,10,18,0,1,9,0.012010,1
8849,1,3,4,7,4,0,0,0.051661,1
8850,0,0,1,8,0,0,1,0.323184,0
8851,0,0,1,2,0,1,0,0.431779,0
8852,0,2,2,6,1,1,0,0.222687,0
8853,0,0,4,4,0,4,0,0.300984,0
8854,0,3,5,9,1,2,2,0.155112,1
8855,0,0,1,1,1,0,0,0.375161,0
8856,1,1,2,4,2,0,0,0.099829,1
8857,0,0,1,1,0,1,0,0.447592,0
8858,0,0,0,0,0,0,0,1.415913,0
8859,1,1,1,5,1,0,0,0.008897,1
8860,0,0,1,4,1,0,0,0.462282,0
8861,0,0,1,4,0,0,1,0.387928,0
8862,0,0,2,5,1,0,1,0.354153,0
8863,0,1,2,3,1,1,0,0.108301,1
8864,0,0,1,1,0,1,0,0.254111,0
8865,2,2,5,6,2,3,0,0.072559,1
8866,2,2,2,6,0,0,2,0.070485,1
8867,0,0,1,4,1,0,0,0.254248,0
8868,0,1,4,6,1,3,0,0.221060,0
8869,0,0,1,1,0,1,0,0.479552,0
8870,0,0,0,2,0,0,0,0.523687,0
8871,0,1,5,9,2,3,0,0.140792,1
8872,0,2,3,6,1,1,1,0.225148,0
8873,0,0,0,1,0,0,0,0.756484,0
8874,0,2,4,5,2,2,0,0.210676,0
8875,0,0,1,3,0,1,0,0.346797,0
8876,0,0,0,2,0,0,0,0.548238,0
8877,0,2,2,3,2,0,0,0.145316,1
8878,0,0,1,3,0,1,0,0.309822,0
8879,1,1,2,5,1,1,0,0.025124,1
8880,0,0,2,2,2,0,0,0.276362,0
8881,0,0,0,2,0,0,0,0.832199,0
8882,1,1,3,5,2,1,0,0.050900,1
8883,0,1,2,4,2,0,0,0.157553,1
8884,0,0,1,3,0,1,0,0.250878,0
8885,1,1,1,2,0,1,0,0.072493,1
8886,0,0,1,2,0,1,0,0.424080,0
8887,0,1,1,1,1,0,0,0.196741,0
8888,0,0,0,1,0,0,0,0.915932,0
8889,0,1,2,2,1,1,0,0.130102,1
8890,0,1,3,6,2,1,0,0.217814,0
8891,0,0,0,2,0,0,0,0.694353,0
8892,1,1,1,3,0,0,1,0.002086,1
8893,3,4,6,8,0,1,5,0.004866,1
8894,0,1,2,3,2,0,0,0.237155,0
8895,0,1,2,4,2,0,0,0.210821,0
8896,0,0,1,2,1,0,0,0.374482,0
8897,0,0,0,0,0,0,0,1.185850,0
8898,1,2,4,4,0,0,4,0.090436,1
8899,0,0,1,6,1,0,0,0.478430,0
8900,0,0,0,4,0,0,0,0.535039,0
8901,0,0,0,1,0,0,0,0.926706,0
8902,0,0,0,2,0,0,0,0.558510,0
8903,0,2,3,8,3,0,0,0.116187,1
8904,0,0,1,6,1,0,0,0.435971,0
8905,1,1,1,2,0,1,0,0.024619,1
8906,0,0,0,2,0,0,0,0.527111,0
8907,0,0,0,3,0,0,0,0.534988,0
8908,0,0,0,0,0,0,0,1.013253,0
8909,0,3,4,6,1,1,2,0.197633,0
8910,0,4,5,19,0,3,2,0.100221,1
8911,0,0,0,0,0,0,0,1.601689,0
8912,0,0,0,0,0,0,0,1.001794,0
8913,0,0,1,8,1,0,0,0.379874,0
8914,0,0,1,4,0,1,0,0.454897,0
8915,1,2,2,5,1,0,1,0.042763,1
8916,0,1,4,5,1,1,2,0.199250,0
8917,0,0,1,5,1,0,0,0.451013,0
8918,0,0,0,4,0,0,0,0.507495,0
8919,2,4,5,6,4,0,1,0.059425,1
8920,1,2,6,6,5,1,0,0.002043,1
8921,2,3,4,10,3,1,0,0.040505,1
8922,1,2,5,7,3,1,1,0.065724,1
8923,0,3,3,6,2,1,0,0.127126,1
8924,0,0,0,3,0,0,0,0.771713,0
8925,0,0,0,1,0,0,0,0.897536,0
8926,1,1,3,4,0,3,0,0.046899,1
8927,0,2,4,9,1,2,1,0.147781,1
8928,0,0,0,2,0,0,0,0.726300,0
8929,0,1,1,2,0,0,1,0.188952,0
8930,0,0,2,9,1,0,1,0.252068,0
8931,0,0,0,2,0,0,0,0.620755,0
8932,0,3,3,5,0,2,1,0.122626,1
8933,0,0,1,1,0,1,0,0.335847,0
8934,0,0,1,2,0,1,0,0.428809,0
8935,0,0,2,3,1,1,0,0.282393,0
8936,1,1,3,7,0,2,1,0.060287,1
8937,0,0,1,4,0,1,0,0.454828,0
8938,0,1,2,6,0,2,0,0.227055,0
8939,0,1,1,1,1,0,0,0.215793,0
8940,0,0,0,1,0,0,0,0.771140,0
8941,3,7,8,13,3,1,4,0.003816,1
8942,0,0,1,2,0,0,1,0.429325,0
8943,0,0,0,2,0,0,0,0.727937,0
8944,2,4,7,13,3,4,0,0.014550,1
8945,0,2,2,5,0,0,2,0.102654,1
8946,0,0,0,1,0,0,0,0.517860,0
8947,1,1,1,7,0,1,0,0.051314,1
8948,0,0,0,1,0,0,0,0.772306,0
8949,0,0,0,0,0,0,0,1.168076,0
8950,0,0,1,7,0,1,0,0.259963,0
8951,1,3,3,4,2,1,0,0.022870,1
8952,2,2,2,4,1,1,0,0.011006,1
8953,0,0,2,3,1,1,0,0.431378,0
8954,0,0,1,1,1,0,0,0.395387,0
8955,0,0,1,3,0,1,0,0.289197,0
8956,2,3,3,10,0,0,3,0.055738,1
8957,0,1,3,3,0,1,2,0.216996,0
8958,0,1,4,8,3,0,1,0.203581,0
8959,0,1,6,10,6,0,0,0.120808,1
8960,0,0,1,1,0,1,0,0.372336,0
8961,0,0,0,2,0,0,0,0.527493,0
8962,0,0,0,0,0,0,0,1.108234,0
8963,0,2,2,2,0,2,0,0.169318,1
8964,0,4,5,6,0,1,4,0.120781,1
8965,0,0,0,2,0,0,0,0.652663,0
8966,0,5,7,7,5,2,0,0.110995,1
8967,1,1,1,3,1,0,0,0.065998,1
8968,0,0,0,0,0,0,0,1.391428,0
8969,0,1,2,2,1,1,0,0.225490,0
8970,0,2,4,7,1,3,0,0.116979,1
8971,0,0,0,2,0,0,0,0.591671,0
8972,0,1,3,6,3,0,0,0.131140,1
8973,0,1,6,7,1,2,3,0.215742,0
8974,0,0,1,6,0,0,1,0.301623,0
8975,1,2,2,4,0,2,0,0.006781,1
8976,0,0,1,2,1,0,0,0.258128,0
8977,1,1,4,5,0,4,0,0.048617,1
8978,2,2,3,5,0,1,2,0.052368,1
8979,0,1,3,7,0,0,3,0.176254,0
8980,0,0,0,2,0,0,0,0.852747,0
8981,0,0,3,7,0,0,3,0.402106,0
8982,1,2,2,6,0,2,0,0.033615,1
8983,2,5,6,9,3,3,0,0.062176,1
8984,0,0,0,2,0,0,0,0.879987,0
8985,1,2,3,6,0,1,2,0.046718,1
8986,0,0,0,2,0,0,0,0.717696,0
8987,4,5,7,11,5,2,0,0.009260,1
8988,1,1,3,5,1,0,2,0.090384,1
8989,0,0,2,3,0,2,0,0.312711,0
8990,0,0,0,3,0,0,0,0.551736,0
8991,2,2,3,4,2,1,0,0.064484,1
8992,1,3,5,11,4,1,0,0.094716,1
8993,0,0,0,0,0,0,0,1.250795,0
8994,2,2,2,6,2,0,0,0.011857,1
8995,0,1,1,3,1,0,0,0.206833,0
8996,0,0,0,8,0,0,0,0.519341,0
8997,1,1,1,2,1,0,0,0.001512,1
8998,0,1,1,3,0,0,1,0.187819,0
8999,4,4,5,7,0,0,5,0.026222,1
9000,0,0,2,7,2,0,0,0.424921,0
9001,0,1,1,3,0,1,0,0.143962,1
9002,1,2,3,3,1,1,1,0.025452,1
9003,0,0,3,10,0,3,0,0.295189,0
9004,2,2,4,7,0,0,4,0.073983,1
9005,0,1,1,5,0,1,0,0.149802,1
9006,0,0,3,6,2,0,1,0.341815,0
9007,0,0,1,2,0,0,1,0.250799,0
9008,1,1,2,3,0,2,0,0.042574,1
9009,0,0,2,8,1,1,0,0.366150,0
9010,0,0,2,6,2,0,0,0.265694,0
9011,0,1,1,2,1,0,0,0.129797,1
9012,0,1,5,11,0,1,4,0.113147,1
9013,0,0,0,7,0,0,0,0.688360,0
9014,1,5,5,6,3,2,0,0.069728,1
9015,0,0,0,4,0,0,0,0.741482,0
9016,0,0,1,3,1,0,0,0.453588,0
9017,0,0,0,0,0,0,0,1.060310,0
9018,0,0,0,4,0,0,0,0.777806,0
9019,0,1,3,5,2,0,1,0.245891,0
9020,0,0,1,5,0,0,1,0.331492,0
9021,0,0,0,0,0,0,0,1.285621,0
9022,0,1,3,5,0,0,3,0.223077,0
9023,0,1,2,3,1,1,0,0.188747,0
9024,0,2,2,5,1,1,0,0.137685,1
9025,2,2,3,8,1,2,0,0.058126,1
9026,0,2,3,3,2,1,0,0.182858,0
9027,0,0,1,3,1,0,0,0.376795,0
9028,0,3,6,9,5,1,0,0.104041,1
9029,0,0,1,1,0,1,0,0.459006,0
9030,0,0,1,4,1,0,0,0.355385,0
9031,0,0,0,1,0,0,0,0.740395,0
9032,0,0,0,2,0,0,0,0.629644,0
9033,1,1,2,4,1,0,1,0.013750,1
9034,1,1,1,3,0,0,1,0.011297,1
9035,0,0,2,3,0,2,0,0.417500,0
9036,0,1,1,2,1,0,0,0.121100,1
9037,1,2,2,3,0,2,0,0.038039,1
9038,0,0,0,2,0,0,0,0.692089,0
9039,0,1,3,5,3,0,0,0.160707,1
9040,0,0,1,2,0,0,1,0.405831,0
9041,0,0,0,2,0,0,0,0.510201,0
9042,0,2,2,3,2,0,0,0.128927,1
9043,0,1,2,4,2,0,0,0.194299,0
9044,1,2,2,7,1,1,0,0.013392,1
9045,0,0,1,2,0,0,1,0.408262,0
9046,0,0,0,2,0,0,0,0.536199,0
9047,3,4,7,10,4,2,1,0.038817,1
9048,1,1,1,3,0,1,0,0.065391,1
9049,0,0,0,1,0,0,0,0.520431,0
9050,0,1,1,1,0,1,0,0.227960,0
9051,0,0,0,3,0,0,0,0.649767,0
9052,0,1,6,8,3,1,2,0.122136,1
9053,1,1,1,3,1,0,0,0.063749,1
9054,0,0,0,1,0,0,0,0.730430,0
9055,0,0,1,4,1,0,0,0.460832,0
9056,1,1,2,2,0,1,1,0.030409,1
9057,0,0,0,3,0,0,0,0.744211,0
9058,1,1,2,14,1,1,0,0.030165,1
9059,0,0,0,5,0,0,0,0.523006,0
9060,0,0,1,6,0,1,0,0.299550,0
9061,0,3,3,4,0,2,1,0.209520,0
9062,0,0,0,3,0,0,0,0.672983,0
9063,0,0,2,9,0,0,2,0.398572,0
9064,0,0,2,8,1,0,1,0.436238,0
9065,0,1,1,2,0,1,0,0.178832,0
9066,0,0,1,5,0,0,1,0.358837,0
9067,0,0,0,1,0,0,0,0.640780,0
9068,0,2,3,5,1,2,0,0.127085,1
9069,0,1,3,5,1,2,0,0.198124,0
9070,8,24,29,30,0,1,28,0.011907,1
9071,0,1,1,1,0,1,0,0.218972,0
9072,2,2,2,6,2,0,0,0.048463,1
9073,0,1,2,7,0,2,0,0.219384,0
9074,0,0,0,0,0,0,0,1.031893,0
9075,0,0,0,5,0,0,0,0.661135,0
9076,0,0,0,4,0,0,0,0.509908,0
9077,1,1,2,9,1,1,0,0.045953,1
9078,2,5,7,11,0,3,4,0.063187,1
9079,0,0,0,2,0,0,0,0.846740,0
9080,1,1,1,4,1,0,0,0.051744,1
9081,4,5,7,8,4,2,1,0.033666,1
9082,0,3,3,4,1,1,1,0.184418,0
9083,0,0,1,6,0,1,0,0.285438,0
9084,0,0,1,2,0,0,1,0.388909,0
9085,0,0,0,1,0,0,0,0.770614,0
9086,3,6,10,15,2,6,2,0.035385,1
9087,0,0,6,10,0,0,6,0.308149,0
9088,0,1,4,11,2,0,2,0.223035,0
9089,0,1,1,4,0,1,0,0.220331,0
9090,0,0,0,4,0,0,0,0.516578,0
9091,0,1,4,6,2,0,2,0.228467,0
9092,1,1,2,4,1,1,0,0.052241,1
9093,0,0,1,1,1,0,0,0.269651,0
9094,0,1,1,2,0,1,0,0.175535,0
9095,0,0,0,1,0,0,0,0.917991,0
9096,0,0,0,2,0,0,0,0.530201,0
9097,0,3,4,6,2,2,0,0.212985,0
9098,0,1,1,4,0,0,1,0.194825,0
9099,2,3,3,3,0,3,0,0.083088,1
9100,0,0,0,2,0,0,0,0.650013,0
9101,0,0,1,4,1,0,0,0.343819,0
9102,1,1,2,2,1,1,0,0.048891,1
9103,0,0,0,0,0,0,0,1.382151,0
9104,0,0,2,2,2,0,0,0.317758,0
9105,0,0,0,1,0,0,0,0.742168,0
9106,0,0,3,6,1,1,1,0.292090,0
9107,0,3,3,7,1,0,2,0.190630,0
9108,0,0,1,2,0,1,0,0.257765,0
9109,1,5,8,16,0,2,6,0.055710,1
9110,0,1,3,3,2,1,0,0.204688,0
9111,0,0,2,9,2,0,0,0.321685,0
9112,0,1,3,3,0,1,2,0.114998,1
9113,0,0,0,4,0,0,0,0.823384,0
9114,0,0,0,1,0,0,0,0.993427,0
9115,0,0,1,10,0,1,0,0.437201,0
9116,0,0,3,6,3,0,0,0.254482,0
9117,0,0,4,8,3,1,0,0.254762,0
9118,0,0,0,2,0,0,0,0.711150,0
9119,3,3,3,6,0,2,1,0.000964,1
9120,0,0,0,1,0,0,0,0.568688,0
9121,0,2,3,3,3,0,0,0.120549,1
9122,0,0,0,2,0,0,0,0.599009,0
9123,1,1,2,6,0,2,0,0.056582,1
9124,1,1,2,3,1,0,1,0.022688,1
9125,0,2,2,8,2,0,0,0.135981,1
9126,0,0,0,5,0,0,0,0.658438,0
9127,0,0,0,0,0,0,0,1.076122,0
9128,0,0,1,2,0,1,0,0.402424,0
9129,0,0,3,6,2,1,0,0.274768,0
9130,0,0,0,0,0,0,0,1.167043,0
9131,0,0,1,1,0,1,0,0.386614,0
9132,0,0,0,5,0,0,0,0.545586,0
9133,0,3,5,5,3,2,0,0.132376,1
9134,0,0,0,1,0,0,0,0.650991,0
9135,0,0,2,5,1,1,0,0.408465,0
9136,0,0,5,7,3,2,0,0.262809,0
9137,2,2,4,7,3,1,0,0.070439,1
9138,0,0,0,6,0,0,0,0.511868,0
9139,2,3,4,8,2,0,2,0.083696,1
9140,0,1,1,2,0,1,0,0.131324,1
9141,0,1,4,9,4,0,0,0.164277,1
9142,0,0,3,5,2,1,0,0.326603,0
9143,2,2,3,6,3,0,0,0.059020,1
9144,0,2,2,6,2,0,0,0.125208,1
9145,0,1,1,1,0,0,1,0.123331,1
9146,0,0,0,0,0,0,0,1.740582,0
9147,0,2,4,11,0,0,4,0.228198,0
9148,0,0,2,2,1,1,0,0.282775,0
9149,1,1,3,6,0,1,2,0.075657,1
9150,0,0,0,2,0,0,0,0.510570,0
9151,2,2,7,11,5,2,0,0.042662,1
9152,0,0,1,3,1,0,0,0.375229,0
9153,0,1,1,2,1,0,0,0.228907,0
9154,2,2,4,4,0,3,1,0.017710,1
9155,0,0,1,1,0,0,1,0.344957,0
9156,2,2,4,4,0,3,1,0.000663,1
9157,3,6,6,6,2,2,2,0.091243,1
9158,0,0,0,1,0,0,0,0.839430,0
9159,0,1,3,7,2,1,0,0.188310,0
9160,0,0,3,4,1,1,1,0.421400,0
9161,0,2,3,6,1,1,1,0.169871,1
9162,0,0,0,1,0,0,0,0.915341,0
9163,2,2,2,4,0,0,2,0.089574,1
9164,0,1,1,4,0,1,0,0.230389,0
9165,0,0,2,4,1,1,0,0.429191,0
9166,0,2,2,5,1,1,0,0.205743,0
9167,0,0,1,3,0,1,0,0.312192,0
9168,0,0,0,1,0,0,0,0.939946,0
9169,0,0,0,5,0,0,0,0.625486,0
9170,0,0,0,1,0,0,0,0.805507,0
9171,0,0,1,5,0,1,0,0.362128,0
9172,0,1,2,2,1,1,0,0.168123,1
9173,0,0,1,8,1,0,0,0.278916,0
9174,0,2,3,3,0,1,2,0.168114,1
9175,0,1,1,5,0,1,0,0.110338,1
9176,0,2,3,5,1,2,0,0.151191,1
9177,1,6,7,9,0,5,2,0.075219,1
9178,0,0,0,2,0,0,0,0.793864,0
9179,1,3,5,5,4,0,1,0.092325,1
9180,0,0,0,2,0,0,0,0.905577,0
9181,0,0,1,5,0,1,0,0.456420,0
9182,0,0,0,2,0,0,0,0.723607,0
9183,0,0,0,1,0,0,0,0.933410,0
9184,0,2,2,5,2,0,0,0.115121,1
9185,0,0,0,0,0,0,0,1.076967,0
9186,1,2,3,5,2,1,0,0.037821,1
9187,0,0,2,4,1,0,1,0.394012,0
9188,0,0,1,3,1,0,0,0.320858,0
9189,0,1,2,2,2,0,0,0.182755,0
9190,0,2,4,7,0,0,4,0.135406,1
9191,0,0,0,2,0,0,0,0.652539,0
9192,1,1,2,4,1,0,1,0.067125,1
9193,0,0,0,2,0,0,0,0.730494,0
9194,1,1,1,3,0,1,0,0.088239,1
9195,0,3,3,4,0,2,1,0.166339,1
9196,0,1,1,2,1,0,0,0.144102,1
9197,1,3,3,5,1,0,2,0.061463,1
9198,0,2,3,7,3,0,0,0.107959,1
9199,1,1,1,2,0,1,0,0.011986,1
9200,2,2,3,7,1,0,2,0.087599,1
9201,2,2,3,4,0,3,0,0.016254,1
9202,1,1,1,3,0,1,0,0.032311,1
9203,2,4,6,8,3,1,2,0.079072,1
9204,0,1,1,1,0,1,0,0.101813,1
9205,0,0,0,1,0,0,0,0.712683,0
9206,0,1,2,3,1,0,1,0.123820,1
9207,0,0,2,7,2,0,0,0.310650,0
9208,0,1,3,3,1,0,2,0.138181,1
9209,0,0,0,3,0,0,0,0.522862,0
9210,0,1,1,5,0,0,1,0.194081,0
9211,0,1,3,12,1,2,0,0.143003,1
9212,0,0,1,1,0,1,0,0.459015,0
9213,0,1,1,5,1,0,0,0.245172,0
9214,0,5,9,12,1,1,7,0.125023,1
9215,0,0,3,10,0,1,2,0.363715,0
9216,0,0,1,3,1,0,0,0.306600,0
9217,1,1,2,5,1,1,0,0.068394,1
9218,0,1,1,1,0,1,0,0.160095,1
9219,0,0,0,1,0,0,0,0.926711,0
9220,1,1,2,5,1,0,1,0.082062,1
9221,0,1,2,5,1,1,0,0.169946,1
9222,0,1,2,7,2,0,0,0.169235,1
9223,0,2,2,18,0,0,2,0.152085,1
9224,0,0,0,3,0,0,0,0.639083,0
9225,0,4,6,6,0,0,6,0.100015,1
9226,0,0,0,5,0,0,0,0.583372,0
9227,1,1,2,3,2,0,0,0.053355,1
9228,0,0,0,0,0,0,0,1.082834,0
9229,0,0,2,3,0,2,0,0.286290,0
9230,0,1,4,7,4,0,0,0.179614,0
9231,1,1,2,3,0,2,0,0.012809,1
9232,0,0,2,6,1,0,1,0.283413,0
9233,3,4,5,7,4,0,1,0.063322,1
9234,0,0,0,0,0,0,0,3.751844,0
9235,0,1,2,2,1,1,0,0.136265,1
9236,0,1,1,7,0,1,0,0.190759,0
9237,1,1,2,5,1,1,0,0.063579,1
9238,1,1,1,2,0,0,1,0.083281,1
9239,0,1,2,3,0,2,0,0.232342,0
9240,2,3,4,7,3,1,0,0.093109,1
9241,0,1,3,4,2,1,0,0.219420,0
9242,0,0,3,4,2,0,1,0.289648,0
9243,1,1,2,3,0,0,2,0.001653,1
9244,0,0,1,7,0,1,0,0.445599,0
9245,0,0,0,3,0,0,0,0.517658,0
9246,1,2,6,10,4,1,1,0.054411,1
9247,0,0,1,7,0,1,0,0.450709,0
9248,1,3,6,7,4,2,0,0.069456,1
9249,0,0,2,4,0,2,0,0.271994,0
9250,0,0,0,0,0,0,0,1.614658,0
9251,0,0,0,3,0,0,0,0.565868,0
9252,0,2,3,6,1,2,0,0.155851,1
9253,0,1,4,7,0,4,0,0.211208,0
9254,0,0,1,7,0,0,1,0.446002,0
9255,0,0,0,2,0,0,0,0.612965,0
9256,1,1,4,6,1,3,0,0.043397,1
9257,0,0,3,5,0,2,1,0.390441,0
9258,0,0,0,3,0,0,0,0.622258,0
9259,0,0,0,0,0,0,0,2.888530,0
9260,0,0,1,6,1,0,0,0.386732,0
9261,1,1,1,2,0,1,0,0.076828,1
9262,0,0,0,3,0,0,0,0.514948,0
9263,0,2,6,9,5,1,0,0.116939,1
9264,1,2,4,7,4,0,0,0.066868,1
9265,0,1,1,3,0,1,0,0.236473,0
9266,1,1,3,5,0,3,0,0.016624,1
9267,0,1,6,7,1,2,3,0.154300,1
9268,0,0,0,1,0,0,0,0.619070,0
9269,1,10,21,32,5,14,2,0.026727,1
9270,0,0,0,2,0,0,0,0.607223,0
9271,1,1,2,5,1,1,0,0.025964,1
9272,1,6,8,11,6,1,1,0.000726,1
9273,0,2,4,7,0,0,4,0.225682,0
9274,1,4,7,13,7,0,0,0.051247,1
9275,0,0,3,9,3,0,0,0.306659,0
9276,0,0,1,1,0,1,0,0.260825,0
9277,0,1,4,4,3,0,1,0.114613,1
9278,1,1,3,5,0,0,3,0.079351,1
9279,1,1,1,2,1,0,0,0.072562,1
9280,1,2,2,6,0,0,2,0.064513,1
9281,0,0,0,2,0,0,0,0.744208,0
9282,0,0,0,1,0,0,0,0.601663,0
9283,0,0,3,5,3,0,0,0.302702,0
9284,0,0,2,5,1,1,0,0.392061,0
9285,0,2,2,5,1,0,1,0.118579,1
9286,2,2,3,7,1,2,0,0.048984,1
9287,0,0,1,3,1,0,0,0.329445,0
9288,0,0,0,1,0,0,0,0.925830,0
9289,0,2,3,5,1,2,0,0.117197,1
9290,3,3,3,5,0,0,3,0.022334,1
9291,2,3,4,9,2,1,1,0.036135,1
9292,2,2,4,4,0,4,0,0.032189,1
9293,0,2,3,6,1,2,0,0.138060,1
9294,0,0,1,2,0,1,0,0.403677,0
9295,0,0,0,0,0,0,0,1.987737,0
9296,2,3,3,12,1,2,0,0.029699,1
9297,0,0,0,3,0,0,0,0.629344,0
9298,0,0,0,2,0,0,0,0.696964,0
9299,2,2,6,13,0,3,3,0.051119,1
9300,0,2,4,5,1,3,0,0.237576,0
9301,0,0,0,0,0,0,0,4.414953,0
9302,0,0,0,2,0,0,0,0.674242,0
9303,1,1,2,3,1,1,0,0.072053,1
9304,3,4,10,14,1,2,7,0.042060,1
9305,1,3,6,11,4,2,0,0.015275,1
9306,0,1,2,4,1,1,0,0.247712,0
9307,0,0,5,12,0,3,2,0.305547,0
9308,2,8,21,26,1,0,20,0.060923,1
9309,1,1,1,1,0,1,0,0.059227,1
9310,0,0,1,2,1,0,0,0.290279,0
9311,0,1,2,4,0,2,0,0.219368,0
9312,0,2,3,7,2,0,1,0.115962,1
9313,0,0,2,5,2,0,0,0.361387,0
9314,0,1,2,7,1,0,1,0.181638,0
9315,0,1,4,9,2,0,2,0.217939,0
9316,0,1,1,4,0,1,0,0.222493,0
9317,0,0,0,3,0,0,0,0.672267,0
9318,0,2,2,6,0,1,1,0.173684,1
9319,0,0,0,1,0,0,0,0.777738,0
9320,0,1,4,6,4,0,0,0.167015,1
9321,1,2,3,8,1,2,0,0.018166,1
9322,1,3,10,12,5,2,3,0.080938,1
9323,1,3,3,5,0,1,2,0.003031,1
9324,0,0,2,10,1,1,0,0.367248,0
9325,0,3,5,7,1,1,3,0.128769,1
9326,2,3,4,6,0,0,4,0.050493,1
9327,0,0,1,1,0,1,0,0.457428,0
9328,2,3,4,8,4,0,0,0.040771,1
9329,0,0,3,6,2,0,1,0.264768,0
9330,1,2,3,4,0,3,0,0.086780,1
9331,2,3,9,16,1,2,6,0.097441,1
9332,0,0,0,0,0,0,0,1.670679,0
9333,0,0,0,0,0,0,0,1.240936,0
9334,1,1,1,3,0,1,0,0.092307,1
9335,1,2,3,5,1,0,2,0.054834,1
9336,0,1,2,4,2,0,0,0.235399,0
9337,3,4,6,9,4,0,2,0.009744,1
9338,0,0,1,4,1,0,0,0.401596,0
9339,0,0,0,3,0,0,0,0.539523,0
9340,0,0,0,4,0,0,0,0.644615,0
9341,1,3,6,14,2,3,1,0.043277,1
9342,1,1,1,4,0,1,0,0.072710,1
9343,0,0,0,2,0,0,0,0.803572,0
9344,0,0,2,3,0,0,2,0.267122,0
9345,0,1,6,10,1,0,5,0.158320,1
9346,0,0,3,5,0,1,2,0.258468,0
9347,0,0,0,0,0,0,0,1.032367,0
9348,0,0,2,4,1,1,0,0.316085,0
9349,0,0,2,2,0,2,0,0.477133,0
9350,0,1,3,5,2,1,0,0.240754,0
9351,1,3,5,8,1,2,2,0.033008,1
9352,1,2,2,4,0,1,1,0.014360,1
9353,1,1,6,9,3,1,2,0.025846,1
9354,0,1,2,4,1,0,1,0.159845,1
9355,2,2,2,6,1,0,1,0.033711,1
9356,2,2,6,6,4,0,2,0.084924,1
9357,0,1,1,1,1,0,0,0.104534,1
9358,1,1,3,9,2,0,1,0.019226,1
9359,0,2,5,6,0,2,3,0.109267,1
9360,0,0,0,1,0,0,0,0.709175,0
9361,1,1,4,9,2,2,0,0.057586,1
9362,0,2,2,2,0,0,2,0.175502,0
9363,0,0,3,3,2,1,0,0.258264,0
9364,2,2,3,4,1,2,0,0.054822,1
9365,0,0,1,8,0,1,0,0.387361,0
9366,1,3,4,4,0,3,1,0.026354,1
9367,0,0,2,5,2,0,0,0.258861,0
9368,0,0,0,1,0,0,0,0.996607,0
9369,0,0,0,2,0,0,0,0.762093,0
9370,0,1,2,5,0,2,0,0.151775,1
9371,0,2,4,5,3,1,0,0.116982,1
9372,0,1,1,1,0,0,1,0.170061,1
9373,0,0,0,0,0,0,0,1.422962,0
9374,0,0,0,0,0,0,0,1.372443,0
9375,0,0,1,2,0,1,0,0.360312,0
9376,1,2,4,8,2,2,0,0.046824,1
9377,3,5,7,9,6,1,0,0.045607,1
9378,0,2,3,4,3,0,0,0.121132,1
9379,0,0,1,1,1,0,0,0.355730,0
9380,0,1,1,2,0,1,0,0.131642,1
9381,0,2,5,8,0,5,0,0.167911,1
9382,1,5,6,13,4,0,2,0.072049,1
9383,0,0,0,0,0,0,0,1.284249,0
9384,0,1,3,5,2,0,1,0.153988,1
9385,1,3,3,6,0,1,2,0.010353,1
9386,2,3,11,14,0,0,11,0.023382,1
9387,0,0,5,9,2,0,3,0.252257,0
9388,4,4,4,6,4,0,0,0.004140,1
9389,6,7,7,10,5,2,0,0.013105,1
9390,3,4,6,9,5,0,1,0.050396,1
9391,0,0,1,1,0,1,0,0.311528,0
9392,1,2,3,5,1,1,1,0.072680,1
9393,0,1,3,4,1,0,2,0.194704,0
9394,0,0,2,2,0,0,2,0.268969,0
9395,0,2,3,3,0,3,0,0.185840,0
9396,0,0,1,2,0,0,1,0.377066,0
9397,0,0,2,5,2,0,0,0.265288,0
9398,2,2,2,4,0,2,0,0.001941,1
9399,1,1,2,10,2,0,0,0.084730,1
9400,0,0,1,1,0,1,0,0.314525,0
9401,0,0,0,0,0,0,0,3.587157,0
9402,4,4,4,6,0,1,3,0.071438,1
9403,0,0,1,2,0,1,0,0.332916,0
9404,4,4,5,8,4,1,0,0.031598,1
9405,0,0,1,3,0,0,1,0.460329,0
9406,0,0,2,5,1,1,0,0.388396,0
9407,2,5,6,7,5,1,0,0.066797,1
9408,0,2,5,7,1,0,4,0.221963,0
9409,0,1,2,3,0,1,1,0.137459,1
9410,0,0,0,0,0,0,0,3.239749,0
9411,0,1,1,2,0,0,1,0.100275,1
9412,0,0,0,0,0,0,0,1.548217,0
9413,0,0,1,3,1,0,0,0.327579,0
9414,0,0,1,2,1,0,0,0.442860,0
9415,0,2,2,2,0,0,2,0.137846,1
9416,0,0,3,9,0,0,3,0.276064,0
9417,0,0,4,5,1,2,1,0.283094,0
9418,1,2,3,3,2,1,0,0.023835,1
9419,0,0,0,1,0,0,0,0.970367,0
9420,0,0,0,2,0,0,0,0.770825,0
9421,0,0,1,2,0,1,0,0.309114,0
9422,0,1,1,4,1,0,0,0.208359,0
9423,0,0,0,1,0,0,0,0.910512,0
9424,0,0,0,0,0,0,0,1.098667,0
9425,0,0,1,2,0,1,0,0.487626,0
9426,0,2,3,7,0,2,1,0.215779,0
9427,1,2,5,10,2,3,0,0.094354,1
9428,0,0,1,2,0,1,0,0.489359,0
9429,0,0,1,2,0,0,1,0.388061,0
9430,0,0,0,0,0,0,0,1.017836,0
9431,1,1,1,2,0,1,0,0.035251,1
9432,2,2,2,6,2,0,0,0.071733,1
9433,1,2,4,6,2,1,1,0.063595,1
9434,0,0,1,9,1,0,0,0.496400,0
9435,0,0,2,5,2,0,0,0.274003,0
9436,0,0,0,0,0,0,0,1.031230,0
9437,5,9,12,14,5,3,4,0.019299,1
9438,1,1,3,3,1,0,2,0.023593,1
9439,0,0,1,2,0,1,0,0.383782,0
9440,0,3,6,7,1,1,4,0.108108,1
9441,5,6,10,14,5,3,2,0.003278,1
9442,0,0,0,0,0,0,0,1.245139,0
9443,0,0,1,1,0,0,1,0.448626,0
9444,0,1,4,6,2,0,2,0.236609,0
9445,0,0,2,6,2,0,0,0.284116,0
9446,0,2,3,5,2,0,1,0.162266,1
9447,0,0,0,2,0,0,0,0.642069,0
9448,0,1,3,4,0,2,1,0.214109,0
9449,0,1,2,9,0,0,2,0.241173,0
9450,1,1,1,6,0,1,0,0.064485,1
9451,0,0,0,1,0,0,0,0.750958,0
9452,0,0,1,3,0,1,0,0.472319,0
9453,0,0,1,4,0,0,1,0.255554,0
9454,2,3,6,7,2,2,2,0.001572,1
9455,0,0,0,0,0,0,0,1.071935,0
9456,0,0,1,5,1,0,0,0.443837,0
9457,1,3,8,9,4,1,3,0.076282,1
9458,0,1,1,4,0,1,0,0.143483,1
9459,0,1,6,8,4,0,2,0.216677,0
9460,1,1,1,4,1,0,0,0.080792,1
9461,0,0,2,4,2,0,0,0.334612,0
9462,0,0,3,5,3,0,0,0.417446,0
9463,0,1,1,4,0,1,0,0.226829,0
9464,3,4,5,11,1,4,0,0.020543,1
9465,0,0,2,6,2,0,0,0.396230,0
9466,0,0,0,0,0,0,0,1.007198,0
9467,0,1,2,8,0,1,1,0.183183,0
9468,0,1,1,1,0,1,0,0.148215,1
9469,0,1,1,3,0,1,0,0.211212,0
9470,0,0,0,0,0,0,0,1.260612,0
9471,1,5,9,12,6,3,0,0.056264,1
9472,0,0,0,4,0,0,0,0.558922,0
9473,1,3,3,7,3,0,0,0.085079,1
9474,4,10,13,18,10,3,0,0.050020,1
9475,0,1,1,1,1,0,0,0.236605,0
9476,0,0,1,4,0,0,1,0.486944,0
9477,0,1,3,4,2,1,0,0.238691,0
9478,1,3,3,7,3,0,0,0.087167,1
9479,0,0,1,1,0,1,0,0.426504,0
9480,0,1,1,3,1,0,0,0.237492,0
9481,0,0,0,1,0,0,0,0.974452,0
9482,1,1,1,5,0,0,1,0.059681,1
9483,0,0,0,1,0,0,0,0.909973,0
9484,0,0,1,2,0,0,1,0.452196,0
9485,0,0,1,2,0,0,1,0.411384,0
9486,0,2,3,3,3,0,0,0.220513,0
9487,0,0,0,0,0,0,0,1.052248,0
9488,0,0,1,2,0,0,1,0.396934,0
9489,1,1,1,2,1,0,0,0.010459,1
9490,0,0,0,2,0,0,0,0.855522,0
9491,0,0,0,2,0,0,0,0.944912,0
9492,0,0,0,0,0,0,0,1.169721,0
9493,0,1,5,11,5,0,0,0.237776,0
9494,1,1,1,3,1,0,0,0.059360,1
9495,2,3,3,4,0,1,2,0.022453,1
9496,0,0,1,3,0,1,0,0.480018,0
9497,0,0,0,3,0,0,0,0.544840,0
9498,1,1,1,2,0,1,0,0.063830,1
9499,0,0,0,0,0,0,0,1.021092,0
9500,0,0,2,3,0,2,0,0.473181,0
9501,0,0,0,4,0,0,0,0.561436,0
9502,0,1,2,5,0,2,0,0.129877,1
9503,0,1,4,6,1,1,2,0.233504,0
9504,0,0,0,2,0,0,0,0.743474,0
9505,0,1,7,14,0,1,6,0.185558,0
9506,1,1,3,5,0,2,1,0.089283,1
9507,0,2,4,4,2,2,0,0.132238,1
9508,0,0,0,1,0,0,0,0.747212,0
9509,0,0,3,7,0,1,2,0.266795,0
9510,0,0,0,2,0,0,0,0.715467,0
9511,0,0,2,3,0,2,0,0.255268,0
9512,0,0,4,7,0,2,2,0.337480,0
9513,0,2,3,3,2,0,1,0.214071,0
9514,0,0,3,5,0,1,2,0.351987,0
9515,1,2,4,7,1,3,0,0.040906,1
9516,0,1,5,9,0,1,4,0.204742,0
9517,1,2,2,2,0,2,0,0.003089,1
9518,0,1,4,8,0,0,4,0.182767,0
9519,0,0,5,11,3,1,1,0.331759,0
9520,0,0,0,0,0,0,0,1.231920,0
9521,0,1,3,4,2,1,0,0.220976,0
9522,1,1,1,2,1,0,0,0.011092,1
9523,0,0,2,6,1,1,0,0.265382,0
9524,2,5,8,12,6,1,1,0.059087,1
9525,0,1,2,7,0,2,0,0.124064,1
9526,0,1,1,4,0,0,1,0.156508,1
9527,2,2,2,5,0,1,1,0.088469,1
9528,0,3,4,8,4,0,0,0.108391,1
9529,0,2,3,6,1,1,1,0.182489,0
9530,1,7,11,16,1,2,8,0.093668,1
9531,1,1,1,2,0,1,0,0.069193,1
9532,0,0,8,17,2,0,6,0.276368,0
9533,0,2,2,5,0,0,2,0.187087,0
9534,0,0,0,0,0,0,0,1.278952,0
9535,0,0,0,0,0,0,0,1.105448,0
9536,0,0,0,2,0,0,0,0.564787,0
9537,1,1,1,2,0,1,0,0.072592,1
9538,0,1,1,3,0,1,0,0.128151,1
9539,0,5,9,14,7,2,0,0.149894,1
9540,0,1,1,1,0,1,0,0.114337,1
9541,0,0,0,0,0,0,0,1.997828,0
9542,0,0,2,4,0,2,0,0.257143,0
9543,0,2,5,9,2,3,0,0.196180,0
9544,2,5,6,8,0,1,5,0.059325,1
9545,0,0,1,1,0,1,0,0.358857,0
9546,0,1,4,10,4,0,0,0.189228,0
9547,0,0,0,1,0,0,0,0.598409,0
9548,3,6,8,10,5,3,0,0.033726,1
9549,1,1,2,6,1,1,0,0.081683,1
9550,0,1,2,4,0,0,2,0.168891,1
9551,0,0,1,1,0,1,0,0.380194,0
9552,0,0,2,2,0,2,0,0.267449,0
9553,1,4,6,7,0,1,5,0.034074,1
9554,0,1,7,10,3,2,2,0.196533,0
9555,0,0,1,2,1,0,0,0.291454,0
9556,0,0,0,1,0,0,0,0.829428,0
9557,0,0,0,0,0,0,0,1.084709,0
9558,0,0,1,4,1,0,0,0.491025,0
9559,0,1,2,3,0,2,0,0.200422,0
9560,0,1,1,2,0,1,0,0.108539,1
9561,0,2,5,5,0,1,4,0.107774,1
9562,0,0,1,2,0,0,1,0.475394,0
9563,0,0,0,2,0,0,0,0.675604,0
9564,0,1,1,3,0,0,1,0.183883,0
9565,0,0,0,27,0,0,0,0.515273,0
9566,0,0,0,2,0,0,0,0.716990,0
9567,1,4,9,14,8,1,0,0.095701,1
9568,0,2,4,8,0,3,1,0.173948,1
9569,0,0,2,4,0,2,0,0.315974,0
9570,0,0,2,7,0,0,2,0.339607,0
9571,0,0,4,8,0,4,0,0.302662,0
9572,0,2,2,5,0,1,1,0.211308,0
9573,0,0,0,3,0,0,0,0.557247,0
9574,1,1,3,6,1,1,1,0.032566,1
9575,1,1,3,5,3,0,0,0.093005,1
9576,2,3,5,9,4,1,0,0.002893,1
9577,0,0,0,1,0,0,0,0.530724,0
9578,0,0,0,5,0,0,0,0.647832,0
9579,0,0,0,2,0,0,0,0.581336,0
9580,0,1,2,2,0,2,0,0.162042,1
9581,0,2,4,5,2,2,0,0.161062,1
9582,0,2,3,6,1,1,1,0.194399,0
9583,0,0,1,1,0,1,0,0.457817,0
9584,0,1,1,3,0,1,0,0.217910,0
9585,0,0,0,0,0,0,0,1.011655,0
9586,0,0,1,2,1,0,0,0.399281,0
9587,0,1,2,6,2,0,0,0.197464,0
9588,0,0,1,1,0,1,0,0.471027,0
9589,1,2,5,6,4,1,0,0.077733,1
9590,0,0,0,2,0,0,0,0.557378,0
9591,0,0,0,3,0,0,0,0.651853,0
9592,0,2,4,5,2,0,2,0.123845,1
9593,0,0,3,3,1,2,0,0.398358,0
9594,2,2,6,16,2,0,4,0.038787,1
9595,0,1,2,4,0,2,0,0.109374,1
9596,1,1,3,4,1,2,0,0.028452,1
9597,0,0,1,2,0,1,0,0.374399,0
9598,0,1,2,4,2,0,0,0.208036,0
9599,1,1,1,7,0,1,0,0.000993,1
9600,0,0,0,4,0,0,0,0.716301,0
9601,0,0,2,2,2,0,0,0.258271,0
9602,1,2,6,7,4,2,0,0.075168,1
9603,1,1,1,8,1,0,0,0.008630,1
9604,0,1,1,4,1,0,0,0.203207,0
9605,1,1,1,3,1,0,0,0.074629,1
9606,1,2,3,5,2,1,0,0.010468,1
9607,0,0,0,1,0,0,0,0.734494,0
9608,0,0,0,0,0,0,0,1.668425,0
9609,0,1,1,1,0,0,1,0.208297,0
9610,0,0,0,1,0,0,0,0.623588,0
9611,0,0,1,2,0,1,0,0.446719,0
9612,0,1,2,4,0,2,0,0.153226,1
9613,0,0,1,1,1,0,0,0.463625,0
9614,0,1,4,8,1,3,0,0.208177,0
9615,1,4,10,23,2,3,5,0.088278,1
9616,0,0,0,1,0,0,0,0.952144,0
9617,0,1,2,8,1,1,0,0.212982,0
9618,0,0,0,0,0,0,0,1.214325,0
9619,0,0,0,2,0,0,0,0.704152,0
9620,0,0,2,10,0,1,1,0.264178,0
9621,0,0,0,0,0,0,0,1.162852,0
9622,1,2,3,7,0,3,0,0.046703,1
9623,3,3,6,9,6,0,0,0.030565,1
9624,0,3,3,4,1,1,1,0.103055,1
9625,2,3,4,11,1,0,3,0.074837,1
9626,0,3,6,9,1,3,2,0.189103,0
9627,0,0,0,1,0,0,0,0.585517,0
9628,0,1,1,5,0,0,1,0.241493,0
9629,0,0,1,1,0,1,0,0.320258,0
9630,0,0,0,0,0,0,0,1.505994,0
9631,0,0,3,5,3,0,0,0.326567,0
9632,1,1,2,3,1,0,1,0.017923,1
9633,0,0,3,6,3,0,0,0.322697,0
9634,1,1,2,3,0,2,0,0.068311,1
9635,0,0,0,5,0,0,0,0.684360,0
9636,0,1,2,2,2,0,0,0.114267,1
9637,1,1,1,3,0,0,1,0.089750,1
9638,1,2,3,8,0,3,0,0.001209,1
9639,0,2,3,7,3,0,0,0.111735,1
9640,1,1,2,4,2,0,0,0.006062,1
9641,0,0,3,4,0,1,2,0.482119,0
9642,0,0,3,4,0,0,3,0.342369,0
9643,2,3,7,8,6,1,0,0.041203,1
9644,0,1,3,6,0,2,1,0.105478,1
9645,0,0,0,1,0,0,0,0.527955,0
9646,0,2,3,8,0,2,1,0.152426,1
9647,0,0,3,6,2,0,1,0.315789,0
9648,1,3,4,6,1,3,0,0.045812,1
9649,2,5,5,5,5,0,0,0.066113,1
9650,0,0,1,1,0,1,0,0.418206,0
9651,1,1,3,3,0,3,0,0.009936,1
9652,0,0,2,8,0,1,1,0.419949,0
9653,0,0,0,1,0,0,0,0.852065,0
9654,1,1,3,10,2,1,0,0.050318,1
9655,0,0,0,2,0,0,0,0.594511,0
9656,0,1,2,2,1,1,0,0.129419,1
9657,1,3,6,12,0,2,4,0.020661,1
9658,0,1,3,9,1,2,0,0.207241,0
9659,1,1,1,6,0,1,0,0.065508,1
9660,1,3,3,6,3,0,0,0.022491,1
9661,0,0,1,1,0,1,0,0.253474,0
9662,0,1,3,3,1,2,0,0.130190,1
9663,0,0,2,5,1,0,1,0.342051,0
9664,0,0,0,0,0,0,0,1.415032,0
9665,0,0,1,1,0,1,0,0.328868,0
9666,4,4,9,9,4,5,0,0.028311,1
9667,0,2,4,6,3,0,1,0.103106,1
9668,0,2,3,5,0,0,3,0.188739,0
9669,0,0,0,4,0,0,0,0.624135,0
9670,0,1,2,2,1,1,0,0.177878,0
9671,1,1,1,3,1,0,0,0.095542,1
9672,1,2,3,5,1,2,0,0.007975,1
9673,0,1,8,10,3,2,3,0.232055,0
9674,0,1,2,3,1,0,1,0.189725,0
9675,0,0,0,2,0,0,0,0.545262,0
9676,0,1,1,5,0,1,0,0.127078,1
9677,2,3,6,12,5,1,0,0.025651,1
9678,0,0,2,3,1,1,0,0.336088,0
9679,2,3,3,5,0,1,2,0.051696,1
9680,0,0,0,1,0,0,0,0.796375,0
9681,0,0,0,3,0,0,0,0.530535,0
9682,2,2,2,3,1,1,0,0.017761,1
9683,0,0,2,6,0,1,1,0.422672,0
9684,2,2,7,9,0,1,6,0.062865,1
9685,1,1,1,6,1,0,0,0.047106,1
9686,0,3,4,7,1,2,1,0.152192,1
9687,0,0,0,2,0,0,0,0.639488,0
9688,0,1,1,6,0,1,0,0.154850,1
9689,2,5,5,6,5,0,0,0.041792,1
9690,0,0,0,3,0,0,0,0.516748,0
9691,0,0,1,6,0,1,0,0.360047,0
9692,0,1,3,6,0,1,2,0.246844,0
9693,0,6,8,19,1,0,7,0.100435,1
9694,0,2,3,5,2,1,0,0.184617,0
9695,0,2,4,7,0,1,3,0.192147,0
9696,0,1,3,7,2,1,0,0.246456,0
9697,1,1,1,2,0,0,1,0.098057,1
9698,1,3,6,12,6,0,0,0.075804,1
9699,2,4,5,5,2,1,2,0.008426,1
9700,0,0,1,7,0,1,0,0.359195,0
9701,0,0,3,6,1,1,1,0.320928,0
9702,0,2,4,10,2,0,2,0.119986,1
9703,0,0,0,5,0,0,0,0.554465,0
9704,0,2,2,3,0,2,0,0.151697,1
9705,0,0,0,2,0,0,0,0.802830,0
9706,1,1,3,4,0,2,1,0.092941,1
9707,0,0,2,5,2,0,0,0.309824,0
9708,1,2,3,5,3,0,0,0.068342,1
9709,0,2,3,7,1,1,1,0.127107,1
9710,0,2,2,4,0,0,2,0.163692,1
9711,0,1,1,5,0,1,0,0.223859,0
9712,0,0,1,2,0,1,0,0.395342,0
9713,0,0,0,2,0,0,0,0.519207,0
9714,0,0,0,0,0,0,0,1.228073,0
9715,0,0,0,3,0,0,0,0.663549,0
9716,0,0,1,1,0,1,0,0.486828,0
9717,1,1,3,9,2,0,1,0.076841,1
9718,0,0,1,1,0,1,0,0.327541,0
9719,0,2,2,5,2,0,0,0.160676,1
9720,0,2,2,4,0,2,0,0.197344,0
9721,0,0,2,5,2,0,0,0.255487,0
9722,0,1,1,2,0,1,0,0.113246,1
9723,0,1,1,5,1,0,0,0.219836,0
9724,1,2,2,5,1,1,0,0.075385,1
9725,0,0,1,1,0,1,0,0.428023,0
9726,0,1,2,3,0,0,2,0.222238,0
9727,0,0,1,1,0,1,0,0.416384,0
9728,0,1,2,7,1,1,0,0.249197,0
9729,0,3,4,8,2,0,2,0.134031,1
9730,0,0,0,1,0,0,0,0.758072,0
9731,2,7,11,12,9,1,1,0.000354,1
9732,2,3,6,9,2,3,1,0.004103,1
9733,0,0,1,5,1,0,0,0.400297,0
9734,0,0,0,2,0,0,0,0.748808,0
9735,0,1,2,2,0,1,1,0.148083,1
9736,0,0,1,2,1,0,0,0.394712,0
9737,1,4,6,7,0,2,4,0.095981,1
9738,1,1,1,1,0,1,0,0.081117,1
9739,0,1,2,3,0,2,0,0.107353,1
9740,0,0,0,0,0,0,0,1.367874,0
9741,0,0,1,3,0,1,0,0.424449,0
9742,1,1,3,4,2,1,0,0.036747,1
9743,0,0,1,3,0,1,0,0.268121,0
9744,0,0,0,0,0,0,0,1.206270,0
9745,0,0,1,3,1,0,0,0.411624,0
9746,0,2,6,10,0,1,5,0.166873,1
9747,0,0,1,3,0,0,1,0.318824,0
9748,0,0,0,2,0,0,0,0.802442,0
9749,0,0,2,2,0,2,0,0.294947,0
9750,0,2,2,2,0,2,0,0.123260,1
9751,0,0,1,3,0,1,0,0.441683,0
9752,0,1,3,3,1,2,0,0.210738,0
9753,0,1,2,3,0,2,0,0.193622,0
9754,0,0,0,0,0,0,0,1.184927,0
9755,1,1,3,6,1,2,0,0.066453,1
9756,0,0,0,1,0,0,0,0.693294,0
9757,2,2,2,3,2,0,0,0.033158,1
9758,0,2,4,8,2,2,0,0.164904,1
9759,0,0,0,3,0,0,0,0.553778,0
9760,1,1,2,7,0,0,2,0.092723,1
9761,1,2,3,4,3,0,0,0.074125,1
9762,4,5,5,5,0,1,4,0.013236,1
9763,0,0,0,4,0,0,0,0.665163,0
9764,0,0,1,5,1,0,0,0.467300,0
9765,0,1,1,1,1,0,0,0.113110,1
9766,0,0,0,1,0,0,0,0.928116,0
9767,1,1,7,10,1,1,5,0.041708,1
9768,0,0,1,5,0,1,0,0.497879,0
9769,1,1,1,2,0,1,0,0.079292,1
9770,1,1,1,5,0,0,1,0.051997,1
9771,0,0,0,0,0,0,0,1.183310,0
9772,0,1,1,1,0,1,0,0.154586,1
9773,0,1,1,5,0,1,0,0.132464,1
9774,1,1,2,2,1,1,0,0.005363,1
9775,0,1,3,5,1,1,1,0.162900,1
9776,0,1,1,5,0,1,0,0.225968,0
9777,0,1,1,3,0,1,0,0.224416,0
9778,0,1,1,6,0,1,0,0.122947,1
9779,1,1,1,2,0,1,0,0.088558,1
9780,0,0,1,3,0,0,1,0.479376,0
9781,0,0,1,1,0,0,1,0.277403,0
9782,0,1,1,6,0,1,0,0.211372,0
9783,3,3,4,9,3,1,0,0.063311,1
9784,0,0,0,0,0,0,0,1.015334,0
9785,1,2,5,9,2,2,1,0.065236,1
9786,0,0,1,5,1,0,0,0.362850,0
9787,0,0,1,1,0,1,0,0.427431,0
9788,1,1,3,7,1,1,1,0.060597,1
9789,0,0,0,2,0,0,0,0.869266,0
9790,0,0,2,5,0,0,2,0.303199,0
9791,1,1,1,3,0,1,0,0.024418,1
9792,0,1,2,3,1,1,0,0.183137,0
9793,4,6,6,7,0,3,3,0.004608,1
9794,0,0,0,1,0,0,0,0.868987,0
9795,0,0,0,0,0,0,0,1.116770,0
9796,0,1,2,3,1,1,0,0.194452,0
9797,0,1,1,2,1,0,0,0.146264,1
9798,1,2,3,4,1,2,0,0.043718,1
9799,0,2,3,5,1,2,0,0.130752,1
9800,0,0,5,6,2,3,0,0.271186,0
9801,3,4,8,17,5,3,0,0.022362,1
9802,0,0,2,4,2,0,0,0.281446,0
9803,0,0,0,2,0,0,0,0.775893,0
9804,0,0,1,8,1,0,0,0.389540,0
9805,2,2,4,6,2,2,0,0.078562,1
9806,1,5,7,13,1,5,1,0.074899,1
9807,0,0,4,7,4,0,0,0.370511,0
9808,0,0,0,2,0,0,0,0.548876,0
9809,0,1,3,8,1,2,0,0.234683,0
9810,0,0,0,1,0,0,0,0.945351,0
9811,1,1,1,3,1,0,0,0.043508,1
9812,0,0,2,2,2,0,0,0.256486,0
9813,0,0,1,3,1,0,0,0.407348,0
9814,0,1,1,3,0,1,0,0.201655,0
9815,0,0,0,4,0,0,0,0.598501,0
9816,0,0,0,2,0,0,0,0.538093,0
9817,1,1,1,4,1,0,0,0.019921,1
9818,0,0,0,3,0,0,0,0.535820,0
9819,0,2,2,4,0,0,2,0.109278,1
9820,0,0,1,5,1,0,0,0.449349,0
9821,2,6,6,8,6,0,0,0.016996,1
9822,1,3,3,8,3,0,0,0.085158,1
9823,0,2,2,5,0,0,2,0.134991,1
9824,0,1,3,4,2,0,1,0.245496,0
9825,0,1,2,4,2,0,0,0.173763,1
9826,0,0,0,6,0,0,0,0.520520,0
9827,0,2,2,5,0,2,0,0.127112,1
9828,0,1,2,5,0,1,1,0.198962,0
9829,1,3,6,6,4,1,1,0.053976,1
9830,1,1,3,4,0,3,0,0.098725,1
9831,0,1,2,4,0,1,1,0.209288,0
9832,0,3,6,10,0,2,4,0.122232,1
9833,0,0,0,0,0,0,0,1.158975,0
9834,0,2,2,3,2,0,0,0.144912,1
9835,0,0,0,1,0,0,0,0.697536,0
9836,1,2,4,7,4,0,0,0.067562,1
9837,0,1,1,5,0,1,0,0.190845,0
9838,0,1,2,2,0,0,2,0.244369,0
9839,0,1,2,5,0,0,2,0.129505,1
9840,0,0,1,2,1,0,0,0.360728,0
9841,0,2,2,5,2,0,0,0.145604,1
9842,0,0,0,1,0,0,0,0.940977,0
9843,0,0,0,2,0,0,0,0.588733,0
9844,3,3,5,6,0,5,0,0.034774,1
9845,0,0,1,1,0,1,0,0.279259,0
9846,0,1,1,2,0,1,0,0.202751,0
9847,1,3,6,10,5,1,0,0.080419,1
9848,1,2,4,5,3,0,1,0.046186,1
9849,0,0,0,3,0,0,0,0.651315,0
9850,3,3,5,8,4,1,0,0.030426,1
9851,0,0,2,4,0,2,0,0.391030,0
9852,1,6,11,14,9,2,0,0.081406,1
9853,0,1,2,3,0,1,1,0.190610,0
9854,1,2,3,8,2,1,0,0.019671,1
9855,0,0,4,5,1,3,0,0.294163,0
9856,0,1,2,5,1,1,0,0.126438,1
9857,3,4,6,8,5,1,0,0.011275,1
9858,0,0,1,4,0,0,1,0.421266,0
9859,1,1,1,1,0,0,1,0.091689,1
9860,1,2,3,6,0,2,1,0.036771,1
9861,0,0,1,4,0,1,0,0.427254,0
9862,0,1,2,5,1,1,0,0.175614,0
9863,0,3,7,12,3,2,2,0.207352,0
9864,0,0,0,2,0,0,0,0.574897,0
9865,1,2,3,5,1,1,1,0.016356,1
9866,0,0,2,7,2,0,0,0.354365,0
9867,0,1,1,3,1,0,0,0.117527,1
9868,1,5,8,19,0,4,4,0.051738,1
9869,0,1,2,4,1,0,1,0.105922,1
9870,0,0,1,4,0,0,1,0.318716,0
9871,1,1,1,2,0,1,0,0.044545,1
9872,0,0,0,0,0,0,0,1.104051,0
9873,3,3,4,5,0,2,2,0.056632,1
9874,0,0,0,2,0,0,0,0.551239,0
9875,1,3,4,12,2,2,0,0.068378,1
9876,1,2,3,3,2,0,1,0.028984,1
9877,1,2,3,5,2,1,0,0.065512,1
9878,0,0,2,7,2,0,0,0.267306,0
9879,2,2,4,12,3,1,0,0.019524,1
9880,4,6,8,12,1,3,4,0.050444,1
9881,0,1,4,8,3,0,1,0.135676,1
9882,0,0,2,3,0,1,1,0.386524,0
9883,0,0,0,6,0,0,0,0.514891,0
9884,2,3,3,6,1,1,1,0.013547,1
9885,0,2,3,4,1,2,0,0.210151,0
9886,2,2,2,4,1,1,0,0.047312,1
9887,0,0,2,3,1,0,1,0.393216,0
9888,2,3,4,4,0,4,0,0.045003,1
9889,0,0,1,2,0,1,0,0.385477,0
9890,1,2,2,6,2,0,0,0.026209,1
9891,0,0,1,2,0,1,0,0.410886,0
9892,0,0,2,3,2,0,0,0.262265,0
9893,0,0,0,2,0,0,0,0.563369,0
9894,0,0,1,9,1,0,0,0.403209,0
9895,0,0,1,5,0,1,0,0.285523,0
9896,0,2,3,5,3,0,0,0.120606,1
9897,0,0,0,3,0,0,0,0.551093,0
9898,0,0,2,4,1,1,0,0.319058,0
9899,1,2,2,3,0,1,1,0.035379,1
9900,0,0,0,0,0,0,0,1.117999,0
9901,1,2,3,3,2,1,0,0.059956,1
9902,1,2,2,4,0,2,0,0.079389,1
9903,0,0,2,3,0,0,2,0.421501,0
9904,0,0,0,3,0,0,0,0.839172,0
9905,1,1,1,2,0,1,0,0.091527,1
9906,0,1,2,4,0,0,2,0.234725,0
9907,2,5,5,6,4,0,1,0.020850,1
9908,2,5,6,11,4,2,0,0.020904,1
9909,0,1,3,7,2,1,0,0.120158,1
9910,0,0,0,2,0,0,0,0.873692,0
9911,1,2,2,5,0,2,0,0.011836,1
9912,2,4,4,5,4,0,0,0.035607,1
9913,1,1,1,8,0,1,0,0.079550,1
9914,0,2,2,5,1,0,1,0.139489,1
9915,0,0,1,5,1,0,0,0.445265,0
9916,4,4,6,11,6,0,0,0.001917,1
9917,0,1,1,5,1,0,0,0.232197,0
9918,0,0,0,0,0,0,0,1.003819,0
9919,1,2,3,6,3,0,0,0.024220,1
9920,1,1,1,2,1,0,0,0.070200,1
9921,0,0,1,4,0,1,0,0.279176,0
9922,0,0,0,2,0,0,0,0.811074,0
9923,0,1,2,2,1,0,1,0.227648,0
9924,0,3,4,11,3,1,0,0.106561,1
9925,1,1,2,4,1,1,0,0.029439,1
9926,0,1,3,9,2,1,0,0.117849,1
9927,1,2,4,7,1,2,1,0.067450,1
9928,0,1,1,5,0,1,0,0.239483,0
9929,0,1,5,6,2,3,0,0.215718,0
9930,0,1,2,6,0,1,1,0.249803,0
9931,0,0,2,3,1,1,0,0.341448,0
9932,0,1,3,4,1,2,0,0.117034,1
9933,0,2,3,7,2,1,0,0.141079,1
9934,0,2,3,5,3,0,0,0.191648,0
9935,0,0,0,0,0,0,0,1.019760,0
9936,0,0,2,6,0,2,0,0.285922,0
9937,0,0,0,4,0,0,0,0.526607,0
9938,0,5,6,9,5,1,0,0.128474,1
9939,0,0,0,5,0,0,0,0.555478,0
9940,0,0,0,0,0,0,0,1.159965,0
9941,1,2,5,9,1,3,1,0.004443,1
9942,0,0,0,0,0,0,0,1.187077,0
9943,2,3,4,6,0,1,3,0.002948,1
9944,0,1,1,4,1,0,0,0.235196,0
9945,0,0,0,5,0,0,0,0.554108,0
9946,0,0,0,0,0,0,0,1.317618,0
9947,4,5,6,13,0,2,4,0.009977,1
9948,1,1,3,4,0,0,3,0.044799,1
9949,0,0,2,3,1,1,0,0.354181,0
9950,1,1,2,5,2,0,0,0.023876,1
9951,0,0,2,2,1,1,0,0.365794,0
9952,0,0,0,1,0,0,0,0.523931,0
9953,1,3,5,8,3,1,1,0.009901,1
9954,0,0,1,3,1,0,0,0.454494,0
9955,0,0,0,1,0,0,0,0.818042,0
9956,0,1,3,6,3,0,0,0.139375,1
9957,1,1,2,4,2,0,0,0.049089,1
9958,0,0,0,2,0,0,0,0.612681,0
9959,0,1,1,2,0,0,1,0.150790,1
9960,1,3,4,6,4,0,0,0.084900,1
9961,0,0,0,1,0,0,0,0.869552,0
9962,0,0,1,6,0,1,0,0.382745,0
9963,1,1,1,2,1,0,0,0.029732,1
9964,3,3,3,4,2,1,0,0.060687,1
9965,0,0,1,2,0,1,0,0.262029,0
9966,0,2,3,8,3,0,0,0.107286,1
9967,0,1,3,3,1,2,0,0.149040,1
9968,0,0,3,6,0,2,1,0.311980,0
9969,0,3,4,7,3,1,0,0.136110,1
9970,0,0,1,2,1,0,0,0.497389,0
9971,0,3,4,7,3,1,0,0.118619,1
9972,0,2,4,10,1,2,1,0.116287,1
9973,0,0,3,3,1,2,0,0.448599,0
9974,0,0,1,3,0,0,1,0.280972,0
9975,0,0,0,1,0,0,0,0.696678,0
9976,0,2,3,5,2,1,0,0.123118,1
9977,0,0,0,2,0,0,0,0.778717,0
9978,0,2,5,9,5,0,0,0.109908,1
9979,0,1,3,19,0,0,3,0.220301,0
9980,0,1,1,3,0,1,0,0.186593,0
9981,0,0,0,2,0,0,0,0.905720,0
9982,0,0,0,0,0,0,0,1.092449,0
9983,0,0,0,1,0,0,0,0.529915,0
9984,1,1,1,4,0,1,0,0.019232,1
9985,1,3,6,14,3,1,2,0.015630,1
9986,2,2,3,5,2,1,0,0.081567,1
9987,1,1,2,4,1,1,0,0.030137,1
9988,0,0,2,4,0,1,1,0.365590,0
9989,1,1,2,2,0,2,0,0.056472,1
9990,0,1,1,2,1,0,0,0.119716,1
9991,0,1,4,6,0,2,2,0.209466,0
9992,0,3,5,6,0,1,4,0.115936,1
9993,0,2,3,4,0,2,1,0.193867,0
9994,0,2,3,7,1,2,0,0.104933,1
9995,1,1,3,7,2,1,0,0.053716,1
9996,0,0,1,5,0,1,0,0.342414,0
9997,1,3,3,6,3,0,0,0.090019,1
9998,2,2,3,5,1,2,0,0.074251,1
9999,1,1,2,4,1,1,0,0.065284,1
